feature,origin,family,target,rho,p,q
n_instances,base,simples,tfidf_word_lr,-0.29674303003166985,0.03638409089505348,0.11642909086417112
n_instances,base,simples,tfidf_char_svm,-0.5038648094921168,0.0001912056000267531,0.002429435859163451
n_instances,base,simples,tfidf_nb,0.031129011142876827,0.8300792418172834,0.9300960199467156
n_instances,base,simples,svd_rf,-0.07709374335651262,0.5946289498204596,0.7577572457889042
n_instances,base,simples,svd_histgb,-0.041170660474969235,0.7765041686707969,0.8966447480648921
n_instances,base,simples,svd_knn,-0.0065368821707966936,0.9640642022222196,0.9754911379344553
n_instances,base,simples,minilm_lr,0.3004317792165376,0.03401572768214062,0.11391313456344765
n_instances,base,simples,minilm_mlp,-0.02005340030463886,0.8900615909538712,0.9564840977414735
n_instances,base,simples,hatebert_lr,0.3438533343955997,0.01448618056109142,0.05961484369100873
n_instances,base,simples,mbert_lr,0.2735640702689667,0.05456676073292185,0.14115473435103137
n_instances,base,simples,best_f1,-0.430760291004022,0.001791707462396205,0.01373933586810876
n_instances,base,simples,paradigm_gap,0.3874404082590288,0.005439112160539364,0.02830959582353018
n_classes,base,simples,tfidf_word_lr,-0.0267090798791776,0.8539211776816378,0.938760354875315
n_classes,base,simples,tfidf_char_svm,-0.30645554349995846,0.03042321900172366,0.10772811974380837
n_classes,base,simples,tfidf_nb,-0.2628282262708564,0.06517760408421085,0.1637018893277854
n_classes,base,simples,svd_rf,0.11801057999671932,0.4143784970791573,0.6104695849876569
n_classes,base,simples,svd_histgb,-0.1079887024308335,0.45538420838173754,0.6408012313384711
n_classes,base,simples,svd_knn,0.16390628114889147,0.2553750062302968,0.4377857249662231
n_classes,base,simples,minilm_lr,0.12526170311179072,0.38607777538865495,0.5771127991968822
n_classes,base,simples,minilm_mlp,0.0283124425471082,0.8452562327802742,0.9362838270796884
n_classes,base,simples,hatebert_lr,0.08724762282524214,0.5468543333883551,0.7115694940474981
n_classes,base,simples,mbert_lr,0.23278884887748075,0.1037648881061684,0.22238411299602173
n_classes,base,simples,best_f1,-0.28518616305529093,0.04469987952182815,0.12788309902933614
n_classes,base,simples,paradigm_gap,0.12169542189256834,0.399851128882431,0.5956403023352076
log_instances,base,simples,tfidf_word_lr,-0.29674303003166985,0.03638409089505348,0.11642909086417112
log_instances,base,simples,tfidf_char_svm,-0.5038648094921168,0.0001912056000267531,0.002429435859163451
log_instances,base,simples,tfidf_nb,0.031129011142876827,0.8300792418172834,0.9300960199467156
log_instances,base,simples,svd_rf,-0.07709374335651262,0.5946289498204596,0.7577572457889042
log_instances,base,simples,svd_histgb,-0.041170660474969235,0.7765041686707969,0.8966447480648921
log_instances,base,simples,svd_knn,-0.0065368821707966936,0.9640642022222196,0.9754911379344553
log_instances,base,simples,minilm_lr,0.3004317792165376,0.03401572768214062,0.11391313456344765
log_instances,base,simples,minilm_mlp,-0.02005340030463886,0.8900615909538712,0.9564840977414735
log_instances,base,simples,hatebert_lr,0.3438533343955997,0.01448618056109142,0.05961484369100873
log_instances,base,simples,mbert_lr,0.2735640702689667,0.05456676073292185,0.14115473435103137
log_instances,base,simples,best_f1,-0.430760291004022,0.001791707462396205,0.01373933586810876
log_instances,base,simples,paradigm_gap,0.3874404082590288,0.005439112160539364,0.02830959582353018
instances_per_class,base,simples,tfidf_word_lr,-0.28078325850587693,0.048250755021237525,0.13192611499477602
instances_per_class,base,simples,tfidf_char_svm,-0.27747973766644823,0.051062923317616735,0.1361677955136446
instances_per_class,base,simples,tfidf_nb,0.18605947327965572,0.1957713976977191,0.3598861438528283
instances_per_class,base,simples,svd_rf,-0.1625385222450334,0.2594168844632493,0.44295689362894736
instances_per_class,base,simples,svd_histgb,0.0014500850124654471,0.9920258324635567,0.9920258324635567
instances_per_class,base,simples,svd_knn,-0.11511150329299503,0.4260174312846864,0.6136767753420095
instances_per_class,base,simples,minilm_lr,0.21930245548579855,0.12597336208512483,0.2603851311998752
instances_per_class,base,simples,minilm_mlp,-0.0218973631528636,0.8800234661875798,0.9516232715660928
instances_per_class,base,simples,hatebert_lr,0.2781796335844992,0.05045629390546696,0.1353858320941722
instances_per_class,base,simples,mbert_lr,0.12918678463176236,0.3712477171886366,0.5608638414360273
instances_per_class,base,simples,best_f1,-0.21748036263803855,0.12922966196542746,0.2620995960988951
instances_per_class,base,simples,paradigm_gap,0.29952094586533434,0.03458832334351552,0.11461061690875589
majority_pct,base,balanceamento,tfidf_word_lr,0.07897845975101152,0.5856230149952046,0.7529438764224059
majority_pct,base,balanceamento,tfidf_char_svm,-0.00876493602256776,0.9518283075203321,0.974383480684321
majority_pct,base,balanceamento,tfidf_nb,0.7019485361219749,1.3487061776982805e-08,5.826410687656572e-06
majority_pct,base,balanceamento,svd_rf,0.28246792441374147,0.04686592529245637,0.13146805017104643
majority_pct,base,balanceamento,svd_histgb,0.5798787214068384,1.0184007550773222e-05,0.0002932994174622688
majority_pct,base,balanceamento,svd_knn,-0.3011610052827851,0.033562974659311545,0.11391313456344765
majority_pct,base,balanceamento,minilm_lr,-0.049588694044789064,0.7323608919712178,0.8527760251524692
majority_pct,base,balanceamento,minilm_mlp,-0.12925176019177287,0.37100513886096376,0.5608638414360273
majority_pct,base,balanceamento,hatebert_lr,-0.4577005891762218,0.0008317254303214981,0.008039171849097417
majority_pct,base,balanceamento,mbert_lr,-0.5692630708560004,1.603046398793681e-05,0.00036033488282973794
majority_pct,base,balanceamento,best_f1,0.21624619460663805,0.13147096381498405,0.26416491333987496
majority_pct,base,balanceamento,paradigm_gap,-0.0947368858790139,0.5128400778315771,0.6880338932398798
minority_pct,base,balanceamento,tfidf_word_lr,-0.09736444856197958,0.5011648033640872,0.6808276574002694
minority_pct,base,balanceamento,tfidf_char_svm,0.23485686737838996,0.10064423713578613,0.22033905670032436
minority_pct,base,balanceamento,tfidf_nb,-0.493453695279479,0.0002713085358822013,0.003280238485641075
minority_pct,base,balanceamento,svd_rf,-0.4349571243348387,0.00159629052350764,0.013011273701043404
minority_pct,base,balanceamento,svd_histgb,-0.5328445916371115,6.788147369714279e-05,0.0010977561145667785
minority_pct,base,balanceamento,svd_knn,0.1847270840883641,0.19904911278300258,0.36282369925003
minority_pct,base,balanceamento,minilm_lr,-0.06857503136977222,0.6360762629005212,0.7907023812512505
minority_pct,base,balanceamento,minilm_mlp,0.14793612994849317,0.30523898102070085,0.49386981198854973
minority_pct,base,balanceamento,hatebert_lr,0.4190726819304088,0.0024527011525215035,0.017089788675633703
minority_pct,base,balanceamento,mbert_lr,0.44775044954879,0.0011123597598436188,0.009806926862294762
minority_pct,base,balanceamento,best_f1,-0.0057729875559206145,0.9682613420956936,0.9754911379344553
minority_pct,base,balanceamento,paradigm_gap,0.03011575175005254,0.8355323930522608,0.9302834891715893
imbalance_ratio,base,balanceamento,tfidf_word_lr,0.0987230746887644,0.4951818498919406,0.6748219531650421
imbalance_ratio,base,balanceamento,tfidf_char_svm,-0.15786788723133346,0.2735412218547984,0.4591485980912383
imbalance_ratio,base,balanceamento,tfidf_nb,0.6113524155816055,2.4051640836415374e-06,0.00017976106161805857
imbalance_ratio,base,balanceamento,svd_rf,0.3984088147020289,0.00416211427824043,0.023658333792103494
imbalance_ratio,base,balanceamento,svd_histgb,0.5941997316371319,5.381874674898353e-06,0.00019374748829634073
imbalance_ratio,base,balanceamento,svd_knn,-0.2504724994626714,0.07936255160203452,0.185322282659886
imbalance_ratio,base,balanceamento,minilm_lr,0.03198147469488402,0.8254975800612259,0.9300960199467156
imbalance_ratio,base,balanceamento,minilm_mlp,-0.1567466674293866,0.2770062128470954,0.4620335287642673
imbalance_ratio,base,balanceamento,hatebert_lr,-0.47211827991909266,0.0005372001015692859,0.005801761096948288
imbalance_ratio,base,balanceamento,mbert_lr,-0.5225402116909937,9.916206803056859e-05,0.0014771728754898491
imbalance_ratio,base,balanceamento,best_f1,0.08887290816351938,0.5393818300180326,0.710405337096921
imbalance_ratio,base,balanceamento,paradigm_gap,-0.06839705155039918,0.6369546960079517,0.7907023812512505
class_entropy,base,balanceamento,tfidf_word_lr,-0.09078603344827815,0.5306498924284127,0.7045706448650898
class_entropy,base,balanceamento,tfidf_char_svm,-0.05159922788426896,0.7219375795201164,0.8517767410530243
class_entropy,base,balanceamento,tfidf_nb,-0.6763367679908326,7.015063120007854e-08,1.5152536339216966e-05
class_entropy,base,balanceamento,svd_rf,-0.27530441616909906,0.05298621035067082,0.13957343214323045
class_entropy,base,balanceamento,svd_histgb,-0.5536805593473251,3.0346593948149714e-05,0.0006242727897905084
class_entropy,base,balanceamento,svd_knn,0.2949239430432008,0.03760119330871435,0.11706462182786298
class_entropy,base,balanceamento,minilm_lr,0.0665493205937089,0.6461033314148716,0.7974761119177844
class_entropy,base,balanceamento,minilm_mlp,0.14102060833647106,0.3286493756784431,0.5144077184532153
class_entropy,base,balanceamento,hatebert_lr,0.4303314135287382,0.0018128290381532392,0.01373933586810876
class_entropy,base,balanceamento,mbert_lr,0.5920846354691601,5.924869991296701e-06,0.00019667520631454447
class_entropy,base,balanceamento,best_f1,-0.24172085189526177,0.09080353665147986,0.20865493528425158
class_entropy,base,balanceamento,paradigm_gap,0.11867345065209808,0.41174309044838864,0.6091541612113147
vocab_size,base,lexical,tfidf_word_lr,-0.4005805922527855,0.003943149163485478,0.022751618672969133
vocab_size,base,lexical,tfidf_char_svm,-0.051265128024515855,0.7236662694556708,0.8517767410530243
vocab_size,base,lexical,tfidf_nb,-0.21154848275772165,0.1402695890681288,0.2718766644614303
vocab_size,base,lexical,svd_rf,-0.21401487712230136,0.13559700586006168,0.2662632115070302
vocab_size,base,lexical,svd_histgb,-0.14161718404983176,0.3265865646534123,0.5130378033828149
vocab_size,base,lexical,svd_knn,-0.23790100059649166,0.0961830124717773,0.213082366091322
vocab_size,base,lexical,minilm_lr,0.15223738530266134,0.291232987735887,0.47914166126073393
vocab_size,base,lexical,minilm_mlp,0.24098475247642118,0.09182152590345719,0.2087731536331237
vocab_size,base,lexical,hatebert_lr,0.4148324803527627,0.0027412347874968363,0.018151503477456237
vocab_size,base,lexical,mbert_lr,0.4005117263113762,0.003949933797390474,0.022751618672969133
vocab_size,base,lexical,best_f1,-0.29097022933208183,0.040362407094318375,0.12025213699824511
vocab_size,base,lexical,paradigm_gap,0.3558117297609875,0.011215141474869683,0.049947846568491786
log_vocab_size,base,lexical,tfidf_word_lr,-0.4005805922527855,0.003943149163485478,0.022751618672969133
log_vocab_size,base,lexical,tfidf_char_svm,-0.051265128024515855,0.7236662694556708,0.8517767410530243
log_vocab_size,base,lexical,tfidf_nb,-0.21154848275772165,0.1402695890681288,0.2718766644614303
log_vocab_size,base,lexical,svd_rf,-0.21401487712230136,0.13559700586006168,0.2662632115070302
log_vocab_size,base,lexical,svd_histgb,-0.14161718404983176,0.3265865646534123,0.5130378033828149
log_vocab_size,base,lexical,svd_knn,-0.23790100059649166,0.0961830124717773,0.213082366091322
log_vocab_size,base,lexical,minilm_lr,0.15223738530266134,0.291232987735887,0.47914166126073393
log_vocab_size,base,lexical,minilm_mlp,0.24098475247642118,0.09182152590345719,0.2087731536331237
log_vocab_size,base,lexical,hatebert_lr,0.4148324803527627,0.0027412347874968363,0.018151503477456237
log_vocab_size,base,lexical,mbert_lr,0.4005117263113762,0.003949933797390474,0.022751618672969133
log_vocab_size,base,lexical,best_f1,-0.29097022933208183,0.040362407094318375,0.12025213699824511
log_vocab_size,base,lexical,paradigm_gap,0.3558117297609875,0.011215141474869683,0.049947846568491786
vocab_per_instance,base,lexical,tfidf_word_lr,0.07715900921417625,0.5943160613813485,0.7577572457889042
vocab_per_instance,base,lexical,tfidf_char_svm,0.5095338062436677,0.00015728237275906856,0.0021233120322474257
vocab_per_instance,base,lexical,tfidf_nb,-0.2171271380976199,0.12986817649932547,0.2621637955500402
vocab_per_instance,base,lexical,svd_rf,-0.021818240623006663,0.8804538199869636,0.9516232715660928
vocab_per_instance,base,lexical,svd_histgb,0.06327472389603622,0.6624440855699101,0.8129995595630715
vocab_per_instance,base,lexical,svd_knn,-0.2178677528074119,0.1285321049503817,0.26191447801209855
vocab_per_instance,base,lexical,minilm_lr,-0.2887689221705721,0.04197054408183447,0.12418681536542803
vocab_per_instance,base,lexical,minilm_mlp,0.18475069729012789,0.19899068770599299,0.36282369925003
vocab_per_instance,base,lexical,hatebert_lr,-0.06969224740562661,0.6305735122291579,0.7873056568872723
vocab_per_instance,base,lexical,mbert_lr,-0.026556921545045024,0.854744380600425,0.938760354875315
vocab_per_instance,base,lexical,best_f1,0.1683957781509209,0.24240705387850398,0.4205616356446334
vocab_per_instance,base,lexical,paradigm_gap,-0.169260331489973,0.23996224201712563,0.4186339161002636
type_token_ratio,base,lexical,tfidf_word_lr,0.009693834913963766,0.9467301209247274,0.9715123237980767
type_token_ratio,base,lexical,tfidf_char_svm,0.36504136046028324,0.00914526701102627,0.04202931222088669
type_token_ratio,base,lexical,tfidf_nb,-0.3845357338677253,0.0058299409860460725,0.02894867248243567
type_token_ratio,base,lexical,svd_rf,-0.10006972834057663,0.48928829003105423,0.6689004471310614
type_token_ratio,base,lexical,svd_histgb,0.00569008516703066,0.9687168939210216,0.9754911379344553
type_token_ratio,base,lexical,svd_knn,-0.3467730459885029,0.013620436373789188,0.0587684703492476
type_token_ratio,base,lexical,minilm_lr,-0.13041818447084014,0.366666656427423,0.5608638414360273
type_token_ratio,base,lexical,minilm_mlp,0.36521322690166635,0.009110089452522473,0.04202931222088669
type_token_ratio,base,lexical,hatebert_lr,0.09499048437557377,0.5117072902716374,0.6880338932398798
type_token_ratio,base,lexical,mbert_lr,0.014835584057942974,0.9185537368416586,0.9625740771815124
type_token_ratio,base,lexical,best_f1,0.3045148983105644,0.03154442811272923,0.10989671729595989
type_token_ratio,base,lexical,paradigm_gap,0.03727185506135614,0.7971980049792634,0.9110834342620153
hapax_ratio,base,lexical,tfidf_word_lr,-0.19519858485845218,0.17431758391705196,0.3259965205721492
hapax_ratio,base,lexical,tfidf_char_svm,0.28304684584964346,0.04639758299279031,0.13146805017104643
hapax_ratio,base,lexical,tfidf_nb,-0.33838948838067207,0.016232897125544196,0.0661567128135386
hapax_ratio,base,lexical,svd_rf,-0.1677307891490018,0.24429903476000664,0.42214873206529147
hapax_ratio,base,lexical,svd_histgb,-0.08779337414367049,0.5443396309644896,0.7104372222859803
hapax_ratio,base,lexical,svd_knn,-0.38634489347310497,0.00558373954869554,0.028716374821862782
hapax_ratio,base,lexical,minilm_lr,0.014910615602611296,0.918143218161405,0.9625740771815124
hapax_ratio,base,lexical,minilm_mlp,0.4567283742459354,0.000856022928376114,0.008039171849097417
hapax_ratio,base,lexical,hatebert_lr,0.19935792145043293,0.16513811612493917,0.3101724615911901
hapax_ratio,base,lexical,mbert_lr,0.1576495370388684,0.27421374608226734,0.4591485980912383
hapax_ratio,base,lexical,best_f1,0.13976945648008554,0.3330020496001791,0.5193389365605682
hapax_ratio,base,lexical,paradigm_gap,0.23679155341815178,0.09779082812726475,0.2155389681172366
mean_doc_len_words,base,lexical,tfidf_word_lr,0.014981381230671276,0.9177560588715421,0.9625740771815124
mean_doc_len_words,base,lexical,tfidf_char_svm,0.3638042676025488,0.009401955790600387,0.04275415685830913
mean_doc_len_words,base,lexical,tfidf_nb,-0.023195461676419168,0.8729679923429219,0.9499299060255473
mean_doc_len_words,base,lexical,svd_rf,-0.014120569212193077,0.9224668239656161,0.9625740771815124
mean_doc_len_words,base,lexical,svd_histgb,-0.028694635498974358,0.8431934060267962,0.9362838270796884
mean_doc_len_words,base,lexical,svd_knn,0.0880226282485616,0.5432849411019931,0.7104372222859803
mean_doc_len_words,base,lexical,minilm_lr,-0.3076557019338798,0.029746562209465435,0.1062026022685047
mean_doc_len_words,base,lexical,minilm_mlp,-0.12065928096821557,0.40390579611910016,0.5996127282592827
mean_doc_len_words,base,lexical,hatebert_lr,0.007765288954095747,0.9573169176579384,0.9754911379344553
mean_doc_len_words,base,lexical,mbert_lr,0.09482512983812474,0.5124457614247434,0.6880338932398798
mean_doc_len_words,base,lexical,best_f1,-0.10509126143588561,0.46763830683398966,0.649581185055574
mean_doc_len_words,base,lexical,paradigm_gap,-0.2344860778473463,0.10119836604144887,0.22033905670032436
std_doc_len_words,base,lexical,tfidf_word_lr,0.2333374606058147,0.10292986666909114,0.22232851200523687
std_doc_len_words,base,lexical,tfidf_char_svm,0.3353511318746563,0.01727953404622289,0.06911813618489156
std_doc_len_words,base,lexical,tfidf_nb,-0.09654988583876585,0.5047695733923034,0.6835750962554078
std_doc_len_words,base,lexical,svd_rf,0.1361065976841944,0.3459508838599734,0.5356658846864104
std_doc_len_words,base,lexical,svd_histgb,0.1891403846294097,0.18833939754521095,0.34919579287352415
std_doc_len_words,base,lexical,svd_knn,0.05117134527852597,0.7241517633531893,0.8517767410530243
std_doc_len_words,base,lexical,minilm_lr,-0.29458406225559053,0.037832275973427074,0.11706462182786298
std_doc_len_words,base,lexical,minilm_mlp,-0.14423136437507275,0.317643694040675,0.5063545233415927
std_doc_len_words,base,lexical,hatebert_lr,-0.10949545808228092,0.44908158626195316,0.6339975335462869
std_doc_len_words,base,lexical,mbert_lr,-0.18354437466727794,0.2019909849746356,0.36663909877748985
std_doc_len_words,base,lexical,best_f1,0.11296830296947119,0.434739167229903,0.6198261394168915
std_doc_len_words,base,lexical,paradigm_gap,-0.32074928878832,0.023144187685595154,0.08770429017699216
mean_doc_len_chars,base,lexical,tfidf_word_lr,-0.026290855296962335,0.8561842125483197,0.938760354875315
mean_doc_len_chars,base,lexical,tfidf_char_svm,0.3876554178996691,0.0054111146379486825,0.02830959582353018
mean_doc_len_chars,base,lexical,tfidf_nb,-0.05182277197326561,0.7207816908221365,0.8517767410530243
mean_doc_len_chars,base,lexical,svd_rf,-0.03878253557932196,0.7891624690787756,0.9042922722600293
mean_doc_len_chars,base,lexical,svd_histgb,-0.014188581468003492,0.9220945311993118,0.9625740771815124
mean_doc_len_chars,base,lexical,svd_knn,-0.031632745583003725,0.8273711776574865,0.9300960199467156
mean_doc_len_chars,base,lexical,minilm_lr,-0.2566613965729491,0.07198071945901177,0.1737188313200731
mean_doc_len_chars,base,lexical,minilm_mlp,-0.05158640039692383,0.7220039258246483,0.8517767410530243
mean_doc_len_chars,base,lexical,hatebert_lr,0.03281933444749901,0.8210000085191371,0.9300960199467156
mean_doc_len_chars,base,lexical,mbert_lr,0.11365773902242261,0.43192267888716396,0.6178496598650822
mean_doc_len_chars,base,lexical,best_f1,-0.11681076225414709,0.4191731580074013,0.6104695849876569
mean_doc_len_chars,base,lexical,paradigm_gap,-0.17483189745275302,0.22461060181031184,0.396048081559407
mean_word_len,base,lexical,tfidf_word_lr,-0.21497792478391362,0.13380446508047988,0.26515380236131797
mean_word_len,base,lexical,tfidf_char_svm,0.11178371062488544,0.4396023674896272,0.6246981011694702
mean_word_len,base,lexical,tfidf_nb,-0.25128416816120763,0.07836179218591695,0.1839798599147615
mean_word_len,base,lexical,svd_rf,-0.2580435964019867,0.07040895255600343,0.1716121390188979
mean_word_len,base,lexical,svd_histgb,-0.07118711700383852,0.6232416280532035,0.7826755329040229
mean_word_len,base,lexical,svd_knn,-0.45950334651026287,0.0007883041478420966,0.008039171849097417
mean_word_len,base,lexical,minilm_lr,0.0735590369728824,0.611682156312141,0.7749169839496917
mean_word_len,base,lexical,minilm_mlp,0.3287509628082707,0.019751887907086572,0.07618585335590534
mean_word_len,base,lexical,hatebert_lr,0.31256508997618104,0.027107678110444434,0.09933921729306171
mean_word_len,base,lexical,mbert_lr,0.238914207399237,0.09473263415309695,0.213082366091322
mean_word_len,base,lexical,best_f1,0.03631124024018717,0.8023185632278309,0.9145161459483456
mean_word_len,base,lexical,paradigm_gap,0.2876080774579905,0.042839501083069456,0.12504503018841895
pct_docs_with_mention,base,redes sociais,tfidf_word_lr,-0.40894024019783404,0.003191906407383133,0.01969862239985019
pct_docs_with_mention,base,redes sociais,tfidf_char_svm,-0.0069636282792264045,0.9617199024080291,0.9754911379344553
pct_docs_with_mention,base,redes sociais,tfidf_nb,-0.3342292878438583,0.017680201974554232,0.06948508180274235
pct_docs_with_mention,base,redes sociais,svd_rf,-0.3520600785723223,0.012165062958155184,0.05362558365227592
pct_docs_with_mention,base,redes sociais,svd_histgb,-0.26197423664239256,0.06608784758348941,0.16502861361888688
pct_docs_with_mention,base,redes sociais,svd_knn,-0.43257799598979996,0.0017045985307793143,0.013636788246234514
pct_docs_with_mention,base,redes sociais,minilm_lr,0.2662617698518119,0.06161846544623814,0.15658339454573458
pct_docs_with_mention,base,redes sociais,minilm_mlp,0.29576338521831286,0.03703544122081225,0.11706462182786298
pct_docs_with_mention,base,redes sociais,hatebert_lr,0.543665677157833,4.4983782614694085e-05,0.0008097080870644934
pct_docs_with_mention,base,redes sociais,mbert_lr,0.45496429383362724,0.0009017427954863825,0.008288359311704623
pct_docs_with_mention,base,redes sociais,best_f1,-0.28650106992125574,0.0436818218162626,0.1258036468308363
pct_docs_with_mention,base,redes sociais,paradigm_gap,0.4195523024603676,0.002421821649484572,0.017089788675633703
mean_mentions_per_doc,base,redes sociais,tfidf_word_lr,-0.40372475356411086,0.00364409769992448,0.022172538117850357
mean_mentions_per_doc,base,redes sociais,tfidf_char_svm,-0.010708037981691162,0.9411661675257053,0.9715123237980767
mean_mentions_per_doc,base,redes sociais,tfidf_nb,-0.2826314495717887,0.046733246291498484,0.13146805017104643
mean_mentions_per_doc,base,redes sociais,svd_rf,-0.34384171061680924,0.014489718952675734,0.05961484369100873
mean_mentions_per_doc,base,redes sociais,svd_histgb,-0.23264469354462688,0.10398516394721387,0.22238411299602173
mean_mentions_per_doc,base,redes sociais,svd_knn,-0.42461485020163,0.0021162850516454,0.015237252371846881
mean_mentions_per_doc,base,redes sociais,minilm_lr,0.23877234579429216,0.09493467737346557,0.213082366091322
mean_mentions_per_doc,base,redes sociais,minilm_mlp,0.2696142777482675,0.05829532981220934,0.14990227665996686
mean_mentions_per_doc,base,redes sociais,hatebert_lr,0.5271376057389222,8.386234197936679e-05,0.0012938761333959447
mean_mentions_per_doc,base,redes sociais,mbert_lr,0.4453386075849542,0.0011920199409001663,0.010299052289377436
mean_mentions_per_doc,base,redes sociais,best_f1,-0.2992587725319677,0.0347546083681644,0.11461061690875589
mean_mentions_per_doc,base,redes sociais,paradigm_gap,0.39757419504935154,0.0042490617614291525,0.023838891960225896
pct_docs_with_url,base,redes sociais,tfidf_word_lr,-0.336177703659253,0.016989279806208745,0.06859223248861848
pct_docs_with_url,base,redes sociais,tfidf_char_svm,-0.0572752624815318,0.6927850841789045,0.8383281690904391
pct_docs_with_url,base,redes sociais,tfidf_nb,-0.05228576360829638,0.7183896471892268,0.8517767410530243
pct_docs_with_url,base,redes sociais,svd_rf,-0.1158200837550699,0.4231557691900716,0.6134338667453387
pct_docs_with_url,base,redes sociais,svd_histgb,-0.025427029863745804,0.8608620238697308,0.9391222078578881
pct_docs_with_url,base,redes sociais,svd_knn,-0.36916979948914647,0.00833197378187283,0.03955398542603365
pct_docs_with_url,base,redes sociais,minilm_lr,0.2577764816330593,0.07071055728093478,0.1716121390188979
pct_docs_with_url,base,redes sociais,minilm_mlp,0.16913100618972668,0.24032687776126244,0.4186339161002636
pct_docs_with_url,base,redes sociais,hatebert_lr,0.2760838160241249,0.0522904852743733,0.13858582600324704
pct_docs_with_url,base,redes sociais,mbert_lr,0.2531991255332879,0.07604011907333551,0.1814880190037621
pct_docs_with_url,base,redes sociais,best_f1,-0.2872084199881716,0.04314205310265967,0.12508299959965757
pct_docs_with_url,base,redes sociais,paradigm_gap,0.29753645849084326,0.03586350685600677,0.11642909086417112
pct_docs_with_hashtag,base,redes sociais,tfidf_word_lr,-0.21542512504105157,0.13297814247789938,0.2648196323948946
pct_docs_with_hashtag,base,redes sociais,tfidf_char_svm,-0.303502624026564,0.03214275546182647,0.11108536287607226
pct_docs_with_hashtag,base,redes sociais,tfidf_nb,0.05868221050589539,0.6856246166900954,0.831993916882363
pct_docs_with_hashtag,base,redes sociais,svd_rf,0.13507192686065492,0.349664130830709,0.5394818018530939
pct_docs_with_hashtag,base,redes sociais,svd_histgb,0.07212550969677266,0.6186574424983944,0.7804169484715857
pct_docs_with_hashtag,base,redes sociais,svd_knn,-0.02169344573544457,0.8811326588574934,0.9516232715660928
pct_docs_with_hashtag,base,redes sociais,minilm_lr,0.12916940026280113,0.3713126357655181,0.5608638414360273
pct_docs_with_hashtag,base,redes sociais,minilm_mlp,0.04691983085073704,0.7462711169978504,0.8666374261910521
pct_docs_with_hashtag,base,redes sociais,hatebert_lr,0.08122979333504048,0.5749463771646619,0.7414233878660715
pct_docs_with_hashtag,base,redes sociais,mbert_lr,0.16120388674091246,0.2634020200734435,0.4453434884644113
pct_docs_with_hashtag,base,redes sociais,best_f1,-0.2817409056585287,0.047459524682816535,0.13192611499477602
pct_docs_with_hashtag,base,redes sociais,paradigm_gap,0.21540089019144806,0.1330228246057688,0.2648196323948946
mean_hashtags_per_doc,base,redes sociais,tfidf_word_lr,-0.21860790334032834,0.1272072315617265,0.26044324187045426
mean_hashtags_per_doc,base,redes sociais,tfidf_char_svm,-0.3045419318299978,0.031528577028844186,0.10989671729595989
mean_hashtags_per_doc,base,redes sociais,tfidf_nb,0.07617919987691925,0.5990209690101506,0.7611089959187795
mean_hashtags_per_doc,base,redes sociais,svd_rf,0.16665164038334931,0.2473906722002905,0.42578792984273106
mean_hashtags_per_doc,base,redes sociais,svd_histgb,0.10070215932265278,0.4865331671205567,0.6672454863367635
mean_hashtags_per_doc,base,redes sociais,svd_knn,-0.012788496516790013,0.9297616842457321,0.9656124289828666
mean_hashtags_per_doc,base,redes sociais,minilm_lr,0.10635286967953168,0.46228098125824646,0.646295740788228
mean_hashtags_per_doc,base,redes sociais,minilm_mlp,0.027402003020107504,0.8501743036805723,0.938760354875315
mean_hashtags_per_doc,base,redes sociais,hatebert_lr,0.08525953353356172,0.5560618279883669,0.721377506579503
mean_hashtags_per_doc,base,redes sociais,mbert_lr,0.13003240643546596,0.3680981442830856,0.5608638414360273
mean_hashtags_per_doc,base,redes sociais,best_f1,-0.28039585103645903,0.04857387307588835,0.1319742966590174
mean_hashtags_per_doc,base,redes sociais,paradigm_gap,0.21150983932046066,0.14034374114559944,0.2718766644614303
pct_docs_with_emoji,base,redes sociais,tfidf_word_lr,-0.4273660505967269,0.0019650298206998636,0.014423686618604376
pct_docs_with_emoji,base,redes sociais,tfidf_char_svm,0.040326221533393,0.7809737526028462,0.8972889923522062
pct_docs_with_emoji,base,redes sociais,tfidf_nb,-0.38257735596653136,0.006107077479043683,0.02998019853348717
pct_docs_with_emoji,base,redes sociais,svd_rf,-0.26462380021056203,0.06329641012042905,0.15990672030424183
pct_docs_with_emoji,base,redes sociais,svd_histgb,-0.34548878651458126,0.013995630304378155,0.05927561070089571
pct_docs_with_emoji,base,redes sociais,svd_knn,-0.2513543515198177,0.07827572784986903,0.1839798599147615
pct_docs_with_emoji,base,redes sociais,minilm_lr,0.2242147817032436,0.11750290480656385,0.24641385862347367
pct_docs_with_emoji,base,redes sociais,minilm_mlp,0.32976473994223254,0.019353747099579263,0.07532269141457874
pct_docs_with_emoji,base,redes sociais,hatebert_lr,0.5698404438199748,1.564606259055811e-05,0.00036033488282973794
pct_docs_with_emoji,base,redes sociais,mbert_lr,0.37390806143902766,0.0074764364073167675,0.03588689475512048
pct_docs_with_emoji,base,redes sociais,best_f1,-0.14165486505745245,0.3264565471616887,0.5130378033828149
pct_docs_with_emoji,base,redes sociais,paradigm_gap,0.39684452270437676,0.004326378635818971,0.023961481675305072
uppercase_char_ratio,base,redes sociais,tfidf_word_lr,0.10288707698128603,0.47707761933985404,0.6569073008178073
uppercase_char_ratio,base,redes sociais,tfidf_char_svm,0.3105106788810524,0.028187124694431846,0.10232636863860972
uppercase_char_ratio,base,redes sociais,tfidf_nb,-0.11507517818096362,0.4261644273208399,0.6136767753420095
uppercase_char_ratio,base,redes sociais,svd_rf,-0.009685703352012,0.9467747414791443,0.9715123237980767
uppercase_char_ratio,base,redes sociais,svd_histgb,0.1615102309757346,0.26248369932799753,0.4453434884644113
uppercase_char_ratio,base,redes sociais,svd_knn,-0.14449668964340998,0.3167448137729799,0.5063545233415927
uppercase_char_ratio,base,redes sociais,minilm_lr,-0.2493405434825888,0.08077498465556028,0.18760641597420452
uppercase_char_ratio,base,redes sociais,minilm_mlp,0.030332592668821396,0.8343647471108837,0.9302834891715893
uppercase_char_ratio,base,redes sociais,hatebert_lr,0.010014256365689386,0.9449719932394642,0.9715123237980767
uppercase_char_ratio,base,redes sociais,mbert_lr,-0.09011410495004286,0.5337087925193207,0.7050831754383686
uppercase_char_ratio,base,redes sociais,best_f1,0.20538075874840236,0.15247788760012082,0.29146215682854953
uppercase_char_ratio,base,redes sociais,paradigm_gap,-0.10362720388779038,0.4738968487304891,0.6561648674729849
exclamation_rate,base,redes sociais,tfidf_word_lr,-0.07006167167771435,0.6287582821031685,0.7873056568872723
exclamation_rate,base,redes sociais,tfidf_char_svm,-0.00613612797291378,0.9662659915881071,0.9754911379344553
exclamation_rate,base,redes sociais,tfidf_nb,-0.06672525683546676,0.6452299579743966,0.7974761119177844
exclamation_rate,base,redes sociais,svd_rf,0.012772557786511434,0.9298490056872049,0.9656124289828666
exclamation_rate,base,redes sociais,svd_histgb,0.20555621179174474,0.15212012035933284,0.29146215682854953
exclamation_rate,base,redes sociais,svd_knn,-0.22969535985378248,0.10857128991979473,0.2287941329041528
exclamation_rate,base,redes sociais,minilm_lr,0.15209193261190948,0.29169966877678943,0.47914166126073393
exclamation_rate,base,redes sociais,minilm_mlp,0.07192482754376411,0.6196366049207267,0.7804169484715857
exclamation_rate,base,redes sociais,hatebert_lr,0.05330827987049111,0.7131163103665715,0.8517767410530243
exclamation_rate,base,redes sociais,mbert_lr,0.030947036088044638,0.8310580178227598,0.9300960199467156
exclamation_rate,base,redes sociais,best_f1,-0.02560099995670769,0.8599195506778788,0.9391222078578881
exclamation_rate,base,redes sociais,paradigm_gap,0.11724585533644181,0.4174308173197422,0.6104695849876569
elongation_rate,base,redes sociais,tfidf_word_lr,-0.14795693348012073,0.3051702153530307,0.49386981198854973
elongation_rate,base,redes sociais,tfidf_char_svm,0.09055737250348563,0.531689884782452,0.7045706448650898
elongation_rate,base,redes sociais,tfidf_nb,-0.2938407074943602,0.038341755885806454,0.11706462182786298
elongation_rate,base,redes sociais,svd_rf,-0.050894107418037876,0.725587594230354,0.8517767410530243
elongation_rate,base,redes sociais,svd_histgb,-0.04994207593134347,0.7305253079409295,0.8527760251524692
elongation_rate,base,redes sociais,svd_knn,-0.2782215034989985,0.050420189646282976,0.1353858320941722
elongation_rate,base,redes sociais,minilm_lr,0.018464755871021036,0.8987235851310027,0.9600237943411054
elongation_rate,base,redes sociais,minilm_mlp,0.3019507486922963,0.03307828919166348,0.1134112772285605
elongation_rate,base,redes sociais,hatebert_lr,0.2748685287321337,0.05337855530053854,0.13975476296868272
elongation_rate,base,redes sociais,mbert_lr,0.0880592762220034,0.5431164324682305,0.7104372222859803
elongation_rate,base,redes sociais,best_f1,0.1144600054349614,0.4286581810209137,0.6152170571462948
elongation_rate,base,redes sociais,paradigm_gap,0.20845842366249795,0.1462916577381046,0.28213391135205884
pct_docs_with_profanity,base,redes sociais,tfidf_word_lr,0.14829654915820534,0.3040490299589665,0.49386981198854973
pct_docs_with_profanity,base,redes sociais,tfidf_char_svm,0.1027949608380351,0.4774742880944248,0.6569073008178073
pct_docs_with_profanity,base,redes sociais,tfidf_nb,0.16941897633540737,0.2395154550903803,0.4186339161002636
pct_docs_with_profanity,base,redes sociais,svd_rf,0.040824135451730116,0.7783374549174411,0.8966447480648921
pct_docs_with_profanity,base,redes sociais,svd_histgb,0.2558037974259778,0.07296984219006397,0.17512762125615353
pct_docs_with_profanity,base,redes sociais,svd_knn,0.25931340492736094,0.06898913463947617,0.17030460665287833
pct_docs_with_profanity,base,redes sociais,minilm_lr,-0.5709986407339076,1.4900473515336341e-05,0.00036033488282973794
pct_docs_with_profanity,base,redes sociais,minilm_mlp,-0.2381232212426074,0.09586344578735143,0.213082366091322
pct_docs_with_profanity,base,redes sociais,hatebert_lr,-0.1427783470955919,0.3225949645961118,0.5123567084761775
pct_docs_with_profanity,base,redes sociais,mbert_lr,-0.0052730364314713,0.9710087398327507,0.975525059552903
pct_docs_with_profanity,base,redes sociais,best_f1,-0.09136983443726941,0.5279992008961107,0.7045706448650898
pct_docs_with_profanity,base,redes sociais,paradigm_gap,-0.3278169033648404,0.020124828799277215,0.07693739859546687
profanity_token_rate,base,redes sociais,tfidf_word_lr,0.11667994198180147,0.4196978396790141,0.6104695849876569
profanity_token_rate,base,redes sociais,tfidf_char_svm,0.08442732916386603,0.5599376621297226,0.7242307486228748
profanity_token_rate,base,redes sociais,tfidf_nb,0.1907691950197921,0.1844927316848306,0.3435381900338225
profanity_token_rate,base,redes sociais,svd_rf,0.016181373743759463,0.9111938374288838,0.9625740771815124
profanity_token_rate,base,redes sociais,svd_histgb,0.2512914694944631,0.0783528352446567,0.1839798599147615
profanity_token_rate,base,redes sociais,svd_knn,0.22995926288514354,0.10815472274123002,0.2287941329041528
profanity_token_rate,base,redes sociais,minilm_lr,-0.5325589583700617,6.860975716042365e-05,0.0010977561145667785
profanity_token_rate,base,redes sociais,minilm_mlp,-0.2198988534420087,0.12492108536337926,0.25945148498548
profanity_token_rate,base,redes sociais,hatebert_lr,-0.1334390448307754,0.3555738645440366,0.5466473647082698
profanity_token_rate,base,redes sociais,mbert_lr,0.019251326679533536,0.8944333280731347,0.958797016693782
profanity_token_rate,base,redes sociais,best_f1,-0.10654242124056947,0.4614789407368749,0.646295740788228
profanity_token_rate,base,redes sociais,paradigm_gap,-0.28830821112980065,0.04231366732599585,0.12435036928455923
mean_mutual_info,base,teoria da informação,tfidf_word_lr,0.21893995772800126,0.1266162069711625,0.26044324187045426
mean_mutual_info,base,teoria da informação,tfidf_char_svm,0.3125135629903135,0.027134323242086297,0.09933921729306171
mean_mutual_info,base,teoria da informação,tfidf_nb,-0.48224211847060655,0.0003906345490373951,0.004327028850875761
mean_mutual_info,base,teoria da informação,svd_rf,-0.11730002840312478,0.4172141697205004,0.6104695849876569
mean_mutual_info,base,teoria da informação,svd_histgb,-0.3925948449963388,0.004801693869736793,0.02592914689657868
mean_mutual_info,base,teoria da informação,svd_knn,0.20453732520065232,0.15420639584655502,0.2934676784392589
mean_mutual_info,base,teoria da informação,minilm_lr,-0.1819652095892454,0.2059666594647938,0.37020924171696423
mean_mutual_info,base,teoria da informação,minilm_mlp,0.14499254687043628,0.31506926401205165,0.5059848403464918
mean_mutual_info,base,teoria da informação,hatebert_lr,0.06030081150413781,0.6774206955355729,0.8266828826874788
mean_mutual_info,base,teoria da informação,mbert_lr,0.1263541151451568,0.3819155849686392,0.5728733774529587
mean_mutual_info,base,teoria da informação,best_f1,0.31390156062424973,0.026424175709700026,0.09865236316116283
mean_mutual_info,base,teoria da informação,paradigm_gap,-0.18012004801920767,0.21068134503679986,0.3730095944913834
max_mutual_info,base,teoria da informação,tfidf_word_lr,0.16103564965909326,0.26390725242335483,0.4453434884644113
max_mutual_info,base,teoria da informação,tfidf_char_svm,0.014297359459268735,0.9214991249781403,0.9625740771815124
max_mutual_info,base,teoria da informação,tfidf_nb,0.09085153839909874,0.5303521481343241,0.7045706448650898
max_mutual_info,base,teoria da informação,svd_rf,-0.1508283273700021,0.29577438146141105,0.48399444239139994
max_mutual_info,base,teoria da informação,svd_histgb,-0.33419392029290335,0.017692960644216802,0.06948508180274235
max_mutual_info,base,teoria da informação,svd_knn,0.2949372842109987,0.03759214650973513,0.11706462182786298
max_mutual_info,base,teoria da informação,minilm_lr,-0.18107078747766528,0.2082426984657924,0.37020924171696423
max_mutual_info,base,teoria da informação,minilm_mlp,0.14550597656898598,0.3133402899247928,0.5050858404757854
max_mutual_info,base,teoria da informação,hatebert_lr,-0.03246966773299729,0.822876310524868,0.9300960199467156
max_mutual_info,base,teoria da informação,mbert_lr,0.059867432903467764,0.6796137049150679,0.8270228747135474
max_mutual_info,base,teoria da informação,best_f1,0.5352701080432173,6.197647310452563e-05,0.0010709534552462029
max_mutual_info,base,teoria da informação,paradigm_gap,0.0027370948379351738,0.984949054084675,0.9872343187113216
centroid_cosine_gap,base,separabilidade,tfidf_word_lr,0.44874615078254315,0.0010808871615549704,0.009727984453994733
centroid_cosine_gap,base,separabilidade,tfidf_char_svm,0.18121532075882832,0.2078737131109554,0.37020924171696423
centroid_cosine_gap,base,separabilidade,tfidf_nb,0.3931029138593206,0.0047425592702083595,0.02592914689657868
centroid_cosine_gap,base,separabilidade,svd_rf,0.34636105336250717,0.013739850706652797,0.0587684703492476
centroid_cosine_gap,base,separabilidade,svd_histgb,0.28111548789103513,0.04797505283462742,0.13192611499477602
centroid_cosine_gap,base,separabilidade,svd_knn,0.38484271390509583,0.005787509639980454,0.02894867248243567
centroid_cosine_gap,base,separabilidade,minilm_lr,-0.5904676639948124,6.373733537971348e-06,0.00019667520631454447
centroid_cosine_gap,base,separabilidade,minilm_mlp,-0.30934139337619637,0.02881735554890646,0.10374247997606327
centroid_cosine_gap,base,separabilidade,hatebert_lr,-0.45779790175125196,0.0008293278302583902,0.008039171849097417
centroid_cosine_gap,base,separabilidade,mbert_lr,-0.3774933381849291,0.006880793809992556,0.03339890927996387
centroid_cosine_gap,base,separabilidade,best_f1,0.4352941176470588,0.0015814556947662088,0.013011273701043404
centroid_cosine_gap,base,separabilidade,paradigm_gap,-0.48436974789915965,0.00036487533019810515,0.004148056385410037
knn1_disagreement,base,separabilidade,tfidf_word_lr,-0.34723839754599717,0.013486624740767316,0.0587684703492476
knn1_disagreement,base,separabilidade,tfidf_char_svm,0.014545067844972935,0.9201434300960907,0.9625740771815124
knn1_disagreement,base,separabilidade,tfidf_nb,-0.5683127673920415,1.6682170501376757e-05,0.00036033488282973794
knn1_disagreement,base,separabilidade,svd_rf,-0.31377162965656424,0.026489986404386313,0.09865236316116283
knn1_disagreement,base,separabilidade,svd_histgb,-0.42727454907923995,0.001969901644670505,0.014423686618604376
knn1_disagreement,base,separabilidade,svd_knn,0.0636474511697005,0.660576068393572,0.8129995595630715
knn1_disagreement,base,separabilidade,minilm_lr,0.2684324587430224,0.05944993766689822,0.15196670456863923
knn1_disagreement,base,separabilidade,minilm_mlp,0.1997289482063262,0.16433673252487446,0.31001514607312564
knn1_disagreement,base,separabilidade,hatebert_lr,0.411276057122372,0.00300597547416099,0.01882002035996446
knn1_disagreement,base,separabilidade,mbert_lr,0.603003577024474,3.5805104064489615e-06,0.00018483890364431497
knn1_disagreement,base,separabilidade,best_f1,-0.6105788856234257,2.4966814113619247e-06,0.00017976106161805857
knn1_disagreement,base,separabilidade,paradigm_gap,0.22171000510604452,0.12176617910863931,0.25412072161802984
silhouette_by_label,base,separabilidade,tfidf_word_lr,0.28129844334067144,0.047823774477213025,0.13192611499477602
silhouette_by_label,base,separabilidade,tfidf_char_svm,0.23167658943860034,0.10547380277236887,0.2244565655057308
silhouette_by_label,base,separabilidade,tfidf_nb,0.061008006668646274,0.673847787878646,0.8246522503217423
silhouette_by_label,base,separabilidade,svd_rf,-0.1053396410523674,0.4665809548885267,0.649581185055574
silhouette_by_label,base,separabilidade,svd_histgb,0.015528005063288029,0.9147661187196464,0.9625740771815124
silhouette_by_label,base,separabilidade,svd_knn,0.0502441785309146,0.7289572693565469,0.8527760251524692
silhouette_by_label,base,separabilidade,minilm_lr,-0.2985382247985217,0.03521502796266741,0.11524918242327516
silhouette_by_label,base,separabilidade,minilm_mlp,-0.01822675429851448,0.9000223071947864,0.9600237943411054
silhouette_by_label,base,separabilidade,hatebert_lr,-0.12704672998685557,0.3792905213182671,0.5709181366184369
silhouette_by_label,base,separabilidade,mbert_lr,-0.13890617314948744,0.3360262637665803,0.5221703091624558
silhouette_by_label,base,separabilidade,best_f1,0.5766626650660264,1.1704018769171657e-05,0.00031600850676763475
silhouette_by_label,base,separabilidade,paradigm_gap,-0.2342857142857143,0.10149877843371423,0.22033905670032436
is_english,base,metadados,tfidf_word_lr,0.4132391230252955,0.0028571811029329264,0.018151503477456237
is_english,base,metadados,tfidf_char_svm,-0.05143719337750312,0.7227758027223266,0.8517767410530243
is_english,base,metadados,tfidf_nb,0.4923965592027928,0.0002809463517794439,0.003280238485641075
is_english,base,metadados,svd_rf,0.41383833504872347,0.002813078476040908,0.018151503477456237
is_english,base,metadados,svd_histgb,0.45693068477740867,0.0008509149358870637,0.008039171849097417
is_english,base,metadados,svd_knn,0.5491393497243328,3.6333087536877526e-05,0.0006824301659100475
is_english,base,metadados,minilm_lr,-0.6013707111264796,3.8651861050470524e-06,0.00018483890364431497
is_english,base,metadados,minilm_mlp,-0.6213742282071624,1.469120808321994e-06,0.00015866504729877536
is_english,base,metadados,hatebert_lr,-0.5157855575489652,0.00012629814763692556,0.0017600257993274787
is_english,base,metadados,mbert_lr,-0.29364102127396724,0.038479574767492,0.11706462182786298
is_english,base,metadados,best_f1,-0.18173377328970455,0.20655391087986638,0.37020924171696423
is_english,base,metadados,paradigm_gap,-0.5971252550947435,4.706546157609872e-06,0.00018483890364431497
is_multilingual_row,base,metadados,tfidf_word_lr,-0.4132391230252955,0.0028571811029329264,0.018151503477456237
is_multilingual_row,base,metadados,tfidf_char_svm,0.05143719337750312,0.7227758027223266,0.8517767410530243
is_multilingual_row,base,metadados,tfidf_nb,-0.4923965592027928,0.0002809463517794439,0.003280238485641075
is_multilingual_row,base,metadados,svd_rf,-0.41383833504872347,0.002813078476040908,0.018151503477456237
is_multilingual_row,base,metadados,svd_histgb,-0.45693068477740867,0.0008509149358870637,0.008039171849097417
is_multilingual_row,base,metadados,svd_knn,-0.5491393497243328,3.6333087536877526e-05,0.0006824301659100475
is_multilingual_row,base,metadados,minilm_lr,0.6013707111264796,3.8651861050470524e-06,0.00018483890364431497
is_multilingual_row,base,metadados,minilm_mlp,0.6213742282071624,1.469120808321994e-06,0.00015866504729877536
is_multilingual_row,base,metadados,hatebert_lr,0.5157855575489652,0.00012629814763692556,0.0017600257993274787
is_multilingual_row,base,metadados,mbert_lr,0.29364102127396724,0.038479574767492,0.11706462182786298
is_multilingual_row,base,metadados,best_f1,0.18173377328970455,0.20655391087986638,0.37020924171696423
is_multilingual_row,base,metadados,paradigm_gap,0.5971252550947435,4.706546157609872e-06,0.00018483890364431497
is_twitter,base,metadados,tfidf_word_lr,-0.36622394157981103,0.008905573639473722,0.04181747622013748
is_twitter,base,metadados,tfidf_char_svm,-0.25793967243860916,0.07052617354300895,0.1716121390188979
is_twitter,base,metadados,tfidf_nb,-0.01152914903076006,0.9366635473654954,0.9703564807239665
is_twitter,base,metadados,svd_rf,-0.15305522781141334,0.2886180173983597,0.47914166126073393
is_twitter,base,metadados,svd_histgb,-0.11075571711053245,0.44384706179685307,0.6286620678565263
is_twitter,base,metadados,svd_knn,-0.26075458722266165,0.06740539215127603,0.1673513184445474
is_twitter,base,metadados,minilm_lr,0.4391148870151803,0.0014216537320930565,0.01204224337772942
is_twitter,base,metadados,minilm_mlp,0.20417456493017658,0.15495424399183944,0.29359751493190633
is_twitter,base,metadados,hatebert_lr,0.1884145246480089,0.1900719451951547,0.3509020526679779
is_twitter,base,metadados,mbert_lr,0.2931959009272641,0.03878825425168985,0.11717850235475537
is_twitter,base,metadados,best_f1,-0.2461223892542019,0.08489867013584075,0.19612954812130054
is_twitter,base,metadados,paradigm_gap,0.3847430452709363,0.0058012563728327415,0.02894867248243567
tok_fertility_hatebert,new,tokenização (domínio),tfidf_word_lr,-0.24773133669018516,0.08281685496804445,0.17448436619221577
tok_fertility_hatebert,new,tokenização (domínio),tfidf_char_svm,0.13563486092200575,0.3476408342081757,0.4869267023524042
tok_fertility_hatebert,new,tokenização (domínio),tfidf_nb,-0.42436929041752536,0.0021302750502307406,0.011199160264070179
tok_fertility_hatebert,new,tokenização (domínio),svd_rf,-0.31771280727434426,0.024553728174655304,0.07133504185478803
tok_fertility_hatebert,new,tokenização (domínio),svd_histgb,-0.17873705295063264,0.21426433161583416,0.34281707475034146
tok_fertility_hatebert,new,tokenização (domínio),svd_knn,-0.4436251427070664,0.0012516742249403501,0.008128519672553803
tok_fertility_hatebert,new,tokenização (domínio),minilm_lr,0.1674462132173249,0.24511174984565473,0.37479691389141667
tok_fertility_hatebert,new,tokenização (domínio),minilm_mlp,0.39469116998562276,0.004561795941211385,0.019985010790068928
tok_fertility_hatebert,new,tokenização (domínio),hatebert_lr,0.4113649613858395,0.0029990917036406177,0.014631440506493783
tok_fertility_hatebert,new,tokenização (domínio),mbert_lr,0.283445481199608,0.04607731382814383,0.11522793219314388
tok_fertility_hatebert,new,tokenização (domínio),best_f1,0.03285302688397887,0.8208192680281643,0.879790749420479
tok_fertility_hatebert,new,tokenização (domínio),paradigm_gap,0.3518732089941948,0.012214130515112281,0.04013214312108321
tok_continued_hatebert,new,tokenização (domínio),tfidf_word_lr,-0.2699096559630417,0.05800958845718253,0.13684313174514853
tok_continued_hatebert,new,tokenização (domínio),tfidf_char_svm,0.08654701632710254,0.550090716263461,0.677879650241583
tok_continued_hatebert,new,tokenização (domínio),tfidf_nb,-0.39319733031651477,0.004731640645492519,0.020565871152061974
tok_continued_hatebert,new,tokenização (domínio),svd_rf,-0.3703217335406053,0.008116538847699683,0.030272496242771785
tok_continued_hatebert,new,tokenização (domínio),svd_histgb,-0.21268219622175974,0.13810709448873615,0.25145976380600804
tok_continued_hatebert,new,tokenização (domínio),svd_knn,-0.4379366896311548,0.001469321215007785,0.008678270232645243
tok_continued_hatebert,new,tokenização (domínio),minilm_lr,0.20024956754306972,0.16321703053283454,0.28243197759913685
tok_continued_hatebert,new,tokenização (domínio),minilm_mlp,0.4110735111768808,0.0030217105393845855,0.014631440506493783
tok_continued_hatebert,new,tokenização (domínio),hatebert_lr,0.43133982416712974,0.0017635142472064095,0.009933263923040184
tok_continued_hatebert,new,tokenização (domínio),mbert_lr,0.29855080314951354,0.03520694756683843,0.09298677060715221
tok_continued_hatebert,new,tokenização (domínio),best_f1,0.0025936600171562268,0.9857377008173629,0.9911242456305727
tok_continued_hatebert,new,tokenização (domínio),paradigm_gap,0.3885686951628495,0.005293591111692495,0.02145206925668397
tok_unk_hatebert,new,tokenização (domínio),tfidf_word_lr,-0.2662700006279681,0.06161012473836142,0.1428808721117552
tok_unk_hatebert,new,tokenização (domínio),tfidf_char_svm,0.08653134896569918,0.5501631943989659,0.677879650241583
tok_unk_hatebert,new,tokenização (domínio),tfidf_nb,-0.35702470245935697,0.010921986881044215,0.03698734207568348
tok_unk_hatebert,new,tokenização (domínio),svd_rf,-0.17555067142744607,0.22268079920627157,0.35011963062450485
tok_unk_hatebert,new,tokenização (domínio),svd_histgb,-0.21812735384546975,0.12806624054766225,0.2364299825495303
tok_unk_hatebert,new,tokenização (domínio),svd_knn,-0.13541370008762343,0.3484348685311588,0.4869267023524042
tok_unk_hatebert,new,tokenização (domínio),minilm_lr,0.0503844362159409,0.7282296460360056,0.8254266213796203
tok_unk_hatebert,new,tokenização (domínio),minilm_mlp,0.3236854377240449,0.021846543669445703,0.064852976795277
tok_unk_hatebert,new,tokenização (domínio),hatebert_lr,0.3731479806392252,0.0076083115955289625,0.028569986399537332
tok_unk_hatebert,new,tokenização (domínio),mbert_lr,0.24388474359164466,0.08786182693692561,0.1809691360790408
tok_unk_hatebert,new,tokenização (domínio),best_f1,0.024929371651014765,0.8635591146196524,0.9045249170209642
tok_unk_hatebert,new,tokenização (domínio),paradigm_gap,0.24608016469575902,0.08495385119529734,0.17763077977198535
tok_fertility_mbert,new,tokenização (domínio),tfidf_word_lr,-0.23358225441677335,0.10255894889790629,0.2014681131375241
tok_fertility_mbert,new,tokenização (domínio),tfidf_char_svm,0.14815424064227845,0.30451851526215323,0.4433467281462602
tok_fertility_mbert,new,tokenização (domínio),tfidf_nb,-0.30897920891331354,0.02901493499371782,0.08008122058266118
tok_fertility_mbert,new,tokenização (domínio),svd_rf,-0.2827545925233246,0.04663353424804219,0.11543368118797886
tok_fertility_mbert,new,tokenização (domínio),svd_histgb,-0.06244441103904463,0.6666127132337148,0.7879447916595517
tok_fertility_mbert,new,tokenização (domínio),svd_knn,-0.44105297262056714,0.00134623905275996,0.008541654679580435
tok_fertility_mbert,new,tokenização (domínio),minilm_lr,0.06645164353563768,0.6465884188235405,0.7742230090902263
tok_fertility_mbert,new,tokenização (domínio),minilm_mlp,0.37430311527424526,0.007408681112218482,0.028192579146026867
tok_fertility_mbert,new,tokenização (domínio),hatebert_lr,0.3194024513194099,0.02376076256330059,0.06939651288329061
tok_fertility_mbert,new,tokenização (domínio),mbert_lr,0.2341079685969943,0.1017658541745365,0.20103379724524514
tok_fertility_mbert,new,tokenização (domínio),best_f1,0.03381364170514784,0.8156700339229208,0.8776800365018563
tok_fertility_mbert,new,tokenização (domínio),paradigm_gap,0.28040346629922314,0.04856750464081927,0.11968420786487606
tok_continued_mbert,new,tokenização (domínio),tfidf_word_lr,-0.28738793406549146,0.04300594027995949,0.11027237816022228
tok_continued_mbert,new,tokenização (domínio),tfidf_char_svm,0.189176239804753,0.18825410857368768,0.31112655069663353
tok_continued_mbert,new,tokenização (domínio),tfidf_nb,-0.38869525758607054,0.005277482019696658,0.02145206925668397
tok_continued_mbert,new,tokenização (domínio),svd_rf,-0.40866300133204614,0.0032146345731176055,0.015430245950964505
tok_continued_mbert,new,tokenização (domínio),svd_histgb,-0.21717565403606723,0.1297803353234657,0.23800247541047528
tok_continued_mbert,new,tokenização (domínio),svd_knn,-0.44505962217838313,0.0012015560743018204,0.007991071723067528
tok_continued_mbert,new,tokenização (domínio),minilm_lr,0.12157121921329078,0.40033590946921827,0.5330113915803678
tok_continued_mbert,new,tokenização (domínio),minilm_mlp,0.43834317629461755,0.001452716899212954,0.008678270232645243
tok_continued_mbert,new,tokenização (domínio),hatebert_lr,0.41571156966832074,0.002679062690330317,0.013552616627779918
tok_continued_mbert,new,tokenização (domínio),mbert_lr,0.31296951955624164,0.026899301790002828,0.07537266288366275
tok_continued_mbert,new,tokenização (domínio),best_f1,0.05456292184239765,0.7066639683221809,0.8154908937479846
tok_continued_mbert,new,tokenização (domínio),paradigm_gap,0.33563881851643906,0.017178037542768407,0.052973612981051174
tok_unk_mbert,new,tokenização (domínio),tfidf_word_lr,-0.21204238140360232,0.13932442565740105,0.25145976380600804
tok_unk_mbert,new,tokenização (domínio),tfidf_char_svm,0.25274930767611287,0.07658052940459677,0.16321410127929506
tok_unk_mbert,new,tokenização (domínio),tfidf_nb,-0.3554065796563066,0.011314554743195124,0.03789092341654583
tok_unk_mbert,new,tokenização (domínio),svd_rf,-0.30648507897923544,0.03040641437883779,0.08187483286399248
tok_unk_mbert,new,tokenização (domínio),svd_histgb,-0.23144425869556642,0.10583347835283224,0.20643137827124874
tok_unk_mbert,new,tokenização (domínio),svd_knn,-0.3141028023287753,0.02632251575700224,0.07413279947890426
tok_unk_mbert,new,tokenização (domínio),minilm_lr,0.06410619695360349,0.6582797569953753,0.781441776046123
tok_unk_mbert,new,tokenização (domínio),minilm_mlp,0.2581224016271423,0.07032016745325333,0.15651908239595094
tok_unk_mbert,new,tokenização (domínio),hatebert_lr,0.386794545870871,0.0055239760055948795,0.021936940684089017
tok_unk_mbert,new,tokenização (domínio),mbert_lr,0.25739178479742786,0.07114672804899773,0.15772286700018773
tok_unk_mbert,new,tokenização (domínio),best_f1,-0.13379775745363756,0.35427040972548607,0.49258757221276656
tok_unk_mbert,new,tokenização (domínio),paradigm_gap,0.15335096653214045,0.28767620697863516,0.42345937667255096
tok_fertility_gap,new,tokenização (domínio),tfidf_word_lr,-0.15931181217190957,0.2691213927888664,0.40548931241841935
tok_fertility_gap,new,tokenização (domínio),tfidf_char_svm,-0.13316067520653682,0.3565873928103117,0.4945634191741006
tok_fertility_gap,new,tokenização (domínio),tfidf_nb,-0.3428915611111163,0.01478146003092121,0.047163964954153224
tok_fertility_gap,new,tokenização (domínio),svd_rf,-0.23063596379915358,0.10709215755074253,0.20742059988775394
tok_fertility_gap,new,tokenização (domínio),svd_histgb,-0.3681949101430097,0.008518149635191843,0.03133668542953952
tok_fertility_gap,new,tokenização (domínio),svd_knn,-0.18240148449933735,0.20486284185971024,0.3326008491369413
tok_fertility_gap,new,tokenização (domínio),minilm_lr,0.4667519704137423,0.0006335322233656226,0.004668888399903328
tok_fertility_gap,new,tokenização (domínio),minilm_mlp,0.20180065740140588,0.15991411372745687,0.2802304469128768
tok_fertility_gap,new,tokenização (domínio),hatebert_lr,0.3799130992069863,0.00650251227822523,0.02510060683622606
tok_fertility_gap,new,tokenização (domínio),mbert_lr,0.15966031041531686,0.26806179778668493,0.40539756815958927
tok_fertility_gap,new,tokenização (domínio),best_f1,-0.10317003179354767,0.4758602579487531,0.6145109918309701
tok_fertility_gap,new,tokenização (domínio),paradigm_gap,0.36791547650771655,0.0085721730069936,0.03133668542953952
hl_doc_rate,new,léxico de ódio (domínio),tfidf_word_lr,-0.04871396838077751,0.7369108729861302,0.8320483075564243
hl_doc_rate,new,léxico de ódio (domínio),tfidf_char_svm,0.09634479176035941,0.5056792785953219,0.6387527729625119
hl_doc_rate,new,léxico de ódio (domínio),tfidf_nb,0.026425209504781333,0.8554570892161308,0.9011392926043101
hl_doc_rate,new,léxico de ódio (domínio),svd_rf,-0.038880595087739965,0.7886416159773446,0.8671915777280762
hl_doc_rate,new,léxico de ódio (domínio),svd_histgb,0.12823449447243776,0.3748139005758332,0.5111669729557375
hl_doc_rate,new,léxico de ódio (domínio),svd_knn,0.01753527491661426,0.9037970164672231,0.9273158979366304
hl_doc_rate,new,léxico de ódio (domínio),minilm_lr,-0.0929428372562771,0.5208898121874836,0.647592739476331
hl_doc_rate,new,léxico de ódio (domínio),minilm_mlp,-0.036025744030305694,0.8038419974612443,0.8743181614122334
hl_doc_rate,new,léxico de ódio (domínio),hatebert_lr,-0.05704312892065303,0.6939690749123091,0.8064299474126433
hl_doc_rate,new,léxico de ódio (domínio),mbert_lr,0.10311343960933918,0.47610360346127334,0.6145109918309701
hl_doc_rate,new,léxico de ódio (domínio),best_f1,0.02612872313579606,0.8570618272051863,0.9011392926043101
hl_doc_rate,new,léxico de ódio (domínio),paradigm_gap,-0.0812680138708951,0.5747658937394242,0.6993743209299136
hl_token_rate,new,léxico de ódio (domínio),tfidf_word_lr,0.26946902710331605,0.05843625624393994,0.1372630359432121
hl_token_rate,new,léxico de ódio (domínio),tfidf_char_svm,-0.08090587289583341,0.5764770217809976,0.6993743209299136
hl_token_rate,new,léxico de ódio (domínio),tfidf_nb,0.31504721998478186,0.02584979117131006,0.07355198312661419
hl_token_rate,new,léxico de ódio (domínio),svd_rf,0.17797800777868358,0.21624880754459005,0.3430153498983152
hl_token_rate,new,léxico de ódio (domínio),svd_histgb,0.32658158342790133,0.020627176186687544,0.06290718925442831
hl_token_rate,new,léxico de ódio (domínio),svd_knn,0.14693521619126282,0.30855924136792406,0.4447193986105715
hl_token_rate,new,léxico de ódio (domínio),minilm_lr,-0.12147181510927337,0.4007241440323417,0.5330113915803678
hl_token_rate,new,léxico de ódio (domínio),minilm_mlp,-0.31570671621711227,0.02552391488890656,0.07300104154754622
hl_token_rate,new,léxico de ódio (domínio),hatebert_lr,-0.3687779678765848,0.00840637442163059,0.031143078394228762
hl_token_rate,new,léxico de ódio (domínio),mbert_lr,-0.25867863839213295,0.0696960156817217,0.1563910595784975
hl_token_rate,new,léxico de ódio (domínio),best_f1,0.14697406763885285,0.3084299324284098,0.4447193986105715
hl_token_rate,new,léxico de ódio (domínio),paradigm_gap,-0.27223824031928684,0.05579623047695921,0.1333312520488376
hl_class_gap,new,léxico de ódio (domínio),tfidf_word_lr,-0.2340645825744024,0.10183112698927248,0.20103379724524514
hl_class_gap,new,léxico de ódio (domínio),tfidf_char_svm,-0.1269447210120539,0.3796764668085709,0.5162103686658402
hl_class_gap,new,léxico de ódio (domínio),tfidf_nb,-0.04231910647023177,0.7704369942182581,0.8556966213450271
hl_class_gap,new,léxico de ódio (domínio),svd_rf,-0.16759247685344072,0.2446938091311577,0.37479691389141667
hl_class_gap,new,léxico de ódio (domínio),svd_histgb,-0.245029966690501,0.08633535754337003,0.17916209535315886
hl_class_gap,new,léxico de ódio (domínio),svd_knn,-0.018940472812342804,0.8961284931026473,0.9211600152563525
hl_class_gap,new,léxico de ódio (domínio),minilm_lr,0.2849728227728898,0.04486686937454789,0.11413139122004808
hl_class_gap,new,léxico de ódio (domínio),minilm_mlp,0.25609873363659214,0.07262846612679938,0.15972475419120818
hl_class_gap,new,léxico de ódio (domínio),hatebert_lr,0.18588274445040703,0.19620393808184583,0.3204277331987541
hl_class_gap,new,léxico de ódio (domínio),mbert_lr,0.2230932184363459,0.11939762490261098,0.22648621631010743
hl_class_gap,new,léxico de ódio (domínio),best_f1,-0.09906362545018006,0.49368798709204964,0.6275293195094457
hl_class_gap,new,léxico de ódio (domínio),paradigm_gap,0.2843217286914766,0.04537965857081288,0.11490629142701243
hl_category_entropy,new,léxico de ódio (domínio),tfidf_word_lr,0.12817403941796535,0.37504098559252486,0.5111669729557375
hl_category_entropy,new,léxico de ódio (domínio),tfidf_char_svm,0.37617519617989337,0.007094802781422247,0.02719674399545195
hl_category_entropy,new,léxico de ódio (domínio),tfidf_nb,-0.20278901516261824,0.15783517507449946,0.2774682058634513
hl_category_entropy,new,léxico de ódio (domínio),svd_rf,-0.07266209573774354,0.6160425693191769,0.7441039349325725
hl_category_entropy,new,léxico de ódio (domínio),svd_histgb,0.030257577347429135,0.8347686500707162,0.8912810345049039
hl_category_entropy,new,léxico de ódio (domínio),svd_knn,0.12512123526537594,0.3866149097543763,0.5240462917187902
hl_category_entropy,new,léxico de ódio (domínio),minilm_lr,-0.5047740402004012,0.00018535162216825257,0.0017949841304714985
hl_category_entropy,new,léxico de ódio (domínio),minilm_mlp,0.0041854570755095,0.9769864582816516,0.9841177462983061
hl_category_entropy,new,léxico de ódio (domínio),hatebert_lr,0.03633569170973105,0.8021881216548181,0.8743181614122334
hl_category_entropy,new,léxico de ódio (domínio),mbert_lr,0.04372206012448318,0.7630437227288285,0.8509093635279057
hl_category_entropy,new,léxico de ódio (domínio),best_f1,0.09327569913550726,0.5193915448228694,0.647592739476331
hl_category_entropy,new,léxico de ódio (domínio),paradigm_gap,-0.23102786449113796,0.10648046212416745,0.20696202497373392
ch_js_between_classes,new,dureza de corpus (domínio),tfidf_word_lr,0.258831767597959,0.06952496511731081,0.1563910595784975
ch_js_between_classes,new,dureza de corpus (domínio),tfidf_char_svm,-0.13693803108393032,0.34298471932216346,0.48421372139599544
ch_js_between_classes,new,dureza de corpus (domínio),tfidf_nb,0.2005387484641388,0.16259749714238356,0.2822447120207413
ch_js_between_classes,new,dureza de corpus (domínio),svd_rf,0.19793460705884575,0.16823876864327042,0.28751640956992347
ch_js_between_classes,new,dureza de corpus (domínio),svd_histgb,0.25538197006602636,0.0734602973274228,0.16027701235074066
ch_js_between_classes,new,dureza de corpus (domínio),svd_knn,-0.1445509191396293,0.31656129186125254,0.4550568570505505
ch_js_between_classes,new,dureza de corpus (domínio),minilm_lr,-0.02390094642611334,0.8691375791096712,0.9065256566325178
ch_js_between_classes,new,dureza de corpus (domínio),minilm_mlp,0.034553818712395046,0.811707663527015,0.8776800365018563
ch_js_between_classes,new,dureza de corpus (domínio),hatebert_lr,-0.28719787309096245,0.043150061019217416,0.11027237816022228
ch_js_between_classes,new,dureza de corpus (domínio),mbert_lr,-0.30203389572920675,0.03302759898996594,0.08850113904107379
ch_js_between_classes,new,dureza de corpus (domínio),best_f1,0.47985594237695073,0.000421472071059375,0.0036351966128871094
ch_js_between_classes,new,dureza de corpus (domínio),paradigm_gap,-0.0331812725090036,0.8190589030020377,0.8796118958309821
ch_js_class_to_corpus,new,dureza de corpus (domínio),tfidf_word_lr,0.22584148557053382,0.11479554171941471,0.22002478829554487
ch_js_class_to_corpus,new,dureza de corpus (domínio),tfidf_char_svm,-0.17226091915977076,0.23160790032287398,0.3621743937060239
ch_js_class_to_corpus,new,dureza de corpus (domínio),tfidf_nb,0.24036273998641472,0.09268864104432425,0.18879752714563464
ch_js_class_to_corpus,new,dureza de corpus (domínio),svd_rf,0.27312818982959103,0.054968523948591405,0.13192445747661938
ch_js_class_to_corpus,new,dureza de corpus (domínio),svd_histgb,0.33668426072758156,0.01681345546166648,0.05243518313468869
ch_js_class_to_corpus,new,dureza de corpus (domínio),svd_knn,-0.1570130579091081,0.276180355099758,0.4120308867428218
ch_js_class_to_corpus,new,dureza de corpus (domínio),minilm_lr,0.017093400354642387,0.9062102690926197,0.9280669175122933
ch_js_class_to_corpus,new,dureza de corpus (domínio),minilm_mlp,-0.023669109103141333,0.8703960108971638,0.9065256566325178
ch_js_class_to_corpus,new,dureza de corpus (domínio),hatebert_lr,-0.3236713194015624,0.021852633485365078,0.064852976795277
ch_js_class_to_corpus,new,dureza de corpus (domínio),mbert_lr,-0.3084079876845309,0.02932884208380208,0.08014614272405321
ch_js_class_to_corpus,new,dureza de corpus (domínio),best_f1,0.3361824729891957,0.016987617130735464,0.05268070031553919
ch_js_class_to_corpus,new,dureza de corpus (domínio),paradigm_gap,-0.03558223289315726,0.8062100437659906,0.8743181614122334
ch_vocab_jaccard,new,dureza de corpus (domínio),tfidf_word_lr,-0.03558447334412183,0.8061980769451866,0.8743181614122334
ch_vocab_jaccard,new,dureza de corpus (domínio),tfidf_char_svm,0.05328116310599456,0.7132559874018705,0.8168408818378268
ch_vocab_jaccard,new,dureza de corpus (domínio),tfidf_nb,-0.3740226230808346,0.007456732890072323,0.028192579146026867
ch_vocab_jaccard,new,dureza de corpus (domínio),svd_rf,-0.2185221590560511,0.12736018519500927,0.2359155108310239
ch_vocab_jaccard,new,dureza de corpus (domínio),svd_histgb,-0.4397648226414213,0.0013959535966492896,0.008609509438320697
ch_vocab_jaccard,new,dureza de corpus (domínio),svd_knn,0.43889476817112894,0.001430453033912716,0.008677033788129881
ch_vocab_jaccard,new,dureza de corpus (domínio),minilm_lr,-0.1469336768856905,0.30856436534030596,0.4447193986105715
ch_vocab_jaccard,new,dureza de corpus (domínio),minilm_mlp,-0.044514354864259295,0.7588776779740767,0.8485545410404383
ch_vocab_jaccard,new,dureza de corpus (domínio),hatebert_lr,0.3239154522416602,0.021747530121452446,0.064852976795277
ch_vocab_jaccard,new,dureza de corpus (domínio),mbert_lr,0.3653335319932337,0.009085535088204852,0.03299483795190183
ch_vocab_jaccard,new,dureza de corpus (domínio),best_f1,-0.25368547418967585,0.0754592145803261,0.16238033072366267
ch_vocab_jaccard,new,dureza de corpus (domínio),paradigm_gap,-0.04643457382953182,0.7488090704314575,0.8418383032141844
ch_zipf_slope,new,dureza de corpus (domínio),tfidf_word_lr,0.25556473864086293,0.07324747429998191,0.16027701235074066
ch_zipf_slope,new,dureza de corpus (domínio),tfidf_char_svm,-0.18150626408679937,0.20713234399227484,0.3343188710050752
ch_zipf_slope,new,dureza de corpus (domínio),tfidf_nb,0.023342268395890178,0.8721706680010503,0.9066632932892273
ch_zipf_slope,new,dureza de corpus (domínio),svd_rf,0.3067301423315274,0.030267279727701657,0.08187483286399248
ch_zipf_slope,new,dureza de corpus (domínio),svd_histgb,0.24086399142670992,0.09198937697460735,0.18806717070364168
ch_zipf_slope,new,dureza de corpus (domínio),svd_knn,-0.05898678515673486,0.6840780933376798,0.800023532886439
ch_zipf_slope,new,dureza de corpus (domínio),minilm_lr,0.01620286895483761,0.9110763418949226,0.9296009994935255
ch_zipf_slope,new,dureza de corpus (domínio),minilm_mlp,-0.23590057762396174,0.09909702533263078,0.19819405066526155
ch_zipf_slope,new,dureza de corpus (domínio),hatebert_lr,-0.1243422998561495,0.38960148270026673,0.5245366303671883
ch_zipf_slope,new,dureza de corpus (domínio),mbert_lr,-0.21758039230764958,0.12904927072290157,0.2374506581301389
ch_zipf_slope,new,dureza de corpus (domínio),best_f1,0.15677233881477634,0.2769265561260632,0.4120308867428218
ch_zipf_slope,new,dureza de corpus (domínio),paradigm_gap,-0.22439962222507204,0.11719284899310584,0.22384239669271427
lm_stump_bow_f1,new,landmarker,tfidf_word_lr,0.016641982031638816,0.9086765100654549,0.9288693214002428
lm_stump_bow_f1,new,landmarker,tfidf_char_svm,0.27887271720379886,0.049861344040394946,0.12232649737910227
lm_stump_bow_f1,new,landmarker,tfidf_nb,0.34320061490020337,0.014686020730350783,0.04713188048345134
lm_stump_bow_f1,new,landmarker,svd_rf,-0.0567628219351519,0.6953997372616272,0.8064299474126433
lm_stump_bow_f1,new,landmarker,svd_histgb,-0.10503377009790109,0.4678832305706938,0.6091309982901485
lm_stump_bow_f1,new,landmarker,svd_knn,-0.10127960396782784,0.48402469700345985,0.6199109808489788
lm_stump_bow_f1,new,landmarker,minilm_lr,-0.18156768865076536,0.20697606242968983,0.3343188710050752
lm_stump_bow_f1,new,landmarker,minilm_mlp,-0.029624893606317895,0.8381768614296934,0.8931923310988238
lm_stump_bow_f1,new,landmarker,hatebert_lr,-0.03788941678316676,0.7939105349122251,0.8712497321501954
lm_stump_bow_f1,new,landmarker,mbert_lr,-0.10061258994096305,0.4869228729965308,0.6207423230810278
lm_stump_bow_f1,new,landmarker,best_f1,0.49445378151260505,0.0002624679632953387,0.002375119930147983
lm_stump_bow_f1,new,landmarker,paradigm_gap,-0.11385354141656662,0.4311246564679396,0.5693320822256045
lm_tree3_bow_f1,new,landmarker,tfidf_word_lr,-0.13406584936664329,0.3532981546547337,0.4924762155793258
lm_tree3_bow_f1,new,landmarker,tfidf_char_svm,0.22212852585507484,0.12104580002488405,0.22882630689635616
lm_tree3_bow_f1,new,landmarker,tfidf_nb,0.2590516401848292,0.06927994376600675,0.1563910595784975
lm_tree3_bow_f1,new,landmarker,svd_rf,-0.12479977948782102,0.387845783499809,0.5240462917187902
lm_tree3_bow_f1,new,landmarker,svd_histgb,-0.18819160853431466,0.19060629568748264,0.3140736573716132
lm_tree3_bow_f1,new,landmarker,svd_knn,-0.04302405051367687,0.7667195164095105,0.8532846231009069
lm_tree3_bow_f1,new,landmarker,minilm_lr,-0.11428726981301597,0.4293598821762066,0.568361282880734
lm_tree3_bow_f1,new,landmarker,minilm_mlp,0.09585732471922966,0.5078448123496269,0.6400020519957548
lm_tree3_bow_f1,new,landmarker,hatebert_lr,0.08988971172398195,0.5347322425077162,0.6633083098073245
lm_tree3_bow_f1,new,landmarker,mbert_lr,-0.033929781792956346,0.8150479995190234,0.8776800365018563
lm_tree3_bow_f1,new,landmarker,best_f1,0.47140456182472984,0.000549200208923345,0.004269838244023752
lm_tree3_bow_f1,new,landmarker,paradigm_gap,0.022905162064825933,0.8745450103974278,0.9074226423672559
lm_nc_tfidf_f1,new,landmarker,tfidf_word_lr,0.027606111370130273,0.8490712401315998,0.9010466560873824
lm_nc_tfidf_f1,new,landmarker,tfidf_char_svm,0.006381866333029989,0.9649158463762723,0.9737359180981761
lm_nc_tfidf_f1,new,landmarker,tfidf_nb,0.1945700421180483,0.17573621465300152,0.2939587590559298
lm_nc_tfidf_f1,new,landmarker,svd_rf,-0.167543458872495,0.24483382146116062,0.37479691389141667
lm_nc_tfidf_f1,new,landmarker,svd_histgb,-0.21875931661487535,0.12693747334126373,0.2359155108310239
lm_nc_tfidf_f1,new,landmarker,svd_knn,0.13238549795989996,0.35941904689108395,0.4959982847096958
lm_nc_tfidf_f1,new,landmarker,minilm_lr,-0.15915744574395224,0.2695916261912317,0.40548931241841935
lm_nc_tfidf_f1,new,landmarker,minilm_mlp,0.16486227620430982,0.25257523707987095,0.3851423504643336
lm_nc_tfidf_f1,new,landmarker,hatebert_lr,0.10155926148065315,0.4828122863117996,0.6197962373118916
lm_nc_tfidf_f1,new,landmarker,mbert_lr,-0.04133353475644827,0.7756428999883623,0.8589785593312222
lm_nc_tfidf_f1,new,landmarker,best_f1,0.8601680672268907,1.2169577601242375e-15,6.717606835885791e-13
lm_nc_tfidf_f1,new,landmarker,paradigm_gap,0.11250900360144059,0.43662118449110143,0.5752145437687064
lm_nc_minilm_f1,new,landmarker,tfidf_word_lr,0.419231106179372,0.002442462935938287,0.012600369538672284
lm_nc_minilm_f1,new,landmarker,tfidf_char_svm,0.35812659213026427,0.010661418260473031,0.03650846432524403
lm_nc_minilm_f1,new,landmarker,tfidf_nb,0.2188851819049907,0.1267135597858431,0.2359155108310239
lm_nc_minilm_f1,new,landmarker,svd_rf,0.09298710985404417,0.520690409569289,0.647592739476331
lm_nc_minilm_f1,new,landmarker,svd_histgb,-0.06411405864181503,0.658240431412692,0.781441776046123
lm_nc_minilm_f1,new,landmarker,svd_knn,0.3921617477855833,0.004852611432262952,0.02092688680163398
lm_nc_minilm_f1,new,landmarker,minilm_lr,-0.6339465166410685,7.720904652418622e-07,2.5070231577265175e-05
lm_nc_minilm_f1,new,landmarker,minilm_mlp,-0.1709720896170513,0.23517145952804128,0.3646478810659516
lm_nc_minilm_f1,new,landmarker,hatebert_lr,-0.2706944931003563,0.057255829409738196,0.13584405730176238
lm_nc_minilm_f1,new,landmarker,mbert_lr,-0.2534437024390048,0.0757475515983806,0.16238033072366267
lm_nc_minilm_f1,new,landmarker,best_f1,0.7583673469387756,1.7837706451292916e-10,3.282137987037897e-08
lm_nc_minilm_f1,new,landmarker,paradigm_gap,-0.42837935174069625,0.0019117900225162797,0.01044859497454442
lm_nc_hatebert_f1,new,landmarker,tfidf_word_lr,0.4367051873125927,0.0015206643594026118,0.008835860277792018
lm_nc_hatebert_f1,new,landmarker,tfidf_char_svm,0.3543172610632619,0.011585609642208604,0.03852564170180211
lm_nc_hatebert_f1,new,landmarker,tfidf_nb,0.30787761504874983,0.029622829127323645,0.08055074718365839
lm_nc_hatebert_f1,new,landmarker,svd_rf,0.14367170215192593,0.31954504537235484,0.45696597162056957
lm_nc_hatebert_f1,new,landmarker,svd_histgb,0.04765827969109784,0.7424140565835637,0.8363521617023004
lm_nc_hatebert_f1,new,landmarker,svd_knn,0.4694072269837021,0.0005840778826292728,0.004477930433491092
lm_nc_hatebert_f1,new,landmarker,minilm_lr,-0.6524809303977012,2.832764429571425e-07,1.1687621712374623e-05
lm_nc_hatebert_f1,new,landmarker,minilm_mlp,-0.2674455299745406,0.060428157240372024,0.14074406243327153
lm_nc_hatebert_f1,new,landmarker,hatebert_lr,-0.3606818579603774,0.010077675866555176,0.03588952953766746
lm_nc_hatebert_f1,new,landmarker,mbert_lr,-0.31993038468069385,0.023517453248153727,0.06920046237621062
lm_nc_hatebert_f1,new,landmarker,best_f1,0.6847058823529412,4.168265347556728e-08,3.286974959787591e-06
lm_nc_hatebert_f1,new,landmarker,paradigm_gap,-0.5144297719087634,0.0001325006033129964,0.0013544506116439632
lm_nc_gap_minilm_minus_tfidf,new,landmarker,tfidf_word_lr,0.680706012100003,5.357016874450243e-08,3.6963416433706676e-06
lm_nc_gap_minilm_minus_tfidf,new,landmarker,tfidf_char_svm,0.3954283534876645,0.0044799683266950755,0.01978354013068545
lm_nc_gap_minilm_minus_tfidf,new,landmarker,tfidf_nb,0.06169294018377141,0.6703941285006648,0.7890353068920405
lm_nc_gap_minilm_minus_tfidf,new,landmarker,svd_rf,0.4772880804685441,0.00045710104774872133,0.0037105849758425615
lm_nc_gap_minilm_minus_tfidf,new,landmarker,svd_histgb,0.2204195435713275,0.12400782431990505,0.23362566219995762
lm_nc_gap_minilm_minus_tfidf,new,landmarker,svd_knn,0.5694010547292822,1.593781351918495e-05,0.00023151771217342346
lm_nc_gap_minilm_minus_tfidf,new,landmarker,minilm_lr,-0.7842591215038396,1.6169052357679394e-11,4.462658450719513e-09
lm_nc_gap_minilm_minus_tfidf,new,landmarker,minilm_mlp,-0.4558742293422817,0.0008778933806855008,0.006293469430368785
lm_nc_gap_minilm_minus_tfidf,new,landmarker,hatebert_lr,-0.5539374141817357,3.0036771843214215e-05,0.00039476900136795827
lm_nc_gap_minilm_minus_tfidf,new,landmarker,mbert_lr,-0.44044975411290005,0.0013693191985433171,0.008589365881771716
lm_nc_gap_minilm_minus_tfidf,new,landmarker,best_f1,0.21248499399759901,0.13848144817973831,0.25145976380600804
lm_nc_gap_minilm_minus_tfidf,new,landmarker,paradigm_gap,-0.7538535414165666,2.629556116800444e-10,3.6287874411846126e-08
cx_f1,new,complexidade,tfidf_word_lr,-0.1760134334875682,0.2214444496664449,0.3492495320453645
cx_f1,new,complexidade,tfidf_char_svm,-0.0707941916477978,0.6251653461101099,0.753474390944936
cx_f1,new,complexidade,tfidf_nb,-0.17769132335246454,0.21700164874042335,0.3432232381223888
cx_f1,new,complexidade,svd_rf,-0.036665449747403815,0.8004294799577816,0.8743181614122334
cx_f1,new,complexidade,svd_histgb,0.13555264797386027,0.3479358733372837,0.4869267023524042
cx_f1,new,complexidade,svd_knn,-0.31165237510022026,0.027582901942169644,0.07651136619134495
cx_f1,new,complexidade,minilm_lr,0.4072602014728169,0.003331839449540314,0.015719447659369685
cx_f1,new,complexidade,minilm_mlp,-0.0001026859397099407,0.9994353103341098,0.9994353103341098
cx_f1,new,complexidade,hatebert_lr,0.0988738002395782,0.4945203876569002,0.6275293195094457
cx_f1,new,complexidade,mbert_lr,-0.011522396996162919,0.936700564817419,0.9522259885436746
cx_f1,new,complexidade,best_f1,-0.5267226890756302,8.514876884554907e-05,0.0009792108417238142
cx_f1,new,complexidade,paradigm_gap,0.15390156062424967,0.28592813762721164,0.4229104711599113
cx_n1,new,complexidade,tfidf_word_lr,-0.3126075593357078,0.02708573321087474,0.0755117410727417
cx_n1,new,complexidade,tfidf_char_svm,-0.02797699274262652,0.8470676181356857,0.9009274088841974
cx_n1,new,complexidade,tfidf_nb,-0.5872222788070746,7.3711328913943654e-06,0.0001312537211628932
cx_n1,new,complexidade,svd_rf,-0.3406341281805132,0.015494763687091151,0.048597213382240434
cx_n1,new,complexidade,svd_histgb,-0.41513995188538955,0.0027193458002284995,0.013552616627779918
cx_n1,new,complexidade,svd_knn,0.02445506185191678,0.8661311014479107,0.9055006969682703
cx_n1,new,complexidade,minilm_lr,0.2931787313187398,0.03880020161342689,0.10102694005005493
cx_n1,new,complexidade,minilm_mlp,0.20437559854377413,0.15453947455152972,0.27429514454162185
cx_n1,new,complexidade,hatebert_lr,0.41789221594227954,0.002530193773910528,0.012932101511098255
cx_n1,new,complexidade,mbert_lr,0.5879995849469419,7.119894374427288e-06,0.0001312537211628932
cx_n1,new,complexidade,best_f1,-0.6139883312293449,2.116181683958565e-06,5.84066144772564e-05
cx_n1,new,complexidade,paradigm_gap,0.23491560428390076,0.10055667261978839,0.2003873042820332
cx_n2,new,complexidade,tfidf_word_lr,-0.35912418284157055,0.01043014745978715,0.036127343702309314
cx_n2,new,complexidade,tfidf_char_svm,0.06490704363515773,0.654278496793451,0.7800469335420841
cx_n2,new,complexidade,tfidf_nb,-0.5766650959128578,1.1702794664150056e-05,0.00017944285151696754
cx_n2,new,complexidade,svd_rf,-0.1931798629071102,0.17890344594367724,0.29835257450425934
cx_n2,new,complexidade,svd_histgb,-0.3906416368122775,0.005035087180010217,0.02137975479512031
cx_n2,new,complexidade,svd_knn,0.040749215658930735,0.7787339746159022,0.8597223079759561
cx_n2,new,complexidade,minilm_lr,0.25332021804641536,0.07589515457736408,0.16238033072366267
cx_n2,new,complexidade,minilm_mlp,0.23396991362909988,0.10197366526932725,0.20103379724524514
cx_n2,new,complexidade,hatebert_lr,0.33465729720596,0.01752641758311404,0.05374768058821638
cx_n2,new,complexidade,mbert_lr,0.547877719298402,3.8179026988163726e-05,0.00047897324766969036
cx_n2,new,complexidade,best_f1,-0.5896278511404562,6.619091797053457e-06,0.00013049066685619673
cx_n2,new,complexidade,paradigm_gap,0.22689075630252098,0.11307459610347818,0.21790071038526918
cx_lsc,new,complexidade,tfidf_word_lr,-0.28908101729076136,0.04173940326349514,0.10816972113356486
cx_lsc,new,complexidade,tfidf_char_svm,-0.13792746772471018,0.33947544993688217,0.4817235176482235
cx_lsc,new,complexidade,tfidf_nb,-0.5665378646535074,1.796524944926168e-05,0.00025427737682031916
cx_lsc,new,complexidade,svd_rf,-0.26915773337298715,0.05873920541843728,0.13739000589397193
cx_lsc,new,complexidade,svd_histgb,-0.42653183719440546,0.002009844736366447,0.01087680680857136
cx_lsc,new,complexidade,svd_knn,0.08520740118973016,0.5563042518661652,0.6808868005102509
cx_lsc,new,complexidade,minilm_lr,0.2770224040032887,0.05146249841094549,0.12569601381788456
cx_lsc,new,complexidade,minilm_mlp,0.0956006098699548,0.5089871391777833,0.6400020519957548
cx_lsc,new,complexidade,hatebert_lr,0.48328537025745427,0.00037780522583760897,0.0033636852364896798
cx_lsc,new,complexidade,mbert_lr,0.5607239661622091,2.283266614884576e-05,0.0003150907928540714
cx_lsc,new,complexidade,best_f1,-0.6050900360144056,3.245045072938881e-06,7.198372164961802e-05
cx_lsc,new,complexidade,paradigm_gap,0.24360144057623048,0.08824267438668995,0.1810779043176686
cx_t2,new,complexidade,tfidf_word_lr,0.29674303003166985,0.03638409089505348,0.09518492025625365
cx_t2,new,complexidade,tfidf_char_svm,0.5038648094921168,0.0001912056000267531,0.0018197498485304777
cx_t2,new,complexidade,tfidf_nb,-0.031129011142876827,0.8300792418172834,0.8879917470603497
cx_t2,new,complexidade,svd_rf,0.07709374335651262,0.5946289498204596,0.7198139918879247
cx_t2,new,complexidade,svd_histgb,0.041170660474969235,0.7765041686707969,0.8589785593312222
cx_t2,new,complexidade,svd_knn,0.0065368821707966936,0.9640642022222196,0.9737359180981761
cx_t2,new,complexidade,minilm_lr,-0.3004317792165376,0.03401572768214062,0.09070860715237498
cx_t2,new,complexidade,minilm_mlp,0.02005340030463886,0.8900615909538712,0.9190490855876948
cx_t2,new,complexidade,hatebert_lr,-0.3438533343955997,0.01448618056109142,0.04676240742527756
cx_t2,new,complexidade,mbert_lr,-0.2735640702689667,0.05456676073292185,0.13192445747661938
cx_t2,new,complexidade,best_f1,0.430760291004022,0.001791707462396205,0.009990126456997022
cx_t2,new,complexidade,paradigm_gap,-0.3874404082590288,0.005439112160539364,0.021756448642157457
cx_t3,new,complexidade,tfidf_word_lr,0.3883294912723055,0.005324154869865406,0.02145206925668397
cx_t3,new,complexidade,tfidf_char_svm,0.4799703084428533,0.00041994529652859705,0.0036351966128871094
cx_t3,new,complexidade,tfidf_nb,0.10083200014611353,0.48596853491166936,0.6207423230810278
cx_t3,new,complexidade,svd_rf,0.34237292082378423,0.014942811240725606,0.04740478048781917
cx_t3,new,complexidade,svd_histgb,0.25175675689236926,0.07778370407662746,0.16514078711653213
cx_t3,new,complexidade,svd_knn,0.38356674909495664,0.005965662044210995,0.023354932258187727
cx_t3,new,complexidade,minilm_lr,-0.6594831521952174,1.9048977286422925e-07,1.0515035462105454e-05
cx_t3,new,complexidade,minilm_mlp,-0.2706064687202921,0.05733997346251926,0.13584405730176238
cx_t3,new,complexidade,hatebert_lr,-0.4667091454688289,0.0006343598369433869,0.004668888399903328
cx_t3,new,complexidade,mbert_lr,-0.31643554738911206,0.025167788134520024,0.07273622539400551
cx_t3,new,complexidade,best_f1,0.12205440914522886,0.3984518742117551,0.5325555316341134
cx_t3,new,complexidade,paradigm_gap,-0.5863426408562513,7.665328216790931e-06,0.00013222691173964357
cx_t4,new,complexidade,tfidf_word_lr,-0.057656002566375715,0.6908447037179748,0.8052415143830718
cx_t4,new,complexidade,tfidf_char_svm,-0.1636837946042649,0.2560295748906907,0.3893342295858438
cx_t4,new,complexidade,tfidf_nb,0.10301527742388235,0.47652585592434493,0.6145109918309701
cx_t4,new,complexidade,svd_rf,0.17533274112980002,0.22326469199243787,0.35011963062450485
cx_t4,new,complexidade,svd_histgb,0.12468445717105468,0.38828792266845147,0.5240462917187902
cx_t4,new,complexidade,svd_knn,0.36104303232285234,0.009997431689575228,0.03583494995224368
cx_t4,new,complexidade,minilm_lr,-0.23594431546315858,0.09903259128256606,0.19819405066526155
cx_t4,new,complexidade,minilm_mlp,-0.23671232191586572,0.09790644145988009,0.19796467284195535
cx_t4,new,complexidade,hatebert_lr,0.009328601789085874,0.948734432726736,0.9626864096785996
cx_t4,new,complexidade,mbert_lr,0.10633995296158814,0.46233566255164216,0.6037430681857281
cx_t4,new,complexidade,best_f1,-0.388501251727095,0.0053021929811216855,0.02145206925668397
cx_t4,new,complexidade,paradigm_gap,-0.05437187469937898,0.7076451777269648,0.8154908937479846
cx_density,new,complexidade,tfidf_word_lr,-0.19867589725418222,0.1666186491066819,0.2865217891180324
cx_density,new,complexidade,tfidf_char_svm,-0.08093591721579119,0.5763349729115061,0.6993743209299136
cx_density,new,complexidade,tfidf_nb,-0.636156464083727,6.874795778116594e-07,2.371804543450225e-05
cx_density,new,complexidade,svd_rf,-0.2595502091076246,0.06872689293607184,0.15612034938564467
cx_density,new,complexidade,svd_histgb,-0.5134496013851372,0.00013715633071152486,0.0013765508100502131
cx_density,new,complexidade,svd_knn,0.2190764870983776,0.12637379937652415,0.2359155108310239
cx_density,new,complexidade,minilm_lr,0.21222649103103963,0.13897331637428081,0.25145976380600804
cx_density,new,complexidade,minilm_mlp,0.11079812894702604,0.44367149185754906,0.5831111035842074
cx_density,new,complexidade,hatebert_lr,0.47820740718342164,0.0004440443241767796,0.0036797068791528747
cx_density,new,complexidade,mbert_lr,0.5542027797771467,2.9719741614266435e-05,0.00039476900136795827
cx_density,new,complexidade,best_f1,-0.3959183673469388,0.004426291590472154,0.01970413675758572
cx_density,new,complexidade,paradigm_gap,0.21200480192076832,0.13939617341420013,0.25145976380600804
cx_clscoef,new,complexidade,tfidf_word_lr,0.14796679906365925,0.30513760833862874,0.4433467281462602
cx_clscoef,new,complexidade,tfidf_char_svm,0.2541862730163418,0.0748647214940054,0.16206010299878815
cx_clscoef,new,complexidade,tfidf_nb,0.15269125005039696,0.2897799015349597,0.4254215575726004
cx_clscoef,new,complexidade,svd_rf,0.1947974562783192,0.1752219779501431,0.2939587590559298
cx_clscoef,new,complexidade,svd_histgb,0.3463526412386855,0.013742298220953093,0.04462205069391828
cx_clscoef,new,complexidade,svd_knn,0.24424802929545983,0.0873753376131817,0.18064114742500484
cx_clscoef,new,complexidade,minilm_lr,-0.3890239284200443,0.0052358482582319,0.02145206925668397
cx_clscoef,new,complexidade,minilm_mlp,-0.19736237612250607,0.1694972114747342,0.2882713437624688
cx_clscoef,new,complexidade,hatebert_lr,-0.355359762046247,0.011326091238641417,0.03789092341654583
cx_clscoef,new,complexidade,mbert_lr,-0.20318643894510277,0.1570048357650195,0.2768903173875104
cx_clscoef,new,complexidade,best_f1,-0.1479471788715486,0.3052024577818458,0.4433467281462602
cx_clscoef,new,complexidade,paradigm_gap,-0.38967587034813916,0.005154113984654109,0.02145206925668397
cx_hubs,new,complexidade,tfidf_word_lr,-0.22412834036139456,0.11764811729609292,0.22393710602566655
cx_hubs,new,complexidade,tfidf_char_svm,-0.06337341684194897,0.6619492622982612,0.7841115725078116
cx_hubs,new,complexidade,tfidf_nb,-0.5050895435822808,0.00018335871468661127,0.0017949841304714985
cx_hubs,new,complexidade,svd_rf,-0.273667387619994,0.05447187877786489,0.13192445747661938
cx_hubs,new,complexidade,svd_histgb,-0.5186744332775014,0.00011395631252610904,0.0012334095002825918
cx_hubs,new,complexidade,svd_knn,0.21027386526914257,0.14273085418946485,0.25663658473154594
cx_hubs,new,complexidade,minilm_lr,0.14116962327772972,0.32813335412611166,0.46803517177677945
cx_hubs,new,complexidade,minilm_mlp,0.08255949552679233,0.5686826252846799,0.69449736539191
cx_hubs,new,complexidade,hatebert_lr,0.47874449943163666,0.0004365731405832102,0.0036797068791528747
cx_hubs,new,complexidade,mbert_lr,0.6024987842078722,3.6663683861491744e-06,7.783982112132093e-05
cx_hubs,new,complexidade,best_f1,-0.3889075630252101,0.00525055566023361,0.02145206925668397
cx_hubs,new,complexidade,paradigm_gap,0.16849939975990394,0.24211313796786196,0.37435980996711427
ih_kdn_minilm,new,dureza de instância,tfidf_word_lr,-0.31981973704331773,0.023568273417984776,0.06920046237621062
ih_kdn_minilm,new,dureza de instância,tfidf_char_svm,-0.0005441901524289138,0.9970074005908917,0.998816851408661
ih_kdn_minilm,new,dureza de instância,tfidf_nb,-0.5849332219168684,8.159441712762303e-06,0.00013247093604249385
ih_kdn_minilm,new,dureza de instância,svd_rf,-0.32386180010841853,0.021770591689666118,0.064852976795277
ih_kdn_minilm,new,dureza de instância,svd_histgb,-0.4413273891886704,0.001335854868017177,0.008541654679580435
ih_kdn_minilm,new,dureza de instância,svd_knn,0.05098597250528833,0.7251117158803841,0.8235836772962387
ih_kdn_minilm,new,dureza de instância,minilm_lr,0.24944438889623485,0.0806445906350273,0.1705586744464945
ih_kdn_minilm,new,dureza de instância,minilm_mlp,0.1718449201045858,0.23275403773724834,0.36293849952248897
ih_kdn_minilm,new,dureza de instância,hatebert_lr,0.43773018229521904,0.001477821380196835,0.008678270232645243
ih_kdn_minilm,new,dureza de instância,mbert_lr,0.6113244499921672,2.408417691840596e-06,6.330697932838139e-05
ih_kdn_minilm,new,dureza de instância,best_f1,-0.6076830732292917,2.8687877854451425e-06,6.885090685068342e-05
ih_kdn_minilm,new,dureza de instância,paradigm_gap,0.2053781512605042,0.15248320921458566,0.2732778118165305
ih_kdn_hatebert,new,dureza de instância,tfidf_word_lr,-0.2051369020429361,0.15297616639729697,0.2732778118165305
ih_kdn_hatebert,new,dureza de instância,tfidf_char_svm,0.0486802827263683,0.7370862724548759,0.8320483075564243
ih_kdn_hatebert,new,dureza de instância,tfidf_nb,-0.7067535399641252,9.708561407270124e-09,8.931876494688514e-07
ih_kdn_hatebert,new,dureza de instância,svd_rf,-0.2561679684223695,0.07254851355432092,0.15972475419120818
ih_kdn_hatebert,new,dureza de instância,svd_histgb,-0.47331117320267563,0.0005176703587918827,0.004082200543615989
ih_kdn_hatebert,new,dureza de instância,svd_knn,0.12833035756665687,0.37445398245404127,0.5111669729557375
ih_kdn_hatebert,new,dureza de instância,minilm_lr,0.13088376899455828,0.3649435177160151,0.5023661391003499
ih_kdn_hatebert,new,dureza de instância,minilm_mlp,0.19043107519208505,0.18528658061480918,0.30714171921734135
ih_kdn_hatebert,new,dureza de instância,hatebert_lr,0.4744965880139363,0.0004988998972082421,0.003991199177665937
ih_kdn_hatebert,new,dureza de instância,mbert_lr,0.5471912786262901,3.921919990453083e-05,0.0004810888521622448
ih_kdn_hatebert,new,dureza de instância,best_f1,-0.3971668667466987,0.0042920717586683935,0.019419865662171746
ih_kdn_hatebert,new,dureza de instância,paradigm_gap,0.1537094837935174,0.2865371670539979,0.4229104711599113
ih_kdn_mbert,new,dureza de instância,tfidf_word_lr,-0.15207834756559355,0.29174328086785245,0.4271678807401978
ih_kdn_mbert,new,dureza de instância,tfidf_char_svm,0.10626549521975516,0.4626509381205851,0.6037430681857281
ih_kdn_mbert,new,dureza de instância,tfidf_nb,-0.6564598504249364,2.2637557972307902e-07,1.1359938182467238e-05
ih_kdn_mbert,new,dureza de instância,svd_rf,-0.22675717985493324,0.11329257949379032,0.21790071038526918
ih_kdn_mbert,new,dureza de instância,svd_histgb,-0.45329078931604644,0.000947127668936381,0.0067027496570882346
ih_kdn_mbert,new,dureza de instância,svd_knn,0.21863141071375336,0.12716532247476883,0.2359155108310239
ih_kdn_mbert,new,dureza de instância,minilm_lr,0.05287028481784738,0.7153735368274835,0.8175697563742669
ih_kdn_mbert,new,dureza de instância,minilm_mlp,0.12317178468207388,0.394114903395706,0.5280374433845382
ih_kdn_mbert,new,dureza de instância,hatebert_lr,0.38089605712046887,0.006354098072668966,0.02470043757826246
ih_kdn_mbert,new,dureza de instância,mbert_lr,0.5362572593490802,5.971098257958953e-05,0.0007012864337007109
ih_kdn_mbert,new,dureza de instância,best_f1,-0.3962064825930372,0.004394995205837307,0.01970413675758572
ih_kdn_mbert,new,dureza de instância,paradigm_gap,0.052100840336134456,0.7193447331983343,0.8187181293308876
ih_kdn_tfidf,new,dureza de instância,tfidf_word_lr,-0.138226344874553,0.33841981310443314,0.48146323926197704
ih_kdn_tfidf,new,dureza de instância,tfidf_char_svm,0.12842887597322367,0.3740843106679095,0.5111669729557375
ih_kdn_tfidf,new,dureza de instância,tfidf_nb,-0.6049919891455331,3.260132321087773e-06,7.198372164961802e-05
ih_kdn_tfidf,new,dureza de instância,svd_rf,-0.19724835532560556,0.1697487790210205,0.2882713437624688
ih_kdn_tfidf,new,dureza de instância,svd_histgb,-0.40162843284762273,0.003841173067455457,0.017669396110295103
ih_kdn_tfidf,new,dureza de instância,svd_knn,0.25829266187693595,0.07012864913687654,0.15651908239595094
ih_kdn_tfidf,new,dureza de instância,minilm_lr,-0.020820159152892904,0.8858853609713966,0.9174647640829473
ih_kdn_tfidf,new,dureza de instância,minilm_mlp,0.052113114402794904,0.7192813273091632,0.8187181293308876
ih_kdn_tfidf,new,dureza de instância,hatebert_lr,0.3594123671918692,0.010364147734882676,0.036127343702309314
ih_kdn_tfidf,new,dureza de instância,mbert_lr,0.5171840149596871,0.0001201790118958745,0.001275746433971591
ih_kdn_tfidf,new,dureza de instância,best_f1,-0.4468187274909964,0.0011425503136123427,0.007691314306268453
ih_kdn_tfidf,new,dureza de instância,paradigm_gap,-0.019927971188475387,0.8907450376619869,0.9190490855876948
ih_hard_frac_minilm,new,dureza de instância,tfidf_word_lr,-0.3493837286524643,0.012884182217812434,0.04208324606054712
ih_hard_frac_minilm,new,dureza de instância,tfidf_char_svm,-0.025428521668041975,0.8608539412862449,0.9034056570152229
ih_hard_frac_minilm,new,dureza de instância,tfidf_nb,-0.5856181554319935,7.915750932757878e-06,0.0001324089246934045
ih_hard_frac_minilm,new,dureza de instância,svd_rf,-0.3525373189616688,0.012040517638779242,0.03979859722518648
ih_hard_frac_minilm,new,dureza de instância,svd_histgb,-0.41505673911304475,0.0027252544305861794,0.013552616627779918
ih_hard_frac_minilm,new,dureza de instância,svd_knn,0.039512892368307836,0.7852853103819033,0.8652245335944323
ih_hard_frac_minilm,new,dureza de instância,minilm_lr,0.28397902042668965,0.04565148427841779,0.1150667548935462
ih_hard_frac_minilm,new,dureza de instância,minilm_mlp,0.19156062052889442,0.18264413383944694,0.30367337915474313
ih_hard_frac_minilm,new,dureza de instância,hatebert_lr,0.4439311564337013,0.0012408285523506765,0.008128519672553803
ih_hard_frac_minilm,new,dureza de instância,mbert_lr,0.6293680333733924,9.79153695509001e-07,2.9562986704605827e-05
ih_hard_frac_minilm,new,dureza de instância,best_f1,-0.6363985594237694,6.787556644644174e-07,2.371804543450225e-05
ih_hard_frac_minilm,new,dureza de instância,paradigm_gap,0.24629051620648257,0.08467923218730453,0.17763077977198535
ih_kdn_gap_tfidf_minus_minilm,new,dureza de instância,tfidf_word_lr,0.35961365290132463,0.010318263161265358,0.036127343702309314
ih_kdn_gap_tfidf_minus_minilm,new,dureza de instância,tfidf_char_svm,0.1602392639742956,0.26630765602748696,0.40385117067904613
ih_kdn_gap_tfidf_minus_minilm,new,dureza de instância,tfidf_nb,0.08786718522605348,0.5439999534917003,0.673291422258786
ih_kdn_gap_tfidf_minus_minilm,new,dureza de instância,svd_rf,0.2660205825924606,0.06186327614983604,0.1428808721117552
ih_kdn_gap_tfidf_minus_minilm,new,dureza de instância,svd_histgb,0.09468176672237576,0.5130864543622244,0.642332828614321
ih_kdn_gap_tfidf_minus_minilm,new,dureza de instância,svd_knn,0.5878469982253758,7.168578882987254e-06,0.0001312537211628932
ih_kdn_gap_tfidf_minus_minilm,new,dureza de instância,minilm_lr,-0.6008032083952939,3.968943584547849e-06,8.11428466174227e-05
ih_kdn_gap_tfidf_minus_minilm,new,dureza de instância,minilm_mlp,-0.2547638164203629,0.07418373108150543,0.161218187232248
ih_kdn_gap_tfidf_minus_minilm,new,dureza de instância,hatebert_lr,-0.2642005595537569,0.06373587102821725,0.14598423571608266
ih_kdn_gap_tfidf_minus_minilm,new,dureza de instância,mbert_lr,-0.18077905414830928,0.20898887738901323,0.3353542451126026
ih_kdn_gap_tfidf_minus_minilm,new,dureza de instância,best_f1,0.2833613445378151,0.04614475987043596,0.11522793219314388
ih_kdn_gap_tfidf_minus_minilm,new,dureza de instância,paradigm_gap,-0.467563025210084,0.0006180406434666662,0.004668888399903328
mt_safe,new,tipologia de minoria,tfidf_word_lr,0.2831162801530938,0.046341668382025254,0.11522793219314388
mt_safe,new,tipologia de minoria,tfidf_char_svm,0.23319107920843518,0.10315216048980286,0.20191486734174177
mt_safe,new,tipologia de minoria,tfidf_nb,-0.15404035366166002,0.285488585849959,0.4229104711599113
mt_safe,new,tipologia de minoria,svd_rf,-0.062082763468214126,0.6684315137956771,0.7884064008872089
mt_safe,new,tipologia de minoria,svd_histgb,-0.40412847636340454,0.003607183065375171,0.016732479429303313
mt_safe,new,tipologia de minoria,svd_knn,0.42058255514585696,0.0023566527418826047,0.012272380316218847
mt_safe,new,tipologia de minoria,minilm_lr,-0.38403929237235257,0.005899134694173051,0.023259445365596598
mt_safe,new,tipologia de minoria,minilm_mlp,0.006880123151580388,0.9621786073662572,0.9737359180981761
mt_safe,new,tipologia de minoria,hatebert_lr,0.05546831305841322,0.7020203605452565,0.8124009203794164
mt_safe,new,tipologia de minoria,mbert_lr,0.03719126794381717,0.7976272532710207,0.8735917535825465
mt_safe,new,tipologia de minoria,best_f1,0.7119978873093615,6.7307817837167726e-09,7.430783089223316e-07
mt_safe,new,tipologia de minoria,paradigm_gap,-0.2012053111098823,0.16117601764527834,0.2815479801904862
mt_borderline,new,tipologia de minoria,tfidf_word_lr,-0.19831355619644875,0.16740913531620447,0.28698708911349335
mt_borderline,new,tipologia de minoria,tfidf_char_svm,0.1676145913563548,0.24463066026884242,0.37479691389141667
mt_borderline,new,tipologia de minoria,tfidf_nb,-0.19513735130364648,0.17445542380679846,0.2937248241880232
mt_borderline,new,tipologia de minoria,svd_rf,-0.2037236201925763,0.15588760269849755,0.27580114323580335
mt_borderline,new,tipologia de minoria,svd_histgb,-0.0012207844259406856,0.9932867485961616,0.9968987004092387
mt_borderline,new,tipologia de minoria,svd_knn,-0.09710316268197898,0.5023196586153766,0.635964338430477
mt_borderline,new,tipologia de minoria,minilm_lr,-0.027032072853795667,0.8521742412266964,0.9010557510486974
mt_borderline,new,tipologia de minoria,minilm_mlp,0.0459017171456184,0.7515990134076909,0.8432574296769215
mt_borderline,new,tipologia de minoria,hatebert_lr,0.19958338875551412,0.16465078872178499,0.2840226105450791
mt_borderline,new,tipologia de minoria,mbert_lr,0.2363373915480537,0.09845496848938483,0.19819405066526155
mt_borderline,new,tipologia de minoria,best_f1,-0.5222214220334057,0.00010031213042363952,0.0011074459198769804
mt_borderline,new,tipologia de minoria,paradigm_gap,0.053686763203066444,0.7111677366332275,0.816142600044785
mt_rare,new,tipologia de minoria,tfidf_word_lr,-0.35790050769218534,0.010714440617191184,0.03650846432524403
mt_rare,new,tipologia de minoria,tfidf_char_svm,-0.3144924362718733,0.026126616892365836,0.07395842320300483
mt_rare,new,tipologia de minoria,tfidf_nb,0.1237283471251054,0.3919650308063869,0.5264347859005488
mt_rare,new,tipologia de minoria,svd_rf,-0.027352033367715682,0.8504443982274026,0.9010466560873824
mt_rare,new,tipologia de minoria,svd_histgb,0.2732049947455865,0.05489755790880193,0.13192445747661938
mt_rare,new,tipologia de minoria,svd_knn,-0.4075416095209322,0.0033080300390803826,0.015719447659369685
mt_rare,new,tipologia de minoria,minilm_lr,0.4952117091115292,0.0002559430569119928,0.0023546761235903337
mt_rare,new,tipologia de minoria,minilm_mlp,0.0682348069372556,0.63775589754171,0.7669744127298996
mt_rare,new,tipologia de minoria,hatebert_lr,0.06567173398628774,0.650466838931989,0.7771811582044543
mt_rare,new,tipologia de minoria,mbert_lr,0.014807505926983837,0.9187073656037895,0.9356576860023834
mt_rare,new,tipologia de minoria,best_f1,-0.6516686674669867,2.964251883573274e-07,1.1687621712374623e-05
mt_rare,new,tipologia de minoria,paradigm_gap,0.34108043217286915,0.01535146015814523,0.04842289147026381
mt_outlier,new,tipologia de minoria,tfidf_word_lr,-0.15816296675670952,0.27263410548229494,0.40895115822344247
mt_outlier,new,tipologia de minoria,tfidf_char_svm,-0.3161553712481743,0.025304193927275908,0.07274955754091823
mt_outlier,new,tipologia de minoria,tfidf_nb,0.3591842781836237,0.010416354680986282,0.036127343702309314
mt_outlier,new,tipologia de minoria,svd_rf,0.17143234424856008,0.23389458609842662,0.36368960993332816
mt_outlier,new,tipologia de minoria,svd_histgb,0.4062086553846244,0.003422151304161954,0.016008707795740665
mt_outlier,new,tipologia de minoria,svd_knn,-0.4143564572021586,0.002775430424252043,0.013678907090956498
mt_outlier,new,tipologia de minoria,minilm_lr,0.3648101886477407,0.009192768264943219,0.03316606589705005
mt_outlier,new,tipologia de minoria,minilm_mlp,-0.044415934765393364,0.7593948247716965,0.8485545410404383
mt_outlier,new,tipologia de minoria,hatebert_lr,-0.186193586454268,0.1954436102517249,0.320133153884131
mt_outlier,new,tipologia de minoria,mbert_lr,-0.20477511341749285,0.15371762685190415,0.2737165484588745
mt_outlier,new,tipologia de minoria,best_f1,-0.42563511698032214,0.002059028025688503,0.010928687213269747
mt_outlier,new,tipologia de minoria,paradigm_gap,0.18090573007614508,0.2086646428257548,0.3353542451126026
mt_safe_tfidf,new,tipologia de minoria,tfidf_word_lr,-0.09466350955643964,0.5131680750342673,0.642332828614321
mt_safe_tfidf,new,tipologia de minoria,tfidf_char_svm,0.13288134085673298,0.3576062036669043,0.4947333945466947
mt_safe_tfidf,new,tipologia de minoria,tfidf_nb,-0.39765282935265195,0.004240802443850524,0.019346470652937927
mt_safe_tfidf,new,tipologia de minoria,svd_rf,-0.43459341906481586,0.0016124402655528357,0.009271531526928806
mt_safe_tfidf,new,tipologia de minoria,svd_histgb,-0.5527090858847711,3.15451702370302e-05,0.00040495195281024815
mt_safe_tfidf,new,tipologia de minoria,svd_knn,0.1362922795582683,0.34528708943205466,0.48622059532268924
mt_safe_tfidf,new,tipologia de minoria,minilm_lr,0.03388866000542473,0.8152682307087943,0.8776800365018563
mt_safe_tfidf,new,tipologia de minoria,minilm_mlp,0.17831413430631204,0.21536845109689792,0.34281707475034146
mt_safe_tfidf,new,tipologia de minoria,hatebert_lr,0.4337264037176164,0.001651527279830083,0.009398382046043359
mt_safe_tfidf,new,tipologia de minoria,mbert_lr,0.43956718753447055,0.0014037243649435917,0.008609509438320697
mt_safe_tfidf,new,tipologia de minoria,best_f1,0.3589435774309723,0.010471693826756324,0.036127343702309314
mt_safe_tfidf,new,tipologia de minoria,paradigm_gap,0.18693877551020407,0.19362938157961018,0.31810541259507386
mt_outlier_tfidf,new,tipologia de minoria,tfidf_word_lr,0.11590651014976683,0.4228074761627765,0.5610329972159919
mt_outlier_tfidf,new,tipologia de minoria,tfidf_char_svm,-0.29791937253881084,0.03561447848076817,0.0936152005780192
mt_outlier_tfidf,new,tipologia de minoria,tfidf_nb,0.5028879715693786,0.00019768184465067198,0.0018494979363927275
mt_outlier_tfidf,new,tipologia de minoria,svd_rf,0.47802335018273,0.0004466310885928308,0.0036797068791528747
mt_outlier_tfidf,new,tipologia de minoria,svd_histgb,0.6094986138363558,2.6299107069571003e-06,6.598685046546906e-05
mt_outlier_tfidf,new,tipologia de minoria,svd_knn,-0.15770539895185692,0.2740415859172295,0.4099483886891888
mt_outlier_tfidf,new,tipologia de minoria,minilm_lr,0.08556638200783195,0.5546359450726104,0.6808868005102509
mt_outlier_tfidf,new,tipologia de minoria,minilm_mlp,-0.19510328544888733,0.1745321419088254,0.2937248241880232
mt_outlier_tfidf,new,tipologia de minoria,hatebert_lr,-0.45145044790871114,0.0009993925982229573,0.006983097648342688
mt_outlier_tfidf,new,tipologia de minoria,mbert_lr,-0.5161543539515194,0.00012465742602769185,0.0012983188522129416
mt_outlier_tfidf,new,tipologia de minoria,best_f1,-0.19702280912364944,0.17024720664232762,0.2882713437624688
mt_outlier_tfidf,new,tipologia de minoria,paradigm_gap,-0.06103241296518607,0.67372460835961,0.7912680506691591
lc_slope_minilm,new,curva de aprendizado,tfidf_word_lr,0.29970251758742494,0.03447354647150328,0.09148748871283563
lc_slope_minilm,new,curva de aprendizado,tfidf_char_svm,-0.05753574066134789,0.6914573873506812,0.8052415143830718
lc_slope_minilm,new,curva de aprendizado,tfidf_nb,0.06785734181989765,0.6396214931680608,0.7675457918016729
lc_slope_minilm,new,curva de aprendizado,svd_rf,0.42993671087497176,0.0018324629894494893,0.01011519570176118
lc_slope_minilm,new,curva de aprendizado,svd_histgb,0.449872674993939,0.0010462426494783545,0.0072190742814006465
lc_slope_minilm,new,curva de aprendizado,svd_knn,0.08525685412135507,0.5560742864740829,0.6808868005102509
lc_slope_minilm,new,curva de aprendizado,minilm_lr,-0.10752941385885503,0.45731491360384435,0.5996148035850881
lc_slope_minilm,new,curva de aprendizado,minilm_mlp,-0.23946361140358172,0.09395330437435087,0.19066994123030032
lc_slope_minilm,new,curva de aprendizado,hatebert_lr,-0.42591415283448925,0.002043610151383303,0.010928687213269747
lc_slope_minilm,new,curva de aprendizado,mbert_lr,-0.32483353233863554,0.02135608563652726,0.06477230368880794
lc_slope_minilm,new,curva de aprendizado,best_f1,-0.13767106842737095,0.34038268238000857,0.48177241198401216
lc_slope_minilm,new,curva de aprendizado,paradigm_gap,-0.25963985594237693,0.06862782344783241,0.15612034938564467
lc_slope_tfidf,new,curva de aprendizado,tfidf_word_lr,0.10411028170969343,0.4718268774808436,0.6128198502810016
lc_slope_tfidf,new,curva de aprendizado,tfidf_char_svm,0.018997183502972994,0.8958192008402731,0.9211600152563525
lc_slope_tfidf,new,curva de aprendizado,tfidf_nb,0.18532343966385892,0.19757729268812743,0.32171877747447297
lc_slope_tfidf,new,curva de aprendizado,svd_rf,-0.059213720982438246,0.6829266259020887,0.800023532886439
lc_slope_tfidf,new,curva de aprendizado,svd_histgb,-0.14429325459753498,0.3174338750597703,0.45512597151426804
lc_slope_tfidf,new,curva de aprendizado,svd_knn,0.26511716644117433,0.06278720008666948,0.14441056019933982
lc_slope_tfidf,new,curva de aprendizado,minilm_lr,-0.2455685597460543,0.08562467486992711,0.1783578133139614
lc_slope_tfidf,new,curva de aprendizado,minilm_mlp,0.17826279133645706,0.21550276256950812,0.34281707475034146
lc_slope_tfidf,new,curva de aprendizado,hatebert_lr,-0.053709224821499264,0.7110521531016878,0.816142600044785
lc_slope_tfidf,new,curva de aprendizado,mbert_lr,-0.10276997491045735,0.47758191212950396,0.6145109918309701
lc_slope_tfidf,new,curva de aprendizado,best_f1,0.6545498199279711,2.5220548457266636e-07,1.1601452290342651e-05
lc_slope_tfidf,new,curva de aprendizado,paradigm_gap,0.02674669867947179,0.853717677171139,0.9010557510486974
lc_auc_gap_minilm_minus_tfidf,new,curva de aprendizado,tfidf_word_lr,0.5823225300894325,9.153338917058497e-06,0.00014436123092046544
lc_auc_gap_minilm_minus_tfidf,new,curva de aprendizado,tfidf_char_svm,0.20075669441423025,0.16213171208545896,0.2822447120207413
lc_auc_gap_minilm_minus_tfidf,new,curva de aprendizado,tfidf_nb,0.3087093200314018,0.029162898159221892,0.080089153153684
lc_auc_gap_minilm_minus_tfidf,new,curva de aprendizado,svd_rf,0.5368449273176025,5.8398596388518566e-05,0.0007007831566622229
lc_auc_gap_minilm_minus_tfidf,new,curva de aprendizado,svd_histgb,0.3911299388582928,0.004975826897866866,0.021291910446686123
lc_auc_gap_minilm_minus_tfidf,new,curva de aprendizado,svd_knn,0.46189038137671484,0.0007339462083653975,0.005330767197601308
lc_auc_gap_minilm_minus_tfidf,new,curva de aprendizado,minilm_lr,-0.6689780493446235,1.0936321208677036e-07,6.707610341321915e-06
lc_auc_gap_minilm_minus_tfidf,new,curva de aprendizado,minilm_mlp,-0.4477106971353415,0.0011136331268833681,0.007589203531353323
lc_auc_gap_minilm_minus_tfidf,new,curva de aprendizado,hatebert_lr,-0.5697083956520487,1.573321946993734e-05,0.00023151771217342346
lc_auc_gap_minilm_minus_tfidf,new,curva de aprendizado,mbert_lr,-0.5242935790637026,9.304916881856284e-05,0.0010482273711805447
lc_auc_gap_minilm_minus_tfidf,new,curva de aprendizado,best_f1,0.28758703481392556,0.0428553875280701,0.11027237816022228
lc_auc_gap_minilm_minus_tfidf,new,curva de aprendizado,paradigm_gap,-0.6286194477791116,1.017566571354186e-06,2.9562986704605827e-05
