dataset_id,dataset_name,algorithm,fold,repeat,value
davidson_3way,davidson__all,tfidf_word_lr,0,0,0.7279382210889059
davidson_3way,davidson__all,tfidf_word_lr,1,0,0.7206412288379501
davidson_3way,davidson__all,tfidf_word_lr,2,0,0.7403789713111747
davidson_3way,davidson__all,tfidf_word_lr,3,0,0.7372670633330483
davidson_3way,davidson__all,tfidf_word_lr,4,0,0.7089238428391927
davidson_3way,davidson__all,tfidf_word_lr,5,0,0.7228389489287045
davidson_3way,davidson__all,tfidf_word_lr,6,0,0.6506209622747225
davidson_3way,davidson__all,tfidf_word_lr,7,0,0.744028744181954
davidson_3way,davidson__all,tfidf_word_lr,8,0,0.7145791514680596
davidson_3way,davidson__all,tfidf_word_lr,9,0,0.7614050473244208
davidson_3way,davidson__all,tfidf_char_svm,0,0,0.7422908299369934
davidson_3way,davidson__all,tfidf_char_svm,1,0,0.7451924324604885
davidson_3way,davidson__all,tfidf_char_svm,2,0,0.7187716012219324
davidson_3way,davidson__all,tfidf_char_svm,3,0,0.7941568733570433
davidson_3way,davidson__all,tfidf_char_svm,4,0,0.6713920448024971
davidson_3way,davidson__all,tfidf_char_svm,5,0,0.6797989957406604
davidson_3way,davidson__all,tfidf_char_svm,6,0,0.6979309106968682
davidson_3way,davidson__all,tfidf_char_svm,7,0,0.74860437448522
davidson_3way,davidson__all,tfidf_char_svm,8,0,0.6772767013264103
davidson_3way,davidson__all,tfidf_char_svm,9,0,0.7570521257542208
davidson_3way,davidson__all,tfidf_nb,0,0,0.5920588778146918
davidson_3way,davidson__all,tfidf_nb,1,0,0.5497584541062802
davidson_3way,davidson__all,tfidf_nb,2,0,0.6374340919141409
davidson_3way,davidson__all,tfidf_nb,3,0,0.6767725068980299
davidson_3way,davidson__all,tfidf_nb,4,0,0.6134101303592829
davidson_3way,davidson__all,tfidf_nb,5,0,0.6236111111111111
davidson_3way,davidson__all,tfidf_nb,6,0,0.5564479143917885
davidson_3way,davidson__all,tfidf_nb,7,0,0.5976336636185334
davidson_3way,davidson__all,tfidf_nb,8,0,0.5949793563638829
davidson_3way,davidson__all,tfidf_nb,9,0,0.6507346178518708
davidson_3way,davidson__all,svd_rf,0,0,0.62
davidson_3way,davidson__all,svd_rf,1,0,0.603832765543705
davidson_3way,davidson__all,svd_rf,2,0,0.6327752676858328
davidson_3way,davidson__all,svd_rf,3,0,0.6642414903659281
davidson_3way,davidson__all,svd_rf,4,0,0.6293811451706189
davidson_3way,davidson__all,svd_rf,5,0,0.5971364750918383
davidson_3way,davidson__all,svd_rf,6,0,0.5731315657426831
davidson_3way,davidson__all,svd_rf,7,0,0.611589008363202
davidson_3way,davidson__all,svd_rf,8,0,0.5911531506468215
davidson_3way,davidson__all,svd_rf,9,0,0.6101627516931463
davidson_3way,davidson__all,svd_histgb,0,0,0.5854622123966265
davidson_3way,davidson__all,svd_histgb,1,0,0.5674523581500326
davidson_3way,davidson__all,svd_histgb,2,0,0.6339057848345105
davidson_3way,davidson__all,svd_histgb,3,0,0.6188789229962971
davidson_3way,davidson__all,svd_histgb,4,0,0.5744810656480892
davidson_3way,davidson__all,svd_histgb,5,0,0.6212920793272128
davidson_3way,davidson__all,svd_histgb,6,0,0.5497196948809853
davidson_3way,davidson__all,svd_histgb,7,0,0.6486989013304804
davidson_3way,davidson__all,svd_histgb,8,0,0.5720398486141071
davidson_3way,davidson__all,svd_histgb,9,0,0.6456297670583385
davidson_3way,davidson__all,svd_knn,0,0,0.5587720924483995
davidson_3way,davidson__all,svd_knn,1,0,0.6330192611342499
davidson_3way,davidson__all,svd_knn,2,0,0.5519900535695098
davidson_3way,davidson__all,svd_knn,3,0,0.578458342789553
davidson_3way,davidson__all,svd_knn,4,0,0.6129408681012364
davidson_3way,davidson__all,svd_knn,5,0,0.620871850129492
davidson_3way,davidson__all,svd_knn,6,0,0.4836757890589854
davidson_3way,davidson__all,svd_knn,7,0,0.5742927400546524
davidson_3way,davidson__all,svd_knn,8,0,0.5255517381540075
davidson_3way,davidson__all,svd_knn,9,0,0.6121014555821933
davidson_3way,davidson__all,minilm_lr,0,0,0.6533519591328046
davidson_3way,davidson__all,minilm_lr,1,0,0.6067990435238017
davidson_3way,davidson__all,minilm_lr,2,0,0.6226805546634367
davidson_3way,davidson__all,minilm_lr,3,0,0.6666141719056439
davidson_3way,davidson__all,minilm_lr,4,0,0.6161374017906085
davidson_3way,davidson__all,minilm_lr,5,0,0.5734998208329888
davidson_3way,davidson__all,minilm_lr,6,0,0.5908078311623498
davidson_3way,davidson__all,minilm_lr,7,0,0.6234544743825999
davidson_3way,davidson__all,minilm_lr,8,0,0.6533101544928647
davidson_3way,davidson__all,minilm_lr,9,0,0.6866775496176647
davidson_3way,davidson__all,minilm_mlp,0,0,0.7067563860910413
davidson_3way,davidson__all,minilm_mlp,1,0,0.6768348133731589
davidson_3way,davidson__all,minilm_mlp,2,0,0.6782613536412928
davidson_3way,davidson__all,minilm_mlp,3,0,0.7545147973719403
davidson_3way,davidson__all,minilm_mlp,4,0,0.6287773734278236
davidson_3way,davidson__all,minilm_mlp,5,0,0.6870208455598328
davidson_3way,davidson__all,minilm_mlp,6,0,0.6452033646423986
davidson_3way,davidson__all,minilm_mlp,7,0,0.688802546178894
davidson_3way,davidson__all,minilm_mlp,8,0,0.7055979609021188
davidson_3way,davidson__all,minilm_mlp,9,0,0.7038057751932579
davidson_3way,davidson__all,hatebert_lr,0,0,0.6194206475536398
davidson_3way,davidson__all,hatebert_lr,1,0,0.6184095860566449
davidson_3way,davidson__all,hatebert_lr,2,0,0.5590322229135251
davidson_3way,davidson__all,hatebert_lr,3,0,0.6220922595571515
davidson_3way,davidson__all,hatebert_lr,4,0,0.6528691221692484
davidson_3way,davidson__all,hatebert_lr,5,0,0.6147332430837585
davidson_3way,davidson__all,hatebert_lr,6,0,0.6150872783130847
davidson_3way,davidson__all,hatebert_lr,7,0,0.6203611901636424
davidson_3way,davidson__all,hatebert_lr,8,0,0.6321687653015645
davidson_3way,davidson__all,hatebert_lr,9,0,0.5923291197044233
davidson_3way,davidson__all,mbert_lr,0,0,0.5212483097072185
davidson_3way,davidson__all,mbert_lr,1,0,0.562339374257979
davidson_3way,davidson__all,mbert_lr,2,0,0.533861805857028
davidson_3way,davidson__all,mbert_lr,3,0,0.48956947207304574
davidson_3way,davidson__all,mbert_lr,4,0,0.5698957029620358
davidson_3way,davidson__all,mbert_lr,5,0,0.5301260856244713
davidson_3way,davidson__all,mbert_lr,6,0,0.5230861006164247
davidson_3way,davidson__all,mbert_lr,7,0,0.5772637309920369
davidson_3way,davidson__all,mbert_lr,8,0,0.5779894767131172
davidson_3way,davidson__all,mbert_lr,9,0,0.6229066243598956
davidson_hate_vs_not,"davidson__all, offensive+neither collapsed",tfidf_word_lr,0,0,0.7026585820895522
davidson_hate_vs_not,"davidson__all, offensive+neither collapsed",tfidf_word_lr,1,0,0.6666666666666667
davidson_hate_vs_not,"davidson__all, offensive+neither collapsed",tfidf_word_lr,2,0,0.7251041943779374
davidson_hate_vs_not,"davidson__all, offensive+neither collapsed",tfidf_word_lr,3,0,0.7044649751058335
davidson_hate_vs_not,"davidson__all, offensive+neither collapsed",tfidf_word_lr,4,0,0.7901396027859728
davidson_hate_vs_not,"davidson__all, offensive+neither collapsed",tfidf_word_lr,5,0,0.7498202731847592
davidson_hate_vs_not,"davidson__all, offensive+neither collapsed",tfidf_word_lr,6,0,0.71370403359206
davidson_hate_vs_not,"davidson__all, offensive+neither collapsed",tfidf_word_lr,7,0,0.7407407407407407
davidson_hate_vs_not,"davidson__all, offensive+neither collapsed",tfidf_word_lr,8,0,0.7222222222222222
davidson_hate_vs_not,"davidson__all, offensive+neither collapsed",tfidf_word_lr,9,0,0.6222568653315745
davidson_hate_vs_not,"davidson__all, offensive+neither collapsed",tfidf_char_svm,0,0,0.722211933775325
davidson_hate_vs_not,"davidson__all, offensive+neither collapsed",tfidf_char_svm,1,0,0.722211933775325
davidson_hate_vs_not,"davidson__all, offensive+neither collapsed",tfidf_char_svm,2,0,0.8026253955324414
davidson_hate_vs_not,"davidson__all, offensive+neither collapsed",tfidf_char_svm,3,0,0.71370403359206
davidson_hate_vs_not,"davidson__all, offensive+neither collapsed",tfidf_char_svm,4,0,0.7777777777777778
davidson_hate_vs_not,"davidson__all, offensive+neither collapsed",tfidf_char_svm,5,0,0.715099715099715
davidson_hate_vs_not,"davidson__all, offensive+neither collapsed",tfidf_char_svm,6,0,0.6939256003767069
davidson_hate_vs_not,"davidson__all, offensive+neither collapsed",tfidf_char_svm,7,0,0.7698081734778983
davidson_hate_vs_not,"davidson__all, offensive+neither collapsed",tfidf_char_svm,8,0,0.7473329590117912
davidson_hate_vs_not,"davidson__all, offensive+neither collapsed",tfidf_char_svm,9,0,0.6743996743996744
davidson_hate_vs_not,"davidson__all, offensive+neither collapsed",tfidf_nb,0,0,0.5535499975997311
davidson_hate_vs_not,"davidson__all, offensive+neither collapsed",tfidf_nb,1,0,0.6066679153399513
davidson_hate_vs_not,"davidson__all, offensive+neither collapsed",tfidf_nb,2,0,0.611707235606029
davidson_hate_vs_not,"davidson__all, offensive+neither collapsed",tfidf_nb,3,0,0.5785727664356621
davidson_hate_vs_not,"davidson__all, offensive+neither collapsed",tfidf_nb,4,0,0.6465814389807584
davidson_hate_vs_not,"davidson__all, offensive+neither collapsed",tfidf_nb,5,0,0.5418648283083904
davidson_hate_vs_not,"davidson__all, offensive+neither collapsed",tfidf_nb,6,0,0.615839243498818
davidson_hate_vs_not,"davidson__all, offensive+neither collapsed",tfidf_nb,7,0,0.6204022863126664
davidson_hate_vs_not,"davidson__all, offensive+neither collapsed",tfidf_nb,8,0,0.5749348690525161
davidson_hate_vs_not,"davidson__all, offensive+neither collapsed",tfidf_nb,9,0,0.625
davidson_hate_vs_not,"davidson__all, offensive+neither collapsed",svd_rf,0,0,0.5823532235610389
davidson_hate_vs_not,"davidson__all, offensive+neither collapsed",svd_rf,1,0,0.5903919089759798
davidson_hate_vs_not,"davidson__all, offensive+neither collapsed",svd_rf,2,0,0.6468372312038926
davidson_hate_vs_not,"davidson__all, offensive+neither collapsed",svd_rf,3,0,0.6066679153399513
davidson_hate_vs_not,"davidson__all, offensive+neither collapsed",svd_rf,4,0,0.5297092288242731
davidson_hate_vs_not,"davidson__all, offensive+neither collapsed",svd_rf,5,0,0.5714285714285714
davidson_hate_vs_not,"davidson__all, offensive+neither collapsed",svd_rf,6,0,0.4727592267135325
davidson_hate_vs_not,"davidson__all, offensive+neither collapsed",svd_rf,7,0,0.6207332490518331
davidson_hate_vs_not,"davidson__all, offensive+neither collapsed",svd_rf,8,0,0.5504776175313729
davidson_hate_vs_not,"davidson__all, offensive+neither collapsed",svd_rf,9,0,0.5504776175313729
davidson_hate_vs_not,"davidson__all, offensive+neither collapsed",svd_histgb,0,0,0.5600505689001264
davidson_hate_vs_not,"davidson__all, offensive+neither collapsed",svd_histgb,1,0,0.5670995670995671
davidson_hate_vs_not,"davidson__all, offensive+neither collapsed",svd_histgb,2,0,0.590373783922171
davidson_hate_vs_not,"davidson__all, offensive+neither collapsed",svd_histgb,3,0,0.6111564495223465
davidson_hate_vs_not,"davidson__all, offensive+neither collapsed",svd_histgb,4,0,0.5600505689001264
davidson_hate_vs_not,"davidson__all, offensive+neither collapsed",svd_histgb,5,0,0.5011432134691333
davidson_hate_vs_not,"davidson__all, offensive+neither collapsed",svd_histgb,6,0,0.5323217626273123
davidson_hate_vs_not,"davidson__all, offensive+neither collapsed",svd_histgb,7,0,0.5903919089759798
davidson_hate_vs_not,"davidson__all, offensive+neither collapsed",svd_histgb,8,0,0.5567375886524822
davidson_hate_vs_not,"davidson__all, offensive+neither collapsed",svd_histgb,9,0,0.5048415492957746
davidson_hate_vs_not,"davidson__all, offensive+neither collapsed",svd_knn,0,0,0.590373783922171
davidson_hate_vs_not,"davidson__all, offensive+neither collapsed",svd_knn,1,0,0.5635003117854915
davidson_hate_vs_not,"davidson__all, offensive+neither collapsed",svd_knn,2,0,0.625
davidson_hate_vs_not,"davidson__all, offensive+neither collapsed",svd_knn,3,0,0.6159754224270353
davidson_hate_vs_not,"davidson__all, offensive+neither collapsed",svd_knn,4,0,0.6321124918247221
davidson_hate_vs_not,"davidson__all, offensive+neither collapsed",svd_knn,5,0,0.5749348690525161
davidson_hate_vs_not,"davidson__all, offensive+neither collapsed",svd_knn,6,0,0.6399596754836542
davidson_hate_vs_not,"davidson__all, offensive+neither collapsed",svd_knn,7,0,0.6066679153399513
davidson_hate_vs_not,"davidson__all, offensive+neither collapsed",svd_knn,8,0,0.5504776175313729
davidson_hate_vs_not,"davidson__all, offensive+neither collapsed",svd_knn,9,0,0.5680439809764823
davidson_hate_vs_not,"davidson__all, offensive+neither collapsed",minilm_lr,0,0,0.6240022867697179
davidson_hate_vs_not,"davidson__all, offensive+neither collapsed",minilm_lr,1,0,0.6217797759223578
davidson_hate_vs_not,"davidson__all, offensive+neither collapsed",minilm_lr,2,0,0.6574533427828964
davidson_hate_vs_not,"davidson__all, offensive+neither collapsed",minilm_lr,3,0,0.6360522372083066
davidson_hate_vs_not,"davidson__all, offensive+neither collapsed",minilm_lr,4,0,0.6892362746021282
davidson_hate_vs_not,"davidson__all, offensive+neither collapsed",minilm_lr,5,0,0.6574260793508103
davidson_hate_vs_not,"davidson__all, offensive+neither collapsed",minilm_lr,6,0,0.6723809523809524
davidson_hate_vs_not,"davidson__all, offensive+neither collapsed",minilm_lr,7,0,0.7011589202847495
davidson_hate_vs_not,"davidson__all, offensive+neither collapsed",minilm_lr,8,0,0.6209150326797386
davidson_hate_vs_not,"davidson__all, offensive+neither collapsed",minilm_lr,9,0,0.5991156247722248
davidson_hate_vs_not,"davidson__all, offensive+neither collapsed",minilm_mlp,0,0,0.6509090909090909
davidson_hate_vs_not,"davidson__all, offensive+neither collapsed",minilm_mlp,1,0,0.6276276276276276
davidson_hate_vs_not,"davidson__all, offensive+neither collapsed",minilm_mlp,2,0,0.699988888477351
davidson_hate_vs_not,"davidson__all, offensive+neither collapsed",minilm_mlp,3,0,0.7473329590117912
davidson_hate_vs_not,"davidson__all, offensive+neither collapsed",minilm_mlp,4,0,0.7509057971014492
davidson_hate_vs_not,"davidson__all, offensive+neither collapsed",minilm_mlp,5,0,0.7410139695495213
davidson_hate_vs_not,"davidson__all, offensive+neither collapsed",minilm_mlp,6,0,0.5178571428571429
davidson_hate_vs_not,"davidson__all, offensive+neither collapsed",minilm_mlp,7,0,0.6999068676485807
davidson_hate_vs_not,"davidson__all, offensive+neither collapsed",minilm_mlp,8,0,0.6945454545454546
davidson_hate_vs_not,"davidson__all, offensive+neither collapsed",minilm_mlp,9,0,0.5795795795795795
davidson_hate_vs_not,"davidson__all, offensive+neither collapsed",hatebert_lr,0,0,0.5137046861184793
davidson_hate_vs_not,"davidson__all, offensive+neither collapsed",hatebert_lr,1,0,0.628032345013477
davidson_hate_vs_not,"davidson__all, offensive+neither collapsed",hatebert_lr,2,0,0.6647711752874277
davidson_hate_vs_not,"davidson__all, offensive+neither collapsed",hatebert_lr,3,0,0.6254681647940075
davidson_hate_vs_not,"davidson__all, offensive+neither collapsed",hatebert_lr,4,0,0.5781438328646042
davidson_hate_vs_not,"davidson__all, offensive+neither collapsed",hatebert_lr,5,0,0.6254681647940075
davidson_hate_vs_not,"davidson__all, offensive+neither collapsed",hatebert_lr,6,0,0.6384089995982322
davidson_hate_vs_not,"davidson__all, offensive+neither collapsed",hatebert_lr,7,0,0.6917069160415168
davidson_hate_vs_not,"davidson__all, offensive+neither collapsed",hatebert_lr,8,0,0.6405655102638516
davidson_hate_vs_not,"davidson__all, offensive+neither collapsed",hatebert_lr,9,0,0.5838043366560477
davidson_hate_vs_not,"davidson__all, offensive+neither collapsed",mbert_lr,0,0,0.6082764162314183
davidson_hate_vs_not,"davidson__all, offensive+neither collapsed",mbert_lr,1,0,0.6608776076456685
davidson_hate_vs_not,"davidson__all, offensive+neither collapsed",mbert_lr,2,0,0.6015007806856051
davidson_hate_vs_not,"davidson__all, offensive+neither collapsed",mbert_lr,3,0,0.6021220159151194
davidson_hate_vs_not,"davidson__all, offensive+neither collapsed",mbert_lr,4,0,0.5992189908539719
davidson_hate_vs_not,"davidson__all, offensive+neither collapsed",mbert_lr,5,0,0.5621056596666353
davidson_hate_vs_not,"davidson__all, offensive+neither collapsed",mbert_lr,6,0,0.6843434343434343
davidson_hate_vs_not,"davidson__all, offensive+neither collapsed",mbert_lr,7,0,0.6240022867697179
davidson_hate_vs_not,"davidson__all, offensive+neither collapsed",mbert_lr,8,0,0.6051636750581053
davidson_hate_vs_not,"davidson__all, offensive+neither collapsed",mbert_lr,9,0,0.6082764162314183
ethos_binary,ethos__all (binary config),tfidf_word_lr,0,0,0.6659580929243851
ethos_binary,ethos__all (binary config),tfidf_word_lr,1,0,0.6899545266639107
ethos_binary,ethos__all (binary config),tfidf_word_lr,2,0,0.6659580929243851
ethos_binary,ethos__all (binary config),tfidf_word_lr,3,0,0.6828644501278772
ethos_binary,ethos__all (binary config),tfidf_word_lr,4,0,0.6807743795695603
ethos_binary,ethos__all (binary config),tfidf_word_lr,5,0,0.677938808373591
ethos_binary,ethos__all (binary config),tfidf_word_lr,6,0,0.6129302228266555
ethos_binary,ethos__all (binary config),tfidf_word_lr,7,0,0.6510673234811166
ethos_binary,ethos__all (binary config),tfidf_word_lr,8,0,0.7148148148148148
ethos_binary,ethos__all (binary config),tfidf_word_lr,9,0,0.6632305947840429
ethos_binary,ethos__all (binary config),tfidf_char_svm,0,0,0.5829518868884143
ethos_binary,ethos__all (binary config),tfidf_char_svm,1,0,0.7064480210547626
ethos_binary,ethos__all (binary config),tfidf_char_svm,2,0,0.6767676767676768
ethos_binary,ethos__all (binary config),tfidf_char_svm,3,0,0.7312939231087227
ethos_binary,ethos__all (binary config),tfidf_char_svm,4,0,0.6532027743778049
ethos_binary,ethos__all (binary config),tfidf_char_svm,5,0,0.7253585596582239
ethos_binary,ethos__all (binary config),tfidf_char_svm,6,0,0.5953937130407718
ethos_binary,ethos__all (binary config),tfidf_char_svm,7,0,0.6458333333333333
ethos_binary,ethos__all (binary config),tfidf_char_svm,8,0,0.6206896551724137
ethos_binary,ethos__all (binary config),tfidf_char_svm,9,0,0.6505398671096345
ethos_binary,ethos__all (binary config),tfidf_nb,0,0,0.6547756041426928
ethos_binary,ethos__all (binary config),tfidf_nb,1,0,0.6938021328265231
ethos_binary,ethos__all (binary config),tfidf_nb,2,0,0.6715927750410509
ethos_binary,ethos__all (binary config),tfidf_nb,3,0,0.7057587221521648
ethos_binary,ethos__all (binary config),tfidf_nb,4,0,0.6179966044142615
ethos_binary,ethos__all (binary config),tfidf_nb,5,0,0.6846709388668497
ethos_binary,ethos__all (binary config),tfidf_nb,6,0,0.6093337556752191
ethos_binary,ethos__all (binary config),tfidf_nb,7,0,0.6179966044142615
ethos_binary,ethos__all (binary config),tfidf_nb,8,0,0.6877628259041211
ethos_binary,ethos__all (binary config),tfidf_nb,9,0,0.6484962406015038
ethos_binary,ethos__all (binary config),svd_rf,0,0,0.6715927750410509
ethos_binary,ethos__all (binary config),svd_rf,1,0,0.7149192271143491
ethos_binary,ethos__all (binary config),svd_rf,2,0,0.6396986570586308
ethos_binary,ethos__all (binary config),svd_rf,3,0,0.6996996996996997
ethos_binary,ethos__all (binary config),svd_rf,4,0,0.6692848284415047
ethos_binary,ethos__all (binary config),svd_rf,5,0,0.6515679442508711
ethos_binary,ethos__all (binary config),svd_rf,6,0,0.568536342515765
ethos_binary,ethos__all (binary config),svd_rf,7,0,0.5083167695365624
ethos_binary,ethos__all (binary config),svd_rf,8,0,0.6156169111302847
ethos_binary,ethos__all (binary config),svd_rf,9,0,0.5580357142857143
ethos_binary,ethos__all (binary config),svd_histgb,0,0,0.630450849963045
ethos_binary,ethos__all (binary config),svd_histgb,1,0,0.6043956043956044
ethos_binary,ethos__all (binary config),svd_histgb,2,0,0.6053333333333333
ethos_binary,ethos__all (binary config),svd_histgb,3,0,0.6483516483516483
ethos_binary,ethos__all (binary config),svd_histgb,4,0,0.5967741935483871
ethos_binary,ethos__all (binary config),svd_histgb,5,0,0.5755517826825127
ethos_binary,ethos__all (binary config),svd_histgb,6,0,0.5174632352941176
ethos_binary,ethos__all (binary config),svd_histgb,7,0,0.5710848415106182
ethos_binary,ethos__all (binary config),svd_histgb,8,0,0.6552706552706553
ethos_binary,ethos__all (binary config),svd_histgb,9,0,0.6107178968655207
ethos_binary,ethos__all (binary config),svd_knn,0,0,0.5746446726838883
ethos_binary,ethos__all (binary config),svd_knn,1,0,0.5833333333333333
ethos_binary,ethos__all (binary config),svd_knn,2,0,0.6041666666666667
ethos_binary,ethos__all (binary config),svd_knn,3,0,0.5953937130407718
ethos_binary,ethos__all (binary config),svd_knn,4,0,0.5746446726838883
ethos_binary,ethos__all (binary config),svd_knn,5,0,0.5452666391070691
ethos_binary,ethos__all (binary config),svd_knn,6,0,0.5604395604395604
ethos_binary,ethos__all (binary config),svd_knn,7,0,0.5495495495495495
ethos_binary,ethos__all (binary config),svd_knn,8,0,0.6434322033898305
ethos_binary,ethos__all (binary config),svd_knn,9,0,0.429544264012572
ethos_binary,ethos__all (binary config),minilm_lr,0,0,0.7519636213311285
ethos_binary,ethos__all (binary config),minilm_lr,1,0,0.6956168831168831
ethos_binary,ethos__all (binary config),minilm_lr,2,0,0.6956168831168831
ethos_binary,ethos__all (binary config),minilm_lr,3,0,0.6874684948079444
ethos_binary,ethos__all (binary config),minilm_lr,4,0,0.7076318177235609
ethos_binary,ethos__all (binary config),minilm_lr,5,0,0.7033248081841432
ethos_binary,ethos__all (binary config),minilm_lr,6,0,0.6753246753246753
ethos_binary,ethos__all (binary config),minilm_lr,7,0,0.6828644501278772
ethos_binary,ethos__all (binary config),minilm_lr,8,0,0.80416449765747
ethos_binary,ethos__all (binary config),minilm_lr,9,0,0.7199580932425353
ethos_binary,ethos__all (binary config),minilm_mlp,0,0,0.8376623376623377
ethos_binary,ethos__all (binary config),minilm_mlp,1,0,0.7479584635547938
ethos_binary,ethos__all (binary config),minilm_mlp,2,0,0.7493734335839599
ethos_binary,ethos__all (binary config),minilm_mlp,3,0,0.7863899908452854
ethos_binary,ethos__all (binary config),minilm_mlp,4,0,0.7092731829573935
ethos_binary,ethos__all (binary config),minilm_mlp,5,0,0.7584541062801933
ethos_binary,ethos__all (binary config),minilm_mlp,6,0,0.7331691297208538
ethos_binary,ethos__all (binary config),minilm_mlp,7,0,0.721964782205746
ethos_binary,ethos__all (binary config),minilm_mlp,8,0,0.8015194681861348
ethos_binary,ethos__all (binary config),minilm_mlp,9,0,0.729394449116905
ethos_binary,ethos__all (binary config),hatebert_lr,0,0,0.7442455242966752
ethos_binary,ethos__all (binary config),hatebert_lr,1,0,0.7189883580891208
ethos_binary,ethos__all (binary config),hatebert_lr,2,0,0.767182913250329
ethos_binary,ethos__all (binary config),hatebert_lr,3,0,0.7660461804495982
ethos_binary,ethos__all (binary config),hatebert_lr,4,0,0.7660461804495982
ethos_binary,ethos__all (binary config),hatebert_lr,5,0,0.7681217864704104
ethos_binary,ethos__all (binary config),hatebert_lr,6,0,0.8076728413807066
ethos_binary,ethos__all (binary config),hatebert_lr,7,0,0.7613860358958398
ethos_binary,ethos__all (binary config),hatebert_lr,8,0,0.7725563909774436
ethos_binary,ethos__all (binary config),hatebert_lr,9,0,0.775
ethos_binary,ethos__all (binary config),mbert_lr,0,0,0.6419437340153453
ethos_binary,ethos__all (binary config),mbert_lr,1,0,0.6899689968996899
ethos_binary,ethos__all (binary config),mbert_lr,2,0,0.6624040920716112
ethos_binary,ethos__all (binary config),mbert_lr,3,0,0.6032956972841013
ethos_binary,ethos__all (binary config),mbert_lr,4,0,0.6471418489767113
ethos_binary,ethos__all (binary config),mbert_lr,5,0,0.6175523349436394
ethos_binary,ethos__all (binary config),mbert_lr,6,0,0.6744791666666667
ethos_binary,ethos__all (binary config),mbert_lr,7,0,0.6486151302190988
ethos_binary,ethos__all (binary config),mbert_lr,8,0,0.6505398671096345
ethos_binary,ethos__all (binary config),mbert_lr,9,0,0.6186361270171785
ethos_category_gender_vs_rest,"ethos__multilabel config, gender vs rest",tfidf_word_lr,0,0,0.7187214611872146
ethos_category_gender_vs_rest,"ethos__multilabel config, gender vs rest",tfidf_word_lr,1,0,0.8301158301158301
ethos_category_gender_vs_rest,"ethos__multilabel config, gender vs rest",tfidf_word_lr,2,0,0.7708333333333333
ethos_category_gender_vs_rest,"ethos__multilabel config, gender vs rest",tfidf_word_lr,3,0,0.7433930093776642
ethos_category_gender_vs_rest,"ethos__multilabel config, gender vs rest",tfidf_word_lr,4,0,0.7433930093776642
ethos_category_gender_vs_rest,"ethos__multilabel config, gender vs rest",tfidf_word_lr,5,0,0.7440476190476191
ethos_category_gender_vs_rest,"ethos__multilabel config, gender vs rest",tfidf_word_lr,6,0,0.7393939393939394
ethos_category_gender_vs_rest,"ethos__multilabel config, gender vs rest",tfidf_word_lr,7,0,0.7892156862745098
ethos_category_gender_vs_rest,"ethos__multilabel config, gender vs rest",tfidf_word_lr,8,0,0.8063063063063063
ethos_category_gender_vs_rest,"ethos__multilabel config, gender vs rest",tfidf_word_lr,9,0,0.8311076197957581
ethos_category_gender_vs_rest,"ethos__multilabel config, gender vs rest",tfidf_char_svm,0,0,0.7187214611872146
ethos_category_gender_vs_rest,"ethos__multilabel config, gender vs rest",tfidf_char_svm,1,0,0.6363636363636364
ethos_category_gender_vs_rest,"ethos__multilabel config, gender vs rest",tfidf_char_svm,2,0,0.7904761904761904
ethos_category_gender_vs_rest,"ethos__multilabel config, gender vs rest",tfidf_char_svm,3,0,0.8986645718774549
ethos_category_gender_vs_rest,"ethos__multilabel config, gender vs rest",tfidf_char_svm,4,0,0.7696428571428571
ethos_category_gender_vs_rest,"ethos__multilabel config, gender vs rest",tfidf_char_svm,5,0,0.7094594594594594
ethos_category_gender_vs_rest,"ethos__multilabel config, gender vs rest",tfidf_char_svm,6,0,0.7393939393939394
ethos_category_gender_vs_rest,"ethos__multilabel config, gender vs rest",tfidf_char_svm,7,0,0.8594771241830066
ethos_category_gender_vs_rest,"ethos__multilabel config, gender vs rest",tfidf_char_svm,8,0,0.8063063063063063
ethos_category_gender_vs_rest,"ethos__multilabel config, gender vs rest",tfidf_char_svm,9,0,0.8594771241830066
ethos_category_gender_vs_rest,"ethos__multilabel config, gender vs rest",tfidf_nb,0,0,0.6841025641025641
ethos_category_gender_vs_rest,"ethos__multilabel config, gender vs rest",tfidf_nb,1,0,0.6363636363636364
ethos_category_gender_vs_rest,"ethos__multilabel config, gender vs rest",tfidf_nb,2,0,0.7708333333333333
ethos_category_gender_vs_rest,"ethos__multilabel config, gender vs rest",tfidf_nb,3,0,0.6366197183098592
ethos_category_gender_vs_rest,"ethos__multilabel config, gender vs rest",tfidf_nb,4,0,0.7440476190476191
ethos_category_gender_vs_rest,"ethos__multilabel config, gender vs rest",tfidf_nb,5,0,0.7094594594594594
ethos_category_gender_vs_rest,"ethos__multilabel config, gender vs rest",tfidf_nb,6,0,0.6605263157894736
ethos_category_gender_vs_rest,"ethos__multilabel config, gender vs rest",tfidf_nb,7,0,0.7696428571428571
ethos_category_gender_vs_rest,"ethos__multilabel config, gender vs rest",tfidf_nb,8,0,0.7393939393939394
ethos_category_gender_vs_rest,"ethos__multilabel config, gender vs rest",tfidf_nb,9,0,0.8788732394366197
ethos_category_gender_vs_rest,"ethos__multilabel config, gender vs rest",svd_rf,0,0,0.6140350877192983
ethos_category_gender_vs_rest,"ethos__multilabel config, gender vs rest",svd_rf,1,0,0.5487179487179488
ethos_category_gender_vs_rest,"ethos__multilabel config, gender vs rest",svd_rf,2,0,0.5487179487179488
ethos_category_gender_vs_rest,"ethos__multilabel config, gender vs rest",svd_rf,3,0,0.6351515151515151
ethos_category_gender_vs_rest,"ethos__multilabel config, gender vs rest",svd_rf,4,0,0.6351515151515151
ethos_category_gender_vs_rest,"ethos__multilabel config, gender vs rest",svd_rf,5,0,0.6126126126126126
ethos_category_gender_vs_rest,"ethos__multilabel config, gender vs rest",svd_rf,6,0,0.6605263157894736
ethos_category_gender_vs_rest,"ethos__multilabel config, gender vs rest",svd_rf,7,0,0.7094594594594594
ethos_category_gender_vs_rest,"ethos__multilabel config, gender vs rest",svd_rf,8,0,0.8063063063063063
ethos_category_gender_vs_rest,"ethos__multilabel config, gender vs rest",svd_rf,9,0,0.8063063063063063
ethos_category_gender_vs_rest,"ethos__multilabel config, gender vs rest",svd_histgb,0,0,0.5487179487179488
ethos_category_gender_vs_rest,"ethos__multilabel config, gender vs rest",svd_histgb,1,0,0.4430379746835443
ethos_category_gender_vs_rest,"ethos__multilabel config, gender vs rest",svd_histgb,2,0,0.5324675324675324
ethos_category_gender_vs_rest,"ethos__multilabel config, gender vs rest",svd_histgb,3,0,0.5157657657657658
ethos_category_gender_vs_rest,"ethos__multilabel config, gender vs rest",svd_histgb,4,0,0.5473684210526316
ethos_category_gender_vs_rest,"ethos__multilabel config, gender vs rest",svd_histgb,5,0,0.5309090909090909
ethos_category_gender_vs_rest,"ethos__multilabel config, gender vs rest",svd_histgb,6,0,0.6351515151515151
ethos_category_gender_vs_rest,"ethos__multilabel config, gender vs rest",svd_histgb,7,0,0.6126126126126126
ethos_category_gender_vs_rest,"ethos__multilabel config, gender vs rest",svd_histgb,8,0,0.8063063063063063
ethos_category_gender_vs_rest,"ethos__multilabel config, gender vs rest",svd_histgb,9,0,0.8788732394366197
ethos_category_gender_vs_rest,"ethos__multilabel config, gender vs rest",svd_knn,0,0,0.6841025641025641
ethos_category_gender_vs_rest,"ethos__multilabel config, gender vs rest",svd_knn,1,0,0.5324675324675324
ethos_category_gender_vs_rest,"ethos__multilabel config, gender vs rest",svd_knn,2,0,0.5938461538461539
ethos_category_gender_vs_rest,"ethos__multilabel config, gender vs rest",svd_knn,3,0,0.6126126126126126
ethos_category_gender_vs_rest,"ethos__multilabel config, gender vs rest",svd_knn,4,0,0.6366197183098592
ethos_category_gender_vs_rest,"ethos__multilabel config, gender vs rest",svd_knn,5,0,0.7094594594594594
ethos_category_gender_vs_rest,"ethos__multilabel config, gender vs rest",svd_knn,6,0,0.5656565656565656
ethos_category_gender_vs_rest,"ethos__multilabel config, gender vs rest",svd_knn,7,0,0.7696428571428571
ethos_category_gender_vs_rest,"ethos__multilabel config, gender vs rest",svd_knn,8,0,0.6605263157894736
ethos_category_gender_vs_rest,"ethos__multilabel config, gender vs rest",svd_knn,9,0,0.8788732394366197
ethos_category_gender_vs_rest,"ethos__multilabel config, gender vs rest",minilm_lr,0,0,0.8321891685736079
ethos_category_gender_vs_rest,"ethos__multilabel config, gender vs rest",minilm_lr,1,0,0.7708333333333333
ethos_category_gender_vs_rest,"ethos__multilabel config, gender vs rest",minilm_lr,2,0,0.8705882352941177
ethos_category_gender_vs_rest,"ethos__multilabel config, gender vs rest",minilm_lr,3,0,0.8311076197957581
ethos_category_gender_vs_rest,"ethos__multilabel config, gender vs rest",minilm_lr,4,0,0.7635506677140613
ethos_category_gender_vs_rest,"ethos__multilabel config, gender vs rest",minilm_lr,5,0,0.8293650793650793
ethos_category_gender_vs_rest,"ethos__multilabel config, gender vs rest",minilm_lr,6,0,0.8063063063063063
ethos_category_gender_vs_rest,"ethos__multilabel config, gender vs rest",minilm_lr,7,0,0.8311076197957581
ethos_category_gender_vs_rest,"ethos__multilabel config, gender vs rest",minilm_lr,8,0,0.9596244131455399
ethos_category_gender_vs_rest,"ethos__multilabel config, gender vs rest",minilm_lr,9,0,0.8594771241830066
ethos_category_gender_vs_rest,"ethos__multilabel config, gender vs rest",minilm_mlp,0,0,0.8321891685736079
ethos_category_gender_vs_rest,"ethos__multilabel config, gender vs rest",minilm_mlp,1,0,0.7708333333333333
ethos_category_gender_vs_rest,"ethos__multilabel config, gender vs rest",minilm_mlp,2,0,0.9635459817729909
ethos_category_gender_vs_rest,"ethos__multilabel config, gender vs rest",minilm_mlp,3,0,0.8696969696969697
ethos_category_gender_vs_rest,"ethos__multilabel config, gender vs rest",minilm_mlp,4,0,0.7892156862745098
ethos_category_gender_vs_rest,"ethos__multilabel config, gender vs rest",minilm_mlp,5,0,0.9232142857142858
ethos_category_gender_vs_rest,"ethos__multilabel config, gender vs rest",minilm_mlp,6,0,0.8063063063063063
ethos_category_gender_vs_rest,"ethos__multilabel config, gender vs rest",minilm_mlp,7,0,0.8696969696969697
ethos_category_gender_vs_rest,"ethos__multilabel config, gender vs rest",minilm_mlp,8,0,0.9596244131455399
ethos_category_gender_vs_rest,"ethos__multilabel config, gender vs rest",minilm_mlp,9,0,0.8900255754475703
ethos_category_gender_vs_rest,"ethos__multilabel config, gender vs rest",hatebert_lr,0,0,0.7650648360030511
ethos_category_gender_vs_rest,"ethos__multilabel config, gender vs rest",hatebert_lr,1,0,0.7708333333333333
ethos_category_gender_vs_rest,"ethos__multilabel config, gender vs rest",hatebert_lr,2,0,0.84363894811656
ethos_category_gender_vs_rest,"ethos__multilabel config, gender vs rest",hatebert_lr,3,0,0.7794871794871795
ethos_category_gender_vs_rest,"ethos__multilabel config, gender vs rest",hatebert_lr,4,0,0.7696428571428571
ethos_category_gender_vs_rest,"ethos__multilabel config, gender vs rest",hatebert_lr,5,0,0.8167092924126172
ethos_category_gender_vs_rest,"ethos__multilabel config, gender vs rest",hatebert_lr,6,0,0.7440476190476191
ethos_category_gender_vs_rest,"ethos__multilabel config, gender vs rest",hatebert_lr,7,0,0.8045454545454545
ethos_category_gender_vs_rest,"ethos__multilabel config, gender vs rest",hatebert_lr,8,0,0.9146825396825397
ethos_category_gender_vs_rest,"ethos__multilabel config, gender vs rest",hatebert_lr,9,0,0.8464285714285714
ethos_category_gender_vs_rest,"ethos__multilabel config, gender vs rest",mbert_lr,0,0,0.8321891685736079
ethos_category_gender_vs_rest,"ethos__multilabel config, gender vs rest",mbert_lr,1,0,0.6383561643835616
ethos_category_gender_vs_rest,"ethos__multilabel config, gender vs rest",mbert_lr,2,0,0.8472222222222222
ethos_category_gender_vs_rest,"ethos__multilabel config, gender vs rest",mbert_lr,3,0,0.8045454545454545
ethos_category_gender_vs_rest,"ethos__multilabel config, gender vs rest",mbert_lr,4,0,0.7173708920187793
ethos_category_gender_vs_rest,"ethos__multilabel config, gender vs rest",mbert_lr,5,0,0.7794871794871795
ethos_category_gender_vs_rest,"ethos__multilabel config, gender vs rest",mbert_lr,6,0,0.6587301587301587
ethos_category_gender_vs_rest,"ethos__multilabel config, gender vs rest",mbert_lr,7,0,0.7110215053763441
ethos_category_gender_vs_rest,"ethos__multilabel config, gender vs rest",mbert_lr,8,0,0.8640674394099052
ethos_category_gender_vs_rest,"ethos__multilabel config, gender vs rest",mbert_lr,9,0,0.9633418584825235
ethos_category_national_origin_vs_rest,"ethos__multilabel config, national_origin vs rest",tfidf_word_lr,0,0,0.6841025641025641
ethos_category_national_origin_vs_rest,"ethos__multilabel config, national_origin vs rest",tfidf_word_lr,1,0,0.5035897435897436
ethos_category_national_origin_vs_rest,"ethos__multilabel config, national_origin vs rest",tfidf_word_lr,2,0,0.6841025641025641
ethos_category_national_origin_vs_rest,"ethos__multilabel config, national_origin vs rest",tfidf_word_lr,3,0,0.5309090909090909
ethos_category_national_origin_vs_rest,"ethos__multilabel config, national_origin vs rest",tfidf_word_lr,4,0,0.7440476190476191
ethos_category_national_origin_vs_rest,"ethos__multilabel config, national_origin vs rest",tfidf_word_lr,5,0,0.6828240252897787
ethos_category_national_origin_vs_rest,"ethos__multilabel config, national_origin vs rest",tfidf_word_lr,6,0,0.5734126984126984
ethos_category_national_origin_vs_rest,"ethos__multilabel config, national_origin vs rest",tfidf_word_lr,7,0,0.7094594594594594
ethos_category_national_origin_vs_rest,"ethos__multilabel config, national_origin vs rest",tfidf_word_lr,8,0,0.6351515151515151
ethos_category_national_origin_vs_rest,"ethos__multilabel config, national_origin vs rest",tfidf_word_lr,9,0,0.6828240252897787
ethos_category_national_origin_vs_rest,"ethos__multilabel config, national_origin vs rest",tfidf_char_svm,0,0,0.6602316602316602
ethos_category_national_origin_vs_rest,"ethos__multilabel config, national_origin vs rest",tfidf_char_svm,1,0,0.6602316602316602
ethos_category_national_origin_vs_rest,"ethos__multilabel config, national_origin vs rest",tfidf_char_svm,2,0,0.8070175438596491
ethos_category_national_origin_vs_rest,"ethos__multilabel config, national_origin vs rest",tfidf_char_svm,3,0,0.5473684210526316
ethos_category_national_origin_vs_rest,"ethos__multilabel config, national_origin vs rest",tfidf_char_svm,4,0,0.9146825396825397
ethos_category_national_origin_vs_rest,"ethos__multilabel config, national_origin vs rest",tfidf_char_svm,5,0,0.6928571428571428
ethos_category_national_origin_vs_rest,"ethos__multilabel config, national_origin vs rest",tfidf_char_svm,6,0,0.8063063063063063
ethos_category_national_origin_vs_rest,"ethos__multilabel config, national_origin vs rest",tfidf_char_svm,7,0,0.8293650793650793
ethos_category_national_origin_vs_rest,"ethos__multilabel config, national_origin vs rest",tfidf_char_svm,8,0,0.5865384615384616
ethos_category_national_origin_vs_rest,"ethos__multilabel config, national_origin vs rest",tfidf_char_svm,9,0,0.8293650793650793
ethos_category_national_origin_vs_rest,"ethos__multilabel config, national_origin vs rest",tfidf_nb,0,0,0.6363636363636364
ethos_category_national_origin_vs_rest,"ethos__multilabel config, national_origin vs rest",tfidf_nb,1,0,0.6140350877192983
ethos_category_national_origin_vs_rest,"ethos__multilabel config, national_origin vs rest",tfidf_nb,2,0,0.4358974358974359
ethos_category_national_origin_vs_rest,"ethos__multilabel config, national_origin vs rest",tfidf_nb,3,0,0.45569620253164556
ethos_category_national_origin_vs_rest,"ethos__multilabel config, national_origin vs rest",tfidf_nb,4,0,0.6605263157894736
ethos_category_national_origin_vs_rest,"ethos__multilabel config, national_origin vs rest",tfidf_nb,5,0,0.5473684210526316
ethos_category_national_origin_vs_rest,"ethos__multilabel config, national_origin vs rest",tfidf_nb,6,0,0.5656565656565656
ethos_category_national_origin_vs_rest,"ethos__multilabel config, national_origin vs rest",tfidf_nb,7,0,0.6605263157894736
ethos_category_national_origin_vs_rest,"ethos__multilabel config, national_origin vs rest",tfidf_nb,8,0,0.44871794871794873
ethos_category_national_origin_vs_rest,"ethos__multilabel config, national_origin vs rest",tfidf_nb,9,0,0.5656565656565656
ethos_category_national_origin_vs_rest,"ethos__multilabel config, national_origin vs rest",svd_rf,0,0,0.5668073136427567
ethos_category_national_origin_vs_rest,"ethos__multilabel config, national_origin vs rest",svd_rf,1,0,0.45
ethos_category_national_origin_vs_rest,"ethos__multilabel config, national_origin vs rest",svd_rf,2,0,0.5487179487179488
ethos_category_national_origin_vs_rest,"ethos__multilabel config, national_origin vs rest",svd_rf,3,0,0.5656565656565656
ethos_category_national_origin_vs_rest,"ethos__multilabel config, national_origin vs rest",svd_rf,4,0,0.5865384615384616
ethos_category_national_origin_vs_rest,"ethos__multilabel config, national_origin vs rest",svd_rf,5,0,0.45569620253164556
ethos_category_national_origin_vs_rest,"ethos__multilabel config, national_origin vs rest",svd_rf,6,0,0.44155844155844154
ethos_category_national_origin_vs_rest,"ethos__multilabel config, national_origin vs rest",svd_rf,7,0,0.45569620253164556
ethos_category_national_origin_vs_rest,"ethos__multilabel config, national_origin vs rest",svd_rf,8,0,0.44871794871794873
ethos_category_national_origin_vs_rest,"ethos__multilabel config, national_origin vs rest",svd_rf,9,0,0.6605263157894736
ethos_category_national_origin_vs_rest,"ethos__multilabel config, national_origin vs rest",svd_histgb,0,0,0.5668073136427567
ethos_category_national_origin_vs_rest,"ethos__multilabel config, national_origin vs rest",svd_histgb,1,0,0.5668073136427567
ethos_category_national_origin_vs_rest,"ethos__multilabel config, national_origin vs rest",svd_histgb,2,0,0.5324675324675324
ethos_category_national_origin_vs_rest,"ethos__multilabel config, national_origin vs rest",svd_histgb,3,0,0.45569620253164556
ethos_category_national_origin_vs_rest,"ethos__multilabel config, national_origin vs rest",svd_histgb,4,0,0.5865384615384616
ethos_category_national_origin_vs_rest,"ethos__multilabel config, national_origin vs rest",svd_histgb,5,0,0.44871794871794873
ethos_category_national_origin_vs_rest,"ethos__multilabel config, national_origin vs rest",svd_histgb,6,0,0.44155844155844154
ethos_category_national_origin_vs_rest,"ethos__multilabel config, national_origin vs rest",svd_histgb,7,0,0.45569620253164556
ethos_category_national_origin_vs_rest,"ethos__multilabel config, national_origin vs rest",svd_histgb,8,0,0.44871794871794873
ethos_category_national_origin_vs_rest,"ethos__multilabel config, national_origin vs rest",svd_histgb,9,0,0.5656565656565656
ethos_category_national_origin_vs_rest,"ethos__multilabel config, national_origin vs rest",svd_knn,0,0,0.45
ethos_category_national_origin_vs_rest,"ethos__multilabel config, national_origin vs rest",svd_knn,1,0,0.5175438596491229
ethos_category_national_origin_vs_rest,"ethos__multilabel config, national_origin vs rest",svd_knn,2,0,0.6615384615384616
ethos_category_national_origin_vs_rest,"ethos__multilabel config, national_origin vs rest",svd_knn,3,0,0.5656565656565656
ethos_category_national_origin_vs_rest,"ethos__multilabel config, national_origin vs rest",svd_knn,4,0,0.4342105263157895
ethos_category_national_origin_vs_rest,"ethos__multilabel config, national_origin vs rest",svd_knn,5,0,0.5309090909090909
ethos_category_national_origin_vs_rest,"ethos__multilabel config, national_origin vs rest",svd_knn,6,0,0.5656565656565656
ethos_category_national_origin_vs_rest,"ethos__multilabel config, national_origin vs rest",svd_knn,7,0,0.44155844155844154
ethos_category_national_origin_vs_rest,"ethos__multilabel config, national_origin vs rest",svd_knn,8,0,0.5865384615384616
ethos_category_national_origin_vs_rest,"ethos__multilabel config, national_origin vs rest",svd_knn,9,0,0.5656565656565656
ethos_category_national_origin_vs_rest,"ethos__multilabel config, national_origin vs rest",minilm_lr,0,0,0.8472222222222222
ethos_category_national_origin_vs_rest,"ethos__multilabel config, national_origin vs rest",minilm_lr,1,0,0.6841025641025641
ethos_category_national_origin_vs_rest,"ethos__multilabel config, national_origin vs rest",minilm_lr,2,0,0.8794520547945206
ethos_category_national_origin_vs_rest,"ethos__multilabel config, national_origin vs rest",minilm_lr,3,0,0.8293650793650793
ethos_category_national_origin_vs_rest,"ethos__multilabel config, national_origin vs rest",minilm_lr,4,0,0.9146825396825397
ethos_category_national_origin_vs_rest,"ethos__multilabel config, national_origin vs rest",minilm_lr,5,0,0.8900255754475703
ethos_category_national_origin_vs_rest,"ethos__multilabel config, national_origin vs rest",minilm_lr,6,0,0.9596244131455399
ethos_category_national_origin_vs_rest,"ethos__multilabel config, national_origin vs rest",minilm_lr,7,0,0.9232142857142858
ethos_category_national_origin_vs_rest,"ethos__multilabel config, national_origin vs rest",minilm_lr,8,0,0.9031531531531531
ethos_category_national_origin_vs_rest,"ethos__multilabel config, national_origin vs rest",minilm_lr,9,0,0.8986645718774549
ethos_category_national_origin_vs_rest,"ethos__multilabel config, national_origin vs rest",minilm_mlp,0,0,0.8472222222222222
ethos_category_national_origin_vs_rest,"ethos__multilabel config, national_origin vs rest",minilm_mlp,1,0,0.6841025641025641
ethos_category_national_origin_vs_rest,"ethos__multilabel config, national_origin vs rest",minilm_mlp,2,0,0.9635459817729909
ethos_category_national_origin_vs_rest,"ethos__multilabel config, national_origin vs rest",minilm_mlp,3,0,0.8640674394099052
ethos_category_national_origin_vs_rest,"ethos__multilabel config, national_origin vs rest",minilm_mlp,4,0,0.9546891464699684
ethos_category_national_origin_vs_rest,"ethos__multilabel config, national_origin vs rest",minilm_mlp,5,0,0.8900255754475703
ethos_category_national_origin_vs_rest,"ethos__multilabel config, national_origin vs rest",minilm_mlp,6,0,0.9596244131455399
ethos_category_national_origin_vs_rest,"ethos__multilabel config, national_origin vs rest",minilm_mlp,7,0,0.9596244131455399
ethos_category_national_origin_vs_rest,"ethos__multilabel config, national_origin vs rest",minilm_mlp,8,0,0.9031531531531531
ethos_category_national_origin_vs_rest,"ethos__multilabel config, national_origin vs rest",minilm_mlp,9,0,0.8986645718774549
ethos_category_national_origin_vs_rest,"ethos__multilabel config, national_origin vs rest",hatebert_lr,0,0,0.8472222222222222
ethos_category_national_origin_vs_rest,"ethos__multilabel config, national_origin vs rest",hatebert_lr,1,0,0.6944444444444444
ethos_category_national_origin_vs_rest,"ethos__multilabel config, national_origin vs rest",hatebert_lr,2,0,0.7451737451737452
ethos_category_national_origin_vs_rest,"ethos__multilabel config, national_origin vs rest",hatebert_lr,3,0,0.5309090909090909
ethos_category_national_origin_vs_rest,"ethos__multilabel config, national_origin vs rest",hatebert_lr,4,0,0.7696428571428571
ethos_category_national_origin_vs_rest,"ethos__multilabel config, national_origin vs rest",hatebert_lr,5,0,0.6366197183098592
ethos_category_national_origin_vs_rest,"ethos__multilabel config, national_origin vs rest",hatebert_lr,6,0,0.8788732394366197
ethos_category_national_origin_vs_rest,"ethos__multilabel config, national_origin vs rest",hatebert_lr,7,0,0.7696428571428571
ethos_category_national_origin_vs_rest,"ethos__multilabel config, national_origin vs rest",hatebert_lr,8,0,0.8063063063063063
ethos_category_national_origin_vs_rest,"ethos__multilabel config, national_origin vs rest",hatebert_lr,9,0,0.7892156862745098
ethos_category_national_origin_vs_rest,"ethos__multilabel config, national_origin vs rest",mbert_lr,0,0,0.6944444444444444
ethos_category_national_origin_vs_rest,"ethos__multilabel config, national_origin vs rest",mbert_lr,1,0,0.6602316602316602
ethos_category_national_origin_vs_rest,"ethos__multilabel config, national_origin vs rest",mbert_lr,2,0,0.6944444444444444
ethos_category_national_origin_vs_rest,"ethos__multilabel config, national_origin vs rest",mbert_lr,3,0,0.7734457323498419
ethos_category_national_origin_vs_rest,"ethos__multilabel config, national_origin vs rest",mbert_lr,4,0,0.6959937156323645
ethos_category_national_origin_vs_rest,"ethos__multilabel config, national_origin vs rest",mbert_lr,5,0,0.6587301587301587
ethos_category_national_origin_vs_rest,"ethos__multilabel config, national_origin vs rest",mbert_lr,6,0,0.7981220657276995
ethos_category_national_origin_vs_rest,"ethos__multilabel config, national_origin vs rest",mbert_lr,7,0,0.6605263157894736
ethos_category_national_origin_vs_rest,"ethos__multilabel config, national_origin vs rest",mbert_lr,8,0,0.8063063063063063
ethos_category_national_origin_vs_rest,"ethos__multilabel config, national_origin vs rest",mbert_lr,9,0,0.8594771241830066
ethos_category_race_vs_rest,"ethos__multilabel config, race vs rest",tfidf_word_lr,0,0,0.8906379453189726
ethos_category_race_vs_rest,"ethos__multilabel config, race vs rest",tfidf_word_lr,1,0,0.8070175438596491
ethos_category_race_vs_rest,"ethos__multilabel config, race vs rest",tfidf_word_lr,2,0,0.8906379453189726
ethos_category_race_vs_rest,"ethos__multilabel config, race vs rest",tfidf_word_lr,3,0,0.8436363636363636
ethos_category_race_vs_rest,"ethos__multilabel config, race vs rest",tfidf_word_lr,4,0,0.7173708920187793
ethos_category_race_vs_rest,"ethos__multilabel config, race vs rest",tfidf_word_lr,5,0,0.8436363636363636
ethos_category_race_vs_rest,"ethos__multilabel config, race vs rest",tfidf_word_lr,6,0,0.5656565656565656
ethos_category_race_vs_rest,"ethos__multilabel config, race vs rest",tfidf_word_lr,7,0,0.7734457323498419
ethos_category_race_vs_rest,"ethos__multilabel config, race vs rest",tfidf_word_lr,8,0,0.8640674394099052
ethos_category_race_vs_rest,"ethos__multilabel config, race vs rest",tfidf_word_lr,9,0,0.7393939393939394
ethos_category_race_vs_rest,"ethos__multilabel config, race vs rest",tfidf_char_svm,0,0,1.0
ethos_category_race_vs_rest,"ethos__multilabel config, race vs rest",tfidf_char_svm,1,0,0.8070175438596491
ethos_category_race_vs_rest,"ethos__multilabel config, race vs rest",tfidf_char_svm,2,0,0.8794520547945206
ethos_category_race_vs_rest,"ethos__multilabel config, race vs rest",tfidf_char_svm,3,0,0.8063063063063063
ethos_category_race_vs_rest,"ethos__multilabel config, race vs rest",tfidf_char_svm,4,0,0.7440476190476191
ethos_category_race_vs_rest,"ethos__multilabel config, race vs rest",tfidf_char_svm,5,0,0.9031531531531531
ethos_category_race_vs_rest,"ethos__multilabel config, race vs rest",tfidf_char_svm,6,0,0.6605263157894736
ethos_category_race_vs_rest,"ethos__multilabel config, race vs rest",tfidf_char_svm,7,0,0.8464285714285714
ethos_category_race_vs_rest,"ethos__multilabel config, race vs rest",tfidf_char_svm,8,0,0.8063063063063063
ethos_category_race_vs_rest,"ethos__multilabel config, race vs rest",tfidf_char_svm,9,0,0.8640674394099052
ethos_category_race_vs_rest,"ethos__multilabel config, race vs rest",tfidf_nb,0,0,0.8301158301158301
ethos_category_race_vs_rest,"ethos__multilabel config, race vs rest",tfidf_nb,1,0,0.7402597402597402
ethos_category_race_vs_rest,"ethos__multilabel config, race vs rest",tfidf_nb,2,0,0.7990867579908676
ethos_category_race_vs_rest,"ethos__multilabel config, race vs rest",tfidf_nb,3,0,0.6605263157894736
ethos_category_race_vs_rest,"ethos__multilabel config, race vs rest",tfidf_nb,4,0,0.7440476190476191
ethos_category_race_vs_rest,"ethos__multilabel config, race vs rest",tfidf_nb,5,0,0.6897546897546898
ethos_category_race_vs_rest,"ethos__multilabel config, race vs rest",tfidf_nb,6,0,0.44155844155844154
ethos_category_race_vs_rest,"ethos__multilabel config, race vs rest",tfidf_nb,7,0,0.6605263157894736
ethos_category_race_vs_rest,"ethos__multilabel config, race vs rest",tfidf_nb,8,0,0.7094594594594594
ethos_category_race_vs_rest,"ethos__multilabel config, race vs rest",tfidf_nb,9,0,0.7440476190476191
ethos_category_race_vs_rest,"ethos__multilabel config, race vs rest",svd_rf,0,0,0.5324675324675324
ethos_category_race_vs_rest,"ethos__multilabel config, race vs rest",svd_rf,1,0,0.6615384615384616
ethos_category_race_vs_rest,"ethos__multilabel config, race vs rest",svd_rf,2,0,0.6841025641025641
ethos_category_race_vs_rest,"ethos__multilabel config, race vs rest",svd_rf,3,0,0.6897546897546898
ethos_category_race_vs_rest,"ethos__multilabel config, race vs rest",svd_rf,4,0,0.8063063063063063
ethos_category_race_vs_rest,"ethos__multilabel config, race vs rest",svd_rf,5,0,0.7094594594594594
ethos_category_race_vs_rest,"ethos__multilabel config, race vs rest",svd_rf,6,0,0.44871794871794873
ethos_category_race_vs_rest,"ethos__multilabel config, race vs rest",svd_rf,7,0,0.7094594594594594
ethos_category_race_vs_rest,"ethos__multilabel config, race vs rest",svd_rf,8,0,0.6126126126126126
ethos_category_race_vs_rest,"ethos__multilabel config, race vs rest",svd_rf,9,0,0.5656565656565656
ethos_category_race_vs_rest,"ethos__multilabel config, race vs rest",svd_histgb,0,0,0.6615384615384616
ethos_category_race_vs_rest,"ethos__multilabel config, race vs rest",svd_histgb,1,0,0.7402597402597402
ethos_category_race_vs_rest,"ethos__multilabel config, race vs rest",svd_histgb,2,0,0.6363636363636364
ethos_category_race_vs_rest,"ethos__multilabel config, race vs rest",svd_histgb,3,0,0.5865384615384616
ethos_category_race_vs_rest,"ethos__multilabel config, race vs rest",svd_histgb,4,0,0.8436363636363636
ethos_category_race_vs_rest,"ethos__multilabel config, race vs rest",svd_histgb,5,0,0.6897546897546898
ethos_category_race_vs_rest,"ethos__multilabel config, race vs rest",svd_histgb,6,0,0.44871794871794873
ethos_category_race_vs_rest,"ethos__multilabel config, race vs rest",svd_histgb,7,0,0.7393939393939394
ethos_category_race_vs_rest,"ethos__multilabel config, race vs rest",svd_histgb,8,0,0.6351515151515151
ethos_category_race_vs_rest,"ethos__multilabel config, race vs rest",svd_histgb,9,0,0.5656565656565656
ethos_category_race_vs_rest,"ethos__multilabel config, race vs rest",svd_knn,0,0,0.7187214611872146
ethos_category_race_vs_rest,"ethos__multilabel config, race vs rest",svd_knn,1,0,0.5035897435897436
ethos_category_race_vs_rest,"ethos__multilabel config, race vs rest",svd_knn,2,0,0.8301158301158301
ethos_category_race_vs_rest,"ethos__multilabel config, race vs rest",svd_knn,3,0,0.6351515151515151
ethos_category_race_vs_rest,"ethos__multilabel config, race vs rest",svd_knn,4,0,0.7094594594594594
ethos_category_race_vs_rest,"ethos__multilabel config, race vs rest",svd_knn,5,0,0.6897546897546898
ethos_category_race_vs_rest,"ethos__multilabel config, race vs rest",svd_knn,6,0,0.44871794871794873
ethos_category_race_vs_rest,"ethos__multilabel config, race vs rest",svd_knn,7,0,0.6351515151515151
ethos_category_race_vs_rest,"ethos__multilabel config, race vs rest",svd_knn,8,0,0.6351515151515151
ethos_category_race_vs_rest,"ethos__multilabel config, race vs rest",svd_knn,9,0,0.6126126126126126
ethos_category_race_vs_rest,"ethos__multilabel config, race vs rest",minilm_lr,0,0,0.8705882352941177
ethos_category_race_vs_rest,"ethos__multilabel config, race vs rest",minilm_lr,1,0,0.8646153846153846
ethos_category_race_vs_rest,"ethos__multilabel config, race vs rest",minilm_lr,2,0,0.9236111111111112
ethos_category_race_vs_rest,"ethos__multilabel config, race vs rest",minilm_lr,3,0,0.9596244131455399
ethos_category_race_vs_rest,"ethos__multilabel config, race vs rest",minilm_lr,4,0,0.9146825396825397
ethos_category_race_vs_rest,"ethos__multilabel config, race vs rest",minilm_lr,5,0,0.9596244131455399
ethos_category_race_vs_rest,"ethos__multilabel config, race vs rest",minilm_lr,6,0,0.8788732394366197
ethos_category_race_vs_rest,"ethos__multilabel config, race vs rest",minilm_lr,7,0,0.8640674394099052
ethos_category_race_vs_rest,"ethos__multilabel config, race vs rest",minilm_lr,8,0,0.9232142857142858
ethos_category_race_vs_rest,"ethos__multilabel config, race vs rest",minilm_lr,9,0,0.8464285714285714
ethos_category_race_vs_rest,"ethos__multilabel config, race vs rest",minilm_mlp,0,0,0.8993135011441648
ethos_category_race_vs_rest,"ethos__multilabel config, race vs rest",minilm_mlp,1,0,0.8646153846153846
ethos_category_race_vs_rest,"ethos__multilabel config, race vs rest",minilm_mlp,2,0,0.9635459817729909
ethos_category_race_vs_rest,"ethos__multilabel config, race vs rest",minilm_mlp,3,0,0.9596244131455399
ethos_category_race_vs_rest,"ethos__multilabel config, race vs rest",minilm_mlp,4,0,0.9146825396825397
ethos_category_race_vs_rest,"ethos__multilabel config, race vs rest",minilm_mlp,5,0,0.9146825396825397
ethos_category_race_vs_rest,"ethos__multilabel config, race vs rest",minilm_mlp,6,0,0.9596244131455399
ethos_category_race_vs_rest,"ethos__multilabel config, race vs rest",minilm_mlp,7,0,0.8788732394366197
ethos_category_race_vs_rest,"ethos__multilabel config, race vs rest",minilm_mlp,8,0,0.9232142857142858
ethos_category_race_vs_rest,"ethos__multilabel config, race vs rest",minilm_mlp,9,0,0.8464285714285714
ethos_category_race_vs_rest,"ethos__multilabel config, race vs rest",hatebert_lr,0,0,0.8993135011441648
ethos_category_race_vs_rest,"ethos__multilabel config, race vs rest",hatebert_lr,1,0,0.6615384615384616
ethos_category_race_vs_rest,"ethos__multilabel config, race vs rest",hatebert_lr,2,0,0.8472222222222222
ethos_category_race_vs_rest,"ethos__multilabel config, race vs rest",hatebert_lr,3,0,0.7440476190476191
ethos_category_race_vs_rest,"ethos__multilabel config, race vs rest",hatebert_lr,4,0,0.9146825396825397
ethos_category_race_vs_rest,"ethos__multilabel config, race vs rest",hatebert_lr,5,0,1.0
ethos_category_race_vs_rest,"ethos__multilabel config, race vs rest",hatebert_lr,6,0,0.6828240252897787
ethos_category_race_vs_rest,"ethos__multilabel config, race vs rest",hatebert_lr,7,0,0.8311076197957581
ethos_category_race_vs_rest,"ethos__multilabel config, race vs rest",hatebert_lr,8,0,0.8788732394366197
ethos_category_race_vs_rest,"ethos__multilabel config, race vs rest",hatebert_lr,9,0,0.8900255754475703
ethos_category_race_vs_rest,"ethos__multilabel config, race vs rest",mbert_lr,0,0,0.8058823529411765
ethos_category_race_vs_rest,"ethos__multilabel config, race vs rest",mbert_lr,1,0,0.6602316602316602
ethos_category_race_vs_rest,"ethos__multilabel config, race vs rest",mbert_lr,2,0,0.7448218724109362
ethos_category_race_vs_rest,"ethos__multilabel config, race vs rest",mbert_lr,3,0,0.6959937156323645
ethos_category_race_vs_rest,"ethos__multilabel config, race vs rest",mbert_lr,4,0,0.6366197183098592
ethos_category_race_vs_rest,"ethos__multilabel config, race vs rest",mbert_lr,5,0,0.8293650793650793
ethos_category_race_vs_rest,"ethos__multilabel config, race vs rest",mbert_lr,6,0,0.7094594594594594
ethos_category_race_vs_rest,"ethos__multilabel config, race vs rest",mbert_lr,7,0,0.6587301587301587
ethos_category_race_vs_rest,"ethos__multilabel config, race vs rest",mbert_lr,8,0,0.670076726342711
ethos_category_race_vs_rest,"ethos__multilabel config, race vs rest",mbert_lr,9,0,0.6160714285714286
ethos_category_religion_vs_rest,"ethos__multilabel config, religion vs rest",tfidf_word_lr,0,0,0.8301158301158301
ethos_category_religion_vs_rest,"ethos__multilabel config, religion vs rest",tfidf_word_lr,1,0,0.7105263157894737
ethos_category_religion_vs_rest,"ethos__multilabel config, religion vs rest",tfidf_word_lr,2,0,0.7743589743589744
ethos_category_religion_vs_rest,"ethos__multilabel config, religion vs rest",tfidf_word_lr,3,0,0.6828240252897787
ethos_category_religion_vs_rest,"ethos__multilabel config, religion vs rest",tfidf_word_lr,4,0,0.8788732394366197
ethos_category_religion_vs_rest,"ethos__multilabel config, religion vs rest",tfidf_word_lr,5,0,0.7734457323498419
ethos_category_religion_vs_rest,"ethos__multilabel config, religion vs rest",tfidf_word_lr,6,0,0.8788732394366197
ethos_category_religion_vs_rest,"ethos__multilabel config, religion vs rest",tfidf_word_lr,7,0,0.7393939393939394
ethos_category_religion_vs_rest,"ethos__multilabel config, religion vs rest",tfidf_word_lr,8,0,0.8788732394366197
ethos_category_religion_vs_rest,"ethos__multilabel config, religion vs rest",tfidf_word_lr,9,0,0.8167092924126172
ethos_category_religion_vs_rest,"ethos__multilabel config, religion vs rest",tfidf_char_svm,0,0,0.915057915057915
ethos_category_religion_vs_rest,"ethos__multilabel config, religion vs rest",tfidf_char_svm,1,0,0.7990867579908676
ethos_category_religion_vs_rest,"ethos__multilabel config, religion vs rest",tfidf_char_svm,2,0,0.8301158301158301
ethos_category_religion_vs_rest,"ethos__multilabel config, religion vs rest",tfidf_char_svm,3,0,0.7734457323498419
ethos_category_religion_vs_rest,"ethos__multilabel config, religion vs rest",tfidf_char_svm,4,0,0.9146825396825397
ethos_category_religion_vs_rest,"ethos__multilabel config, religion vs rest",tfidf_char_svm,5,0,0.8640674394099052
ethos_category_religion_vs_rest,"ethos__multilabel config, religion vs rest",tfidf_char_svm,6,0,0.9232142857142858
ethos_category_religion_vs_rest,"ethos__multilabel config, religion vs rest",tfidf_char_svm,7,0,0.7094594594594594
ethos_category_religion_vs_rest,"ethos__multilabel config, religion vs rest",tfidf_char_svm,8,0,0.9596244131455399
ethos_category_religion_vs_rest,"ethos__multilabel config, religion vs rest",tfidf_char_svm,9,0,0.8167092924126172
ethos_category_religion_vs_rest,"ethos__multilabel config, religion vs rest",tfidf_nb,0,0,0.8070175438596491
ethos_category_religion_vs_rest,"ethos__multilabel config, religion vs rest",tfidf_nb,1,0,0.7743589743589744
ethos_category_religion_vs_rest,"ethos__multilabel config, religion vs rest",tfidf_nb,2,0,0.7743589743589744
ethos_category_religion_vs_rest,"ethos__multilabel config, religion vs rest",tfidf_nb,3,0,0.6828240252897787
ethos_category_religion_vs_rest,"ethos__multilabel config, religion vs rest",tfidf_nb,4,0,0.7734457323498419
ethos_category_religion_vs_rest,"ethos__multilabel config, religion vs rest",tfidf_nb,5,0,0.8640674394099052
ethos_category_religion_vs_rest,"ethos__multilabel config, religion vs rest",tfidf_nb,6,0,0.6351515151515151
ethos_category_religion_vs_rest,"ethos__multilabel config, religion vs rest",tfidf_nb,7,0,0.8063063063063063
ethos_category_religion_vs_rest,"ethos__multilabel config, religion vs rest",tfidf_nb,8,0,0.5656565656565656
ethos_category_religion_vs_rest,"ethos__multilabel config, religion vs rest",tfidf_nb,9,0,0.7734457323498419
ethos_category_religion_vs_rest,"ethos__multilabel config, religion vs rest",svd_rf,0,0,0.6615384615384616
ethos_category_religion_vs_rest,"ethos__multilabel config, religion vs rest",svd_rf,1,0,0.7402597402597402
ethos_category_religion_vs_rest,"ethos__multilabel config, religion vs rest",svd_rf,2,0,0.5487179487179488
ethos_category_religion_vs_rest,"ethos__multilabel config, religion vs rest",svd_rf,3,0,0.5157657657657658
ethos_category_religion_vs_rest,"ethos__multilabel config, religion vs rest",svd_rf,4,0,0.7393939393939394
ethos_category_religion_vs_rest,"ethos__multilabel config, religion vs rest",svd_rf,5,0,0.7393939393939394
ethos_category_religion_vs_rest,"ethos__multilabel config, religion vs rest",svd_rf,6,0,0.44871794871794873
ethos_category_religion_vs_rest,"ethos__multilabel config, religion vs rest",svd_rf,7,0,0.6605263157894736
ethos_category_religion_vs_rest,"ethos__multilabel config, religion vs rest",svd_rf,8,0,0.7393939393939394
ethos_category_religion_vs_rest,"ethos__multilabel config, religion vs rest",svd_rf,9,0,0.8063063063063063
ethos_category_religion_vs_rest,"ethos__multilabel config, religion vs rest",svd_histgb,0,0,0.6615384615384616
ethos_category_religion_vs_rest,"ethos__multilabel config, religion vs rest",svd_histgb,1,0,0.6615384615384616
ethos_category_religion_vs_rest,"ethos__multilabel config, religion vs rest",svd_histgb,2,0,0.5487179487179488
ethos_category_religion_vs_rest,"ethos__multilabel config, religion vs rest",svd_histgb,3,0,0.5473684210526316
ethos_category_religion_vs_rest,"ethos__multilabel config, religion vs rest",svd_histgb,4,0,0.7393939393939394
ethos_category_religion_vs_rest,"ethos__multilabel config, religion vs rest",svd_histgb,5,0,0.5656565656565656
ethos_category_religion_vs_rest,"ethos__multilabel config, religion vs rest",svd_histgb,6,0,0.44871794871794873
ethos_category_religion_vs_rest,"ethos__multilabel config, religion vs rest",svd_histgb,7,0,0.5656565656565656
ethos_category_religion_vs_rest,"ethos__multilabel config, religion vs rest",svd_histgb,8,0,0.7393939393939394
ethos_category_religion_vs_rest,"ethos__multilabel config, religion vs rest",svd_histgb,9,0,0.8293650793650793
ethos_category_religion_vs_rest,"ethos__multilabel config, religion vs rest",svd_knn,0,0,0.6140350877192983
ethos_category_religion_vs_rest,"ethos__multilabel config, religion vs rest",svd_knn,1,0,0.6363636363636364
ethos_category_religion_vs_rest,"ethos__multilabel config, religion vs rest",svd_knn,2,0,0.6841025641025641
ethos_category_religion_vs_rest,"ethos__multilabel config, religion vs rest",svd_knn,3,0,0.6126126126126126
ethos_category_religion_vs_rest,"ethos__multilabel config, religion vs rest",svd_knn,4,0,0.7393939393939394
ethos_category_religion_vs_rest,"ethos__multilabel config, religion vs rest",svd_knn,5,0,0.7094594594594594
ethos_category_religion_vs_rest,"ethos__multilabel config, religion vs rest",svd_knn,6,0,0.6605263157894736
ethos_category_religion_vs_rest,"ethos__multilabel config, religion vs rest",svd_knn,7,0,0.5656565656565656
ethos_category_religion_vs_rest,"ethos__multilabel config, religion vs rest",svd_knn,8,0,0.5473684210526316
ethos_category_religion_vs_rest,"ethos__multilabel config, religion vs rest",svd_knn,9,0,0.6828240252897787
ethos_category_religion_vs_rest,"ethos__multilabel config, religion vs rest",minilm_lr,0,0,0.9598173515981735
ethos_category_religion_vs_rest,"ethos__multilabel config, religion vs rest",minilm_lr,1,0,0.9301587301587302
ethos_category_religion_vs_rest,"ethos__multilabel config, religion vs rest",minilm_lr,2,0,0.84363894811656
ethos_category_religion_vs_rest,"ethos__multilabel config, religion vs rest",minilm_lr,3,0,0.8788732394366197
ethos_category_religion_vs_rest,"ethos__multilabel config, religion vs rest",minilm_lr,4,0,0.9146825396825397
ethos_category_religion_vs_rest,"ethos__multilabel config, religion vs rest",minilm_lr,5,0,0.9633418584825235
ethos_category_religion_vs_rest,"ethos__multilabel config, religion vs rest",minilm_lr,6,0,0.9146825396825397
ethos_category_religion_vs_rest,"ethos__multilabel config, religion vs rest",minilm_lr,7,0,0.9633418584825235
ethos_category_religion_vs_rest,"ethos__multilabel config, religion vs rest",minilm_lr,8,0,0.9232142857142858
ethos_category_religion_vs_rest,"ethos__multilabel config, religion vs rest",minilm_lr,9,0,0.9633418584825235
ethos_category_religion_vs_rest,"ethos__multilabel config, religion vs rest",minilm_mlp,0,0,0.915057915057915
ethos_category_religion_vs_rest,"ethos__multilabel config, religion vs rest",minilm_mlp,1,0,0.8993135011441648
ethos_category_religion_vs_rest,"ethos__multilabel config, religion vs rest",minilm_mlp,2,0,0.8705882352941177
ethos_category_religion_vs_rest,"ethos__multilabel config, religion vs rest",minilm_mlp,3,0,0.8594771241830066
ethos_category_religion_vs_rest,"ethos__multilabel config, religion vs rest",minilm_mlp,4,0,0.9146825396825397
ethos_category_religion_vs_rest,"ethos__multilabel config, religion vs rest",minilm_mlp,5,0,0.9232142857142858
ethos_category_religion_vs_rest,"ethos__multilabel config, religion vs rest",minilm_mlp,6,0,0.9633418584825235
ethos_category_religion_vs_rest,"ethos__multilabel config, religion vs rest",minilm_mlp,7,0,0.9633418584825235
ethos_category_religion_vs_rest,"ethos__multilabel config, religion vs rest",minilm_mlp,8,0,0.9297385620915033
ethos_category_religion_vs_rest,"ethos__multilabel config, religion vs rest",minilm_mlp,9,0,0.9297385620915033
ethos_category_religion_vs_rest,"ethos__multilabel config, religion vs rest",hatebert_lr,0,0,0.8794520547945206
ethos_category_religion_vs_rest,"ethos__multilabel config, religion vs rest",hatebert_lr,1,0,0.8906379453189726
ethos_category_religion_vs_rest,"ethos__multilabel config, religion vs rest",hatebert_lr,2,0,0.8794520547945206
ethos_category_religion_vs_rest,"ethos__multilabel config, religion vs rest",hatebert_lr,3,0,0.7892156862745098
ethos_category_religion_vs_rest,"ethos__multilabel config, religion vs rest",hatebert_lr,4,0,0.8640674394099052
ethos_category_religion_vs_rest,"ethos__multilabel config, religion vs rest",hatebert_lr,5,0,0.7433930093776642
ethos_category_religion_vs_rest,"ethos__multilabel config, religion vs rest",hatebert_lr,6,0,0.9596244131455399
ethos_category_religion_vs_rest,"ethos__multilabel config, religion vs rest",hatebert_lr,7,0,0.8788732394366197
ethos_category_religion_vs_rest,"ethos__multilabel config, religion vs rest",hatebert_lr,8,0,0.9596244131455399
ethos_category_religion_vs_rest,"ethos__multilabel config, religion vs rest",hatebert_lr,9,0,0.7981220657276995
ethos_category_religion_vs_rest,"ethos__multilabel config, religion vs rest",mbert_lr,0,0,0.7451737451737452
ethos_category_religion_vs_rest,"ethos__multilabel config, religion vs rest",mbert_lr,1,0,0.7650648360030511
ethos_category_religion_vs_rest,"ethos__multilabel config, religion vs rest",mbert_lr,2,0,0.8906379453189726
ethos_category_religion_vs_rest,"ethos__multilabel config, religion vs rest",mbert_lr,3,0,0.8640674394099052
ethos_category_religion_vs_rest,"ethos__multilabel config, religion vs rest",mbert_lr,4,0,0.9146825396825397
ethos_category_religion_vs_rest,"ethos__multilabel config, religion vs rest",mbert_lr,5,0,0.7094594594594594
ethos_category_religion_vs_rest,"ethos__multilabel config, religion vs rest",mbert_lr,6,0,0.9297385620915033
ethos_category_religion_vs_rest,"ethos__multilabel config, religion vs rest",mbert_lr,7,0,0.8464285714285714
ethos_category_religion_vs_rest,"ethos__multilabel config, religion vs rest",mbert_lr,8,0,0.8464285714285714
ethos_category_religion_vs_rest,"ethos__multilabel config, religion vs rest",mbert_lr,9,0,0.8045454545454545
hatebr_offensive_binary,hatebr__all splits,tfidf_word_lr,0,0,0.7833116644997833
hatebr_offensive_binary,hatebr__all splits,tfidf_word_lr,1,0,0.8299829982998299
hatebr_offensive_binary,hatebr__all splits,tfidf_word_lr,2,0,0.7833309258991767
hatebr_offensive_binary,hatebr__all splits,tfidf_word_lr,3,0,0.8133333333333334
hatebr_offensive_binary,hatebr__all splits,tfidf_word_lr,4,0,0.7833309258991767
hatebr_offensive_binary,hatebr__all splits,tfidf_word_lr,5,0,0.8299981110901232
hatebr_offensive_binary,hatebr__all splits,tfidf_word_lr,6,0,0.7966101694915255
hatebr_offensive_binary,hatebr__all splits,tfidf_word_lr,7,0,0.8133001422475107
hatebr_offensive_binary,hatebr__all splits,tfidf_word_lr,8,0,0.8032786885245902
hatebr_offensive_binary,hatebr__all splits,tfidf_word_lr,9,0,0.8065893023876217
hatebr_offensive_binary,hatebr__all splits,tfidf_char_svm,0,0,0.8233156648998233
hatebr_offensive_binary,hatebr__all splits,tfidf_char_svm,1,0,0.8732826463918901
hatebr_offensive_binary,hatebr__all splits,tfidf_char_svm,2,0,0.8293153649639109
hatebr_offensive_binary,hatebr__all splits,tfidf_char_svm,3,0,0.8733277034534868
hatebr_offensive_binary,hatebr__all splits,tfidf_char_svm,4,0,0.8266589626205609
hatebr_offensive_binary,hatebr__all splits,tfidf_char_svm,5,0,0.8499182888461496
hatebr_offensive_binary,hatebr__all splits,tfidf_char_svm,6,0,0.8664529914529915
hatebr_offensive_binary,hatebr__all splits,tfidf_char_svm,7,0,0.8466598515489577
hatebr_offensive_binary,hatebr__all splits,tfidf_char_svm,8,0,0.8633196652998634
hatebr_offensive_binary,hatebr__all splits,tfidf_char_svm,9,0,0.8632588853931585
hatebr_offensive_binary,hatebr__all splits,tfidf_nb,0,0,0.7699360933592665
hatebr_offensive_binary,hatebr__all splits,tfidf_nb,1,0,0.8265433196940046
hatebr_offensive_binary,hatebr__all splits,tfidf_nb,2,0,0.8099472075576549
hatebr_offensive_binary,hatebr__all splits,tfidf_nb,3,0,0.8233156648998233
hatebr_offensive_binary,hatebr__all splits,tfidf_nb,4,0,0.7899416504584607
hatebr_offensive_binary,hatebr__all splits,tfidf_nb,5,0,0.8633318147979422
hatebr_offensive_binary,hatebr__all splits,tfidf_nb,6,0,0.8033311481238681
hatebr_offensive_binary,hatebr__all splits,tfidf_nb,7,0,0.8299073940256362
hatebr_offensive_binary,hatebr__all splits,tfidf_nb,8,0,0.8066666666666666
hatebr_offensive_binary,hatebr__all splits,tfidf_nb,9,0,0.8166646296069957
hatebr_offensive_binary,hatebr__all splits,svd_rf,0,0,0.7692590652205415
hatebr_offensive_binary,hatebr__all splits,svd_rf,1,0,0.7763660031820558
hatebr_offensive_binary,hatebr__all splits,svd_rf,2,0,0.7766641851576128
hatebr_offensive_binary,hatebr__all splits,svd_rf,3,0,0.7594761925972118
hatebr_offensive_binary,hatebr__all splits,svd_rf,4,0,0.7399884439308414
hatebr_offensive_binary,hatebr__all splits,svd_rf,5,0,0.7531578011030066
hatebr_offensive_binary,hatebr__all splits,svd_rf,6,0,0.7666666666666667
hatebr_offensive_binary,hatebr__all splits,svd_rf,7,0,0.7666562958353704
hatebr_offensive_binary,hatebr__all splits,svd_rf,8,0,0.78997899789979
hatebr_offensive_binary,hatebr__all splits,svd_rf,9,0,0.7398959583833533
hatebr_offensive_binary,hatebr__all splits,svd_histgb,0,0,0.7627401837928154
hatebr_offensive_binary,hatebr__all splits,svd_histgb,1,0,0.7866666666666666
hatebr_offensive_binary,hatebr__all splits,svd_histgb,2,0,0.8133333333333334
hatebr_offensive_binary,hatebr__all splits,svd_histgb,3,0,0.7699360933592665
hatebr_offensive_binary,hatebr__all splits,svd_histgb,4,0,0.7499305362600722
hatebr_offensive_binary,hatebr__all splits,svd_histgb,5,0,0.8099809980998101
hatebr_offensive_binary,hatebr__all splits,svd_histgb,6,0,0.7694235588972431
hatebr_offensive_binary,hatebr__all splits,svd_histgb,7,0,0.793296586059744
hatebr_offensive_binary,hatebr__all splits,svd_histgb,8,0,0.7699974444160491
hatebr_offensive_binary,hatebr__all splits,svd_histgb,9,0,0.7633307036744853
hatebr_offensive_binary,hatebr__all splits,svd_knn,0,0,0.7229608696135916
hatebr_offensive_binary,hatebr__all splits,svd_knn,1,0,0.7633307036744853
hatebr_offensive_binary,hatebr__all splits,svd_knn,2,0,0.7462606837606838
hatebr_offensive_binary,hatebr__all splits,svd_knn,3,0,0.7755669446956754
hatebr_offensive_binary,hatebr__all splits,svd_knn,4,0,0.7729700854700854
hatebr_offensive_binary,hatebr__all splits,svd_knn,5,0,0.7256791114679513
hatebr_offensive_binary,hatebr__all splits,svd_knn,6,0,0.7395833333333333
hatebr_offensive_binary,hatebr__all splits,svd_knn,7,0,0.7395833333333333
hatebr_offensive_binary,hatebr__all splits,svd_knn,8,0,0.7564474693891169
hatebr_offensive_binary,hatebr__all splits,svd_knn,9,0,0.7965559026581139
hatebr_offensive_binary,hatebr__all splits,minilm_lr,0,0,0.7299969999666662
hatebr_offensive_binary,hatebr__all splits,minilm_lr,1,0,0.7466554069069737
hatebr_offensive_binary,hatebr__all splits,minilm_lr,2,0,0.753322369883106
hatebr_offensive_binary,hatebr__all splits,minilm_lr,3,0,0.7796474358974359
hatebr_offensive_binary,hatebr__all splits,minilm_lr,4,0,0.76
hatebr_offensive_binary,hatebr__all splits,minilm_lr,5,0,0.7433304814497939
hatebr_offensive_binary,hatebr__all splits,minilm_lr,6,0,0.7429877947017658
hatebr_offensive_binary,hatebr__all splits,minilm_lr,7,0,0.78
hatebr_offensive_binary,hatebr__all splits,minilm_lr,8,0,0.7498638147435825
hatebr_offensive_binary,hatebr__all splits,minilm_lr,9,0,0.7465652927837803
hatebr_offensive_binary,hatebr__all splits,minilm_mlp,0,0,0.7695672985940265
hatebr_offensive_binary,hatebr__all splits,minilm_mlp,1,0,0.7932506335867681
hatebr_offensive_binary,hatebr__all splits,minilm_mlp,2,0,0.789717286574172
hatebr_offensive_binary,hatebr__all splits,minilm_mlp,3,0,0.8032786885245902
hatebr_offensive_binary,hatebr__all splits,minilm_mlp,4,0,0.7732930298719772
hatebr_offensive_binary,hatebr__all splits,minilm_mlp,5,0,0.7699974444160491
hatebr_offensive_binary,hatebr__all splits,minilm_mlp,6,0,0.78997899789979
hatebr_offensive_binary,hatebr__all splits,minilm_mlp,7,0,0.7833309258991767
hatebr_offensive_binary,hatebr__all splits,minilm_mlp,8,0,0.7729700854700854
hatebr_offensive_binary,hatebr__all splits,minilm_mlp,9,0,0.8033311481238681
hatebr_offensive_binary,hatebr__all splits,hatebert_lr,0,0,0.72997299729973
hatebr_offensive_binary,hatebr__all splits,hatebert_lr,1,0,0.7365232181965737
hatebr_offensive_binary,hatebr__all splits,hatebert_lr,2,0,0.7562088811212164
hatebr_offensive_binary,hatebr__all splits,hatebert_lr,3,0,0.7231826216495647
hatebr_offensive_binary,hatebr__all splits,hatebert_lr,4,0,0.7729700854700854
hatebr_offensive_binary,hatebr__all splits,hatebert_lr,5,0,0.6599848882172541
hatebr_offensive_binary,hatebr__all splits,hatebert_lr,6,0,0.6998799519807923
hatebr_offensive_binary,hatebr__all splits,hatebert_lr,7,0,0.7298529199230692
hatebr_offensive_binary,hatebr__all splits,hatebert_lr,8,0,0.7333214809547091
hatebr_offensive_binary,hatebr__all splits,hatebert_lr,9,0,0.7597330367074526
hatebr_offensive_binary,hatebr__all splits,mbert_lr,0,0,0.7397107897664071
hatebr_offensive_binary,hatebr__all splits,mbert_lr,1,0,0.786628733997155
hatebr_offensive_binary,hatebr__all splits,mbert_lr,2,0,0.732751325108013
hatebr_offensive_binary,hatebr__all splits,mbert_lr,3,0,0.73666374070823
hatebr_offensive_binary,hatebr__all splits,mbert_lr,4,0,0.7365934981939428
hatebr_offensive_binary,hatebr__all splits,mbert_lr,5,0,0.7432620172270075
hatebr_offensive_binary,hatebr__all splits,mbert_lr,6,0,0.7230841090314617
hatebr_offensive_binary,hatebr__all splits,mbert_lr,7,0,0.74997499749975
hatebr_offensive_binary,hatebr__all splits,mbert_lr,8,0,0.7199875550024446
hatebr_offensive_binary,hatebr__all splits,mbert_lr,9,0,0.74997499749975
hatebr_partyism_vs_rest,"hatebr__all splits, partyism sub-category vs rest",tfidf_word_lr,0,0,0.7948232323232323
hatebr_partyism_vs_rest,"hatebr__all splits, partyism sub-category vs rest",tfidf_word_lr,1,0,0.8280520756570867
hatebr_partyism_vs_rest,"hatebr__all splits, partyism sub-category vs rest",tfidf_word_lr,2,0,0.7407407407407407
hatebr_partyism_vs_rest,"hatebr__all splits, partyism sub-category vs rest",tfidf_word_lr,3,0,0.7735849056603774
hatebr_partyism_vs_rest,"hatebr__all splits, partyism sub-category vs rest",tfidf_word_lr,4,0,0.7536421424009245
hatebr_partyism_vs_rest,"hatebr__all splits, partyism sub-category vs rest",tfidf_word_lr,5,0,0.7376399253731343
hatebr_partyism_vs_rest,"hatebr__all splits, partyism sub-category vs rest",tfidf_word_lr,6,0,0.7735849056603774
hatebr_partyism_vs_rest,"hatebr__all splits, partyism sub-category vs rest",tfidf_word_lr,7,0,0.7461721116842708
hatebr_partyism_vs_rest,"hatebr__all splits, partyism sub-category vs rest",tfidf_word_lr,8,0,0.7957099080694586
hatebr_partyism_vs_rest,"hatebr__all splits, partyism sub-category vs rest",tfidf_word_lr,9,0,0.7670740474478792
hatebr_partyism_vs_rest,"hatebr__all splits, partyism sub-category vs rest",tfidf_char_svm,0,0,0.8560978534596475
hatebr_partyism_vs_rest,"hatebr__all splits, partyism sub-category vs rest",tfidf_char_svm,1,0,0.8298582151793161
hatebr_partyism_vs_rest,"hatebr__all splits, partyism sub-category vs rest",tfidf_char_svm,2,0,0.7321332904746598
hatebr_partyism_vs_rest,"hatebr__all splits, partyism sub-category vs rest",tfidf_char_svm,3,0,0.849250687239514
hatebr_partyism_vs_rest,"hatebr__all splits, partyism sub-category vs rest",tfidf_char_svm,4,0,0.803046218487395
hatebr_partyism_vs_rest,"hatebr__all splits, partyism sub-category vs rest",tfidf_char_svm,5,0,0.8621323529411764
hatebr_partyism_vs_rest,"hatebr__all splits, partyism sub-category vs rest",tfidf_char_svm,6,0,0.8201223168245593
hatebr_partyism_vs_rest,"hatebr__all splits, partyism sub-category vs rest",tfidf_char_svm,7,0,0.8158379373848987
hatebr_partyism_vs_rest,"hatebr__all splits, partyism sub-category vs rest",tfidf_char_svm,8,0,0.8966133024217551
hatebr_partyism_vs_rest,"hatebr__all splits, partyism sub-category vs rest",tfidf_char_svm,9,0,0.8214229769103042
hatebr_partyism_vs_rest,"hatebr__all splits, partyism sub-category vs rest",tfidf_nb,0,0,0.5550343209961712
hatebr_partyism_vs_rest,"hatebr__all splits, partyism sub-category vs rest",tfidf_nb,1,0,0.5795795795795795
hatebr_partyism_vs_rest,"hatebr__all splits, partyism sub-category vs rest",tfidf_nb,2,0,0.5821279331404693
hatebr_partyism_vs_rest,"hatebr__all splits, partyism sub-category vs rest",tfidf_nb,3,0,0.6035572699024965
hatebr_partyism_vs_rest,"hatebr__all splits, partyism sub-category vs rest",tfidf_nb,4,0,0.655542797881403
hatebr_partyism_vs_rest,"hatebr__all splits, partyism sub-category vs rest",tfidf_nb,5,0,0.6945454545454546
hatebr_partyism_vs_rest,"hatebr__all splits, partyism sub-category vs rest",tfidf_nb,6,0,0.699988888477351
hatebr_partyism_vs_rest,"hatebr__all splits, partyism sub-category vs rest",tfidf_nb,7,0,0.6743996743996744
hatebr_partyism_vs_rest,"hatebr__all splits, partyism sub-category vs rest",tfidf_nb,8,0,0.6897414512093412
hatebr_partyism_vs_rest,"hatebr__all splits, partyism sub-category vs rest",tfidf_nb,9,0,0.6133496133496134
hatebr_partyism_vs_rest,"hatebr__all splits, partyism sub-category vs rest",svd_rf,0,0,0.6399596754836542
hatebr_partyism_vs_rest,"hatebr__all splits, partyism sub-category vs rest",svd_rf,1,0,0.5903919089759798
hatebr_partyism_vs_rest,"hatebr__all splits, partyism sub-category vs rest",svd_rf,2,0,0.5350328683662017
hatebr_partyism_vs_rest,"hatebr__all splits, partyism sub-category vs rest",svd_rf,3,0,0.6453900709219859
hatebr_partyism_vs_rest,"hatebr__all splits, partyism sub-category vs rest",svd_rf,4,0,0.5862884160756501
hatebr_partyism_vs_rest,"hatebr__all splits, partyism sub-category vs rest",svd_rf,5,0,0.6628582131485297
hatebr_partyism_vs_rest,"hatebr__all splits, partyism sub-category vs rest",svd_rf,6,0,0.5862884160756501
hatebr_partyism_vs_rest,"hatebr__all splits, partyism sub-category vs rest",svd_rf,7,0,0.6671786994367639
hatebr_partyism_vs_rest,"hatebr__all splits, partyism sub-category vs rest",svd_rf,8,0,0.6111564495223465
hatebr_partyism_vs_rest,"hatebr__all splits, partyism sub-category vs rest",svd_rf,9,0,0.5946788609436707
hatebr_partyism_vs_rest,"hatebr__all splits, partyism sub-category vs rest",svd_histgb,0,0,0.6111564495223465
hatebr_partyism_vs_rest,"hatebr__all splits, partyism sub-category vs rest",svd_histgb,1,0,0.6347630642442406
hatebr_partyism_vs_rest,"hatebr__all splits, partyism sub-category vs rest",svd_histgb,2,0,0.5670995670995671
hatebr_partyism_vs_rest,"hatebr__all splits, partyism sub-category vs rest",svd_histgb,3,0,0.5903919089759798
hatebr_partyism_vs_rest,"hatebr__all splits, partyism sub-category vs rest",svd_histgb,4,0,0.615839243498818
hatebr_partyism_vs_rest,"hatebr__all splits, partyism sub-category vs rest",svd_histgb,5,0,0.6572055395584807
hatebr_partyism_vs_rest,"hatebr__all splits, partyism sub-category vs rest",svd_histgb,6,0,0.6111564495223465
hatebr_partyism_vs_rest,"hatebr__all splits, partyism sub-category vs rest",svd_histgb,7,0,0.5982142857142857
hatebr_partyism_vs_rest,"hatebr__all splits, partyism sub-category vs rest",svd_histgb,8,0,0.6572055395584807
hatebr_partyism_vs_rest,"hatebr__all splits, partyism sub-category vs rest",svd_histgb,9,0,0.5670995670995671
hatebr_partyism_vs_rest,"hatebr__all splits, partyism sub-category vs rest",svd_knn,0,0,0.6517857142857143
hatebr_partyism_vs_rest,"hatebr__all splits, partyism sub-category vs rest",svd_knn,1,0,0.5535499975997311
hatebr_partyism_vs_rest,"hatebr__all splits, partyism sub-category vs rest",svd_knn,2,0,0.5903919089759798
hatebr_partyism_vs_rest,"hatebr__all splits, partyism sub-category vs rest",svd_knn,3,0,0.5785727664356621
hatebr_partyism_vs_rest,"hatebr__all splits, partyism sub-category vs rest",svd_knn,4,0,0.6628582131485297
hatebr_partyism_vs_rest,"hatebr__all splits, partyism sub-category vs rest",svd_knn,5,0,0.6566383257030739
hatebr_partyism_vs_rest,"hatebr__all splits, partyism sub-category vs rest",svd_knn,6,0,0.7120526532291238
hatebr_partyism_vs_rest,"hatebr__all splits, partyism sub-category vs rest",svd_knn,7,0,0.6415770609318996
hatebr_partyism_vs_rest,"hatebr__all splits, partyism sub-category vs rest",svd_knn,8,0,0.6846290963938022
hatebr_partyism_vs_rest,"hatebr__all splits, partyism sub-category vs rest",svd_knn,9,0,0.5749348690525161
hatebr_partyism_vs_rest,"hatebr__all splits, partyism sub-category vs rest",minilm_lr,0,0,0.6892362746021282
hatebr_partyism_vs_rest,"hatebr__all splits, partyism sub-category vs rest",minilm_lr,1,0,0.6993777819207196
hatebr_partyism_vs_rest,"hatebr__all splits, partyism sub-category vs rest",minilm_lr,2,0,0.628032345013477
hatebr_partyism_vs_rest,"hatebr__all splits, partyism sub-category vs rest",minilm_lr,3,0,0.6876190476190476
hatebr_partyism_vs_rest,"hatebr__all splits, partyism sub-category vs rest",minilm_lr,4,0,0.6802786514517429
hatebr_partyism_vs_rest,"hatebr__all splits, partyism sub-category vs rest",minilm_lr,5,0,0.6975196612220206
hatebr_partyism_vs_rest,"hatebr__all splits, partyism sub-category vs rest",minilm_lr,6,0,0.6571428571428571
hatebr_partyism_vs_rest,"hatebr__all splits, partyism sub-category vs rest",minilm_lr,7,0,0.7115384615384616
hatebr_partyism_vs_rest,"hatebr__all splits, partyism sub-category vs rest",minilm_lr,8,0,0.6843434343434343
hatebr_partyism_vs_rest,"hatebr__all splits, partyism sub-category vs rest",minilm_lr,9,0,0.6468594029569639
hatebr_partyism_vs_rest,"hatebr__all splits, partyism sub-category vs rest",minilm_mlp,0,0,0.7666580243712731
hatebr_partyism_vs_rest,"hatebr__all splits, partyism sub-category vs rest",minilm_mlp,1,0,0.76
hatebr_partyism_vs_rest,"hatebr__all splits, partyism sub-category vs rest",minilm_mlp,2,0,0.6811641595814257
hatebr_partyism_vs_rest,"hatebr__all splits, partyism sub-category vs rest",minilm_mlp,3,0,0.7645581541359284
hatebr_partyism_vs_rest,"hatebr__all splits, partyism sub-category vs rest",minilm_mlp,4,0,0.7174697849631142
hatebr_partyism_vs_rest,"hatebr__all splits, partyism sub-category vs rest",minilm_mlp,5,0,0.8178506375227687
hatebr_partyism_vs_rest,"hatebr__all splits, partyism sub-category vs rest",minilm_mlp,6,0,0.6811641595814257
hatebr_partyism_vs_rest,"hatebr__all splits, partyism sub-category vs rest",minilm_mlp,7,0,0.699988888477351
hatebr_partyism_vs_rest,"hatebr__all splits, partyism sub-category vs rest",minilm_mlp,8,0,0.7114385748913086
hatebr_partyism_vs_rest,"hatebr__all splits, partyism sub-category vs rest",minilm_mlp,9,0,0.7321332904746598
hatebr_partyism_vs_rest,"hatebr__all splits, partyism sub-category vs rest",hatebert_lr,0,0,0.6706325199973113
hatebr_partyism_vs_rest,"hatebr__all splits, partyism sub-category vs rest",hatebert_lr,1,0,0.7159090909090908
hatebr_partyism_vs_rest,"hatebr__all splits, partyism sub-category vs rest",hatebert_lr,2,0,0.6212121212121212
hatebr_partyism_vs_rest,"hatebr__all splits, partyism sub-category vs rest",hatebert_lr,3,0,0.6646824881079254
hatebr_partyism_vs_rest,"hatebr__all splits, partyism sub-category vs rest",hatebert_lr,4,0,0.6843434343434343
hatebr_partyism_vs_rest,"hatebr__all splits, partyism sub-category vs rest",hatebert_lr,5,0,0.6503246984942553
hatebr_partyism_vs_rest,"hatebr__all splits, partyism sub-category vs rest",hatebert_lr,6,0,0.6334901614202906
hatebr_partyism_vs_rest,"hatebr__all splits, partyism sub-category vs rest",hatebert_lr,7,0,0.6369949494949495
hatebr_partyism_vs_rest,"hatebr__all splits, partyism sub-category vs rest",hatebert_lr,8,0,0.700960743144366
hatebr_partyism_vs_rest,"hatebr__all splits, partyism sub-category vs rest",hatebert_lr,9,0,0.6608776076456685
hatebr_partyism_vs_rest,"hatebr__all splits, partyism sub-category vs rest",mbert_lr,0,0,0.7533655328332134
hatebr_partyism_vs_rest,"hatebr__all splits, partyism sub-category vs rest",mbert_lr,1,0,0.6765498652291105
hatebr_partyism_vs_rest,"hatebr__all splits, partyism sub-category vs rest",mbert_lr,2,0,0.6245906440533561
hatebr_partyism_vs_rest,"hatebr__all splits, partyism sub-category vs rest",mbert_lr,3,0,0.7159090909090908
hatebr_partyism_vs_rest,"hatebr__all splits, partyism sub-category vs rest",mbert_lr,4,0,0.7276132107592781
hatebr_partyism_vs_rest,"hatebr__all splits, partyism sub-category vs rest",mbert_lr,5,0,0.7134201260951445
hatebr_partyism_vs_rest,"hatebr__all splits, partyism sub-category vs rest",mbert_lr,6,0,0.6802786514517429
hatebr_partyism_vs_rest,"hatebr__all splits, partyism sub-category vs rest",mbert_lr,7,0,0.6891714037691468
hatebr_partyism_vs_rest,"hatebr__all splits, partyism sub-category vs rest",mbert_lr,8,0,0.6527777777777778
hatebr_partyism_vs_rest,"hatebr__all splits, partyism sub-category vs rest",mbert_lr,9,0,0.7088948787061995
hatecheck_en,hatecheck__all functional test cases,tfidf_word_lr,0,0,0.9290183500709817
hatecheck_en,hatecheck__all functional test cases,tfidf_word_lr,1,0,0.9402858318183628
hatecheck_en,hatecheck__all functional test cases,tfidf_word_lr,2,0,0.9417332418329427
hatecheck_en,hatecheck__all functional test cases,tfidf_word_lr,3,0,0.9380293327824829
hatecheck_en,hatecheck__all functional test cases,tfidf_word_lr,4,0,0.9523809523809523
hatecheck_en,hatecheck__all functional test cases,tfidf_word_lr,5,0,0.9372909698996655
hatecheck_en,hatecheck__all functional test cases,tfidf_word_lr,6,0,0.9147903325759141
hatecheck_en,hatecheck__all functional test cases,tfidf_word_lr,7,0,0.9529682274247492
hatecheck_en,hatecheck__all functional test cases,tfidf_word_lr,8,0,0.9147161944470766
hatecheck_en,hatecheck__all functional test cases,tfidf_word_lr,9,0,0.9460847240051348
hatecheck_en,hatecheck__all functional test cases,tfidf_char_svm,0,0,0.9921613712374582
hatecheck_en,hatecheck__all functional test cases,tfidf_char_svm,1,0,0.9882061563863663
hatecheck_en,hatecheck__all functional test cases,tfidf_char_svm,2,0,0.9803435939772771
hatecheck_en,hatecheck__all functional test cases,tfidf_char_svm,3,0,0.9922081969767804
hatecheck_en,hatecheck__all functional test cases,tfidf_char_svm,4,0,0.9922081969767804
hatecheck_en,hatecheck__all functional test cases,tfidf_char_svm,5,0,0.9728088461887066
hatecheck_en,hatecheck__all functional test cases,tfidf_char_svm,6,0,0.9763394500236606
hatecheck_en,hatecheck__all functional test cases,tfidf_char_svm,7,0,0.9845073331956207
hatecheck_en,hatecheck__all functional test cases,tfidf_char_svm,8,0,0.9723097614683738
hatecheck_en,hatecheck__all functional test cases,tfidf_char_svm,9,0,1.0
hatecheck_en,hatecheck__all functional test cases,tfidf_nb,0,0,0.8895841001104159
hatecheck_en,hatecheck__all functional test cases,tfidf_nb,1,0,0.877743968702456
hatecheck_en,hatecheck__all functional test cases,tfidf_nb,2,0,0.8788668186258548
hatecheck_en,hatecheck__all functional test cases,tfidf_nb,3,0,0.9290183500709817
hatecheck_en,hatecheck__all functional test cases,tfidf_nb,4,0,0.9233613445378152
hatecheck_en,hatecheck__all functional test cases,tfidf_nb,5,0,0.9103455770484677
hatecheck_en,hatecheck__all functional test cases,tfidf_nb,6,0,0.8998277036502784
hatecheck_en,hatecheck__all functional test cases,tfidf_nb,7,0,0.900476386363938
hatecheck_en,hatecheck__all functional test cases,tfidf_nb,8,0,0.8778621667532395
hatecheck_en,hatecheck__all functional test cases,tfidf_nb,9,0,0.9023119505047217
hatecheck_en,hatecheck__all functional test cases,svd_rf,0,0,0.9304788778472989
hatecheck_en,hatecheck__all functional test cases,svd_rf,1,0,0.9195969125214408
hatecheck_en,hatecheck__all functional test cases,svd_rf,2,0,0.9253056571136533
hatecheck_en,hatecheck__all functional test cases,svd_rf,3,0,0.9318828384821893
hatecheck_en,hatecheck__all functional test cases,svd_rf,4,0,0.915855271066234
hatecheck_en,hatecheck__all functional test cases,svd_rf,5,0,0.9201235422546461
hatecheck_en,hatecheck__all functional test cases,svd_rf,6,0,0.9211315000788685
hatecheck_en,hatecheck__all functional test cases,svd_rf,7,0,0.9059364548494984
hatecheck_en,hatecheck__all functional test cases,svd_rf,8,0,0.8858943707889589
hatecheck_en,hatecheck__all functional test cases,svd_rf,9,0,0.9266210945043061
hatecheck_en,hatecheck__all functional test cases,svd_histgb,0,0,0.9147161944470766
hatecheck_en,hatecheck__all functional test cases,svd_histgb,1,0,0.9309607288381097
hatecheck_en,hatecheck__all functional test cases,svd_histgb,2,0,0.9318828384821893
hatecheck_en,hatecheck__all functional test cases,svd_histgb,3,0,0.9352436457827424
hatecheck_en,hatecheck__all functional test cases,svd_histgb,4,0,0.9233613445378152
hatecheck_en,hatecheck__all functional test cases,svd_histgb,5,0,0.9402858318183628
hatecheck_en,hatecheck__all functional test cases,svd_histgb,6,0,0.9184959791349707
hatecheck_en,hatecheck__all functional test cases,svd_histgb,7,0,0.9090177876817995
hatecheck_en,hatecheck__all functional test cases,svd_histgb,8,0,0.874132915641083
hatecheck_en,hatecheck__all functional test cases,svd_histgb,9,0,0.9298737727910238
hatecheck_en,hatecheck__all functional test cases,svd_knn,0,0,0.8195772953777422
hatecheck_en,hatecheck__all functional test cases,svd_knn,1,0,0.8662851720320341
hatecheck_en,hatecheck__all functional test cases,svd_knn,2,0,0.8759920634920635
hatecheck_en,hatecheck__all functional test cases,svd_knn,3,0,0.8704284221525601
hatecheck_en,hatecheck__all functional test cases,svd_knn,4,0,0.8871473354231975
hatecheck_en,hatecheck__all functional test cases,svd_knn,5,0,0.8547938764503327
hatecheck_en,hatecheck__all functional test cases,svd_knn,6,0,0.8731608320649416
hatecheck_en,hatecheck__all functional test cases,svd_knn,7,0,0.8614431645294501
hatecheck_en,hatecheck__all functional test cases,svd_knn,8,0,0.7816085260031449
hatecheck_en,hatecheck__all functional test cases,svd_knn,9,0,0.8830252100840337
hatecheck_en,hatecheck__all functional test cases,minilm_lr,0,0,0.9654373455881411
hatecheck_en,hatecheck__all functional test cases,minilm_lr,1,0,0.9365079365079365
hatecheck_en,hatecheck__all functional test cases,minilm_lr,2,0,0.9682539682539683
hatecheck_en,hatecheck__all functional test cases,minilm_lr,3,0,0.9570172582220775
hatecheck_en,hatecheck__all functional test cases,minilm_lr,4,0,0.9612683329890519
hatecheck_en,hatecheck__all functional test cases,minilm_lr,5,0,0.9537869062901155
hatecheck_en,hatecheck__all functional test cases,minilm_lr,6,0,0.9658119658119658
hatecheck_en,hatecheck__all functional test cases,minilm_lr,7,0,0.9529682274247492
hatecheck_en,hatecheck__all functional test cases,minilm_lr,8,0,0.945457378837463
hatecheck_en,hatecheck__all functional test cases,minilm_lr,9,0,0.9495021429218837
hatecheck_en,hatecheck__all functional test cases,minilm_mlp,0,0,1.0
hatecheck_en,hatecheck__all functional test cases,minilm_mlp,1,0,0.9641714990910177
hatecheck_en,hatecheck__all functional test cases,minilm_mlp,2,0,0.9843227424749164
hatecheck_en,hatecheck__all functional test cases,minilm_mlp,3,0,0.9922081969767804
hatecheck_en,hatecheck__all functional test cases,minilm_mlp,4,0,0.9844163939535608
hatecheck_en,hatecheck__all functional test cases,minilm_mlp,5,0,0.9883466483665886
hatecheck_en,hatecheck__all functional test cases,minilm_mlp,6,0,0.9883466483665886
hatecheck_en,hatecheck__all functional test cases,minilm_mlp,7,0,0.9922536665978103
hatecheck_en,hatecheck__all functional test cases,minilm_mlp,8,0,0.9922081969767804
hatecheck_en,hatecheck__all functional test cases,minilm_mlp,9,0,0.9922081969767804
hatecheck_en,hatecheck__all functional test cases,hatebert_lr,0,0,0.9843227424749164
hatecheck_en,hatecheck__all functional test cases,hatebert_lr,1,0,0.9723097614683738
hatecheck_en,hatecheck__all functional test cases,hatebert_lr,2,0,0.972481031568188
hatecheck_en,hatecheck__all functional test cases,hatebert_lr,3,0,0.9922536665978103
hatecheck_en,hatecheck__all functional test cases,hatebert_lr,4,0,0.9843227424749164
hatecheck_en,hatecheck__all functional test cases,hatebert_lr,5,0,0.9804623901009444
hatecheck_en,hatecheck__all functional test cases,hatebert_lr,6,0,0.9804623901009444
hatecheck_en,hatecheck__all functional test cases,hatebert_lr,7,0,0.9844163939535608
hatecheck_en,hatecheck__all functional test cases,hatebert_lr,8,0,0.9488933443409207
hatecheck_en,hatecheck__all functional test cases,hatebert_lr,9,0,0.9844163939535608
hatecheck_en,hatecheck__all functional test cases,mbert_lr,0,0,0.9532491818606825
hatecheck_en,hatecheck__all functional test cases,mbert_lr,1,0,0.932752277851765
hatecheck_en,hatecheck__all functional test cases,mbert_lr,2,0,0.9376655758142434
hatecheck_en,hatecheck__all functional test cases,mbert_lr,3,0,0.9323239427274779
hatecheck_en,hatecheck__all functional test cases,mbert_lr,4,0,0.9457756661846726
hatecheck_en,hatecheck__all functional test cases,mbert_lr,5,0,0.9495021429218837
hatecheck_en,hatecheck__all functional test cases,mbert_lr,6,0,0.945457378837463
hatecheck_en,hatecheck__all functional test cases,mbert_lr,7,0,0.9457756661846726
hatecheck_en,hatecheck__all functional test cases,mbert_lr,8,0,0.9495021429218837
hatecheck_en,hatecheck__all functional test cases,mbert_lr,9,0,0.9495021429218837
hateval_en_AG,hateval__lang=en,tfidf_word_lr,0,0,0.6729727828961249
hateval_en_AG,hateval__lang=en,tfidf_word_lr,1,0,0.625
hateval_en_AG,hateval__lang=en,tfidf_word_lr,2,0,0.622146689901482
hateval_en_AG,hateval__lang=en,tfidf_word_lr,3,0,0.6238818107888316
hateval_en_AG,hateval__lang=en,tfidf_word_lr,4,0,0.6859432531947152
hateval_en_AG,hateval__lang=en,tfidf_word_lr,5,0,0.673661143604862
hateval_en_AG,hateval__lang=en,tfidf_word_lr,6,0,0.6697746697746698
hateval_en_AG,hateval__lang=en,tfidf_word_lr,7,0,0.7219748868819392
hateval_en_AG,hateval__lang=en,tfidf_word_lr,8,0,0.5914370093801167
hateval_en_AG,hateval__lang=en,tfidf_word_lr,9,0,0.6678762531521003
hateval_en_AG,hateval__lang=en,tfidf_char_svm,0,0,0.6530871452673883
hateval_en_AG,hateval__lang=en,tfidf_char_svm,1,0,0.6530871452673883
hateval_en_AG,hateval__lang=en,tfidf_char_svm,2,0,0.6356434163568079
hateval_en_AG,hateval__lang=en,tfidf_char_svm,3,0,0.5865816206000473
hateval_en_AG,hateval__lang=en,tfidf_char_svm,4,0,0.6928892038743208
hateval_en_AG,hateval__lang=en,tfidf_char_svm,5,0,0.6356434163568079
hateval_en_AG,hateval__lang=en,tfidf_char_svm,6,0,0.6783631044320474
hateval_en_AG,hateval__lang=en,tfidf_char_svm,7,0,0.6926229508196722
hateval_en_AG,hateval__lang=en,tfidf_char_svm,8,0,0.6288659793814433
hateval_en_AG,hateval__lang=en,tfidf_char_svm,9,0,0.691336854379587
hateval_en_AG,hateval__lang=en,tfidf_nb,0,0,0.6084439904664624
hateval_en_AG,hateval__lang=en,tfidf_nb,1,0,0.5403472931562819
hateval_en_AG,hateval__lang=en,tfidf_nb,2,0,0.5802238805970149
hateval_en_AG,hateval__lang=en,tfidf_nb,3,0,0.4910136592379583
hateval_en_AG,hateval__lang=en,tfidf_nb,4,0,0.5452425373134329
hateval_en_AG,hateval__lang=en,tfidf_nb,5,0,0.5633423180592992
hateval_en_AG,hateval__lang=en,tfidf_nb,6,0,0.5529061102831594
hateval_en_AG,hateval__lang=en,tfidf_nb,7,0,0.6117900790797988
hateval_en_AG,hateval__lang=en,tfidf_nb,8,0,0.5547590378314805
hateval_en_AG,hateval__lang=en,tfidf_nb,9,0,0.5309973045822103
hateval_en_AG,hateval__lang=en,svd_rf,0,0,0.6369949494949495
hateval_en_AG,hateval__lang=en,svd_rf,1,0,0.5529750282601993
hateval_en_AG,hateval__lang=en,svd_rf,2,0,0.5896464646464646
hateval_en_AG,hateval__lang=en,svd_rf,3,0,0.5555093447012035
hateval_en_AG,hateval__lang=en,svd_rf,4,0,0.5452425373134329
hateval_en_AG,hateval__lang=en,svd_rf,5,0,0.5738636363636364
hateval_en_AG,hateval__lang=en,svd_rf,6,0,0.5471698113207547
hateval_en_AG,hateval__lang=en,svd_rf,7,0,0.6219652208003136
hateval_en_AG,hateval__lang=en,svd_rf,8,0,0.5329449578143832
hateval_en_AG,hateval__lang=en,svd_rf,9,0,0.5087208546697513
hateval_en_AG,hateval__lang=en,svd_histgb,0,0,0.5370370370370371
hateval_en_AG,hateval__lang=en,svd_histgb,1,0,0.5654872749844817
hateval_en_AG,hateval__lang=en,svd_histgb,2,0,0.557371467483827
hateval_en_AG,hateval__lang=en,svd_histgb,3,0,0.5452425373134329
hateval_en_AG,hateval__lang=en,svd_histgb,4,0,0.5300168484526027
hateval_en_AG,hateval__lang=en,svd_histgb,5,0,0.5403472931562819
hateval_en_AG,hateval__lang=en,svd_histgb,6,0,0.5300168484526027
hateval_en_AG,hateval__lang=en,svd_histgb,7,0,0.5323180237438542
hateval_en_AG,hateval__lang=en,svd_histgb,8,0,0.5169082125603864
hateval_en_AG,hateval__lang=en,svd_histgb,9,0,0.5
hateval_en_AG,hateval__lang=en,svd_knn,0,0,0.5580808080808081
hateval_en_AG,hateval__lang=en,svd_knn,1,0,0.5961538461538461
hateval_en_AG,hateval__lang=en,svd_knn,2,0,0.6574304956770991
hateval_en_AG,hateval__lang=en,svd_knn,3,0,0.5455787042785131
hateval_en_AG,hateval__lang=en,svd_knn,4,0,0.5903569074300782
hateval_en_AG,hateval__lang=en,svd_knn,5,0,0.5711055080450209
hateval_en_AG,hateval__lang=en,svd_knn,6,0,0.5422979797979798
hateval_en_AG,hateval__lang=en,svd_knn,7,0,0.6498721164113134
hateval_en_AG,hateval__lang=en,svd_knn,8,0,0.5240384615384616
hateval_en_AG,hateval__lang=en,svd_knn,9,0,0.5991156247722248
hateval_en_AG,hateval__lang=en,minilm_lr,0,0,0.6133799186665903
hateval_en_AG,hateval__lang=en,minilm_lr,1,0,0.5963884238220521
hateval_en_AG,hateval__lang=en,minilm_lr,2,0,0.5482778091473743
hateval_en_AG,hateval__lang=en,minilm_lr,3,0,0.6415876340359002
hateval_en_AG,hateval__lang=en,minilm_lr,4,0,0.6691848121265985
hateval_en_AG,hateval__lang=en,minilm_lr,5,0,0.6116013631155226
hateval_en_AG,hateval__lang=en,minilm_lr,6,0,0.6358247544575997
hateval_en_AG,hateval__lang=en,minilm_lr,7,0,0.6494249338827726
hateval_en_AG,hateval__lang=en,minilm_lr,8,0,0.5955056179775281
hateval_en_AG,hateval__lang=en,minilm_lr,9,0,0.6448371448371448
hateval_en_AG,hateval__lang=en,minilm_mlp,0,0,0.6271306818181819
hateval_en_AG,hateval__lang=en,minilm_mlp,1,0,0.5844235801138987
hateval_en_AG,hateval__lang=en,minilm_mlp,2,0,0.6063704642113836
hateval_en_AG,hateval__lang=en,minilm_mlp,3,0,0.6470588235294118
hateval_en_AG,hateval__lang=en,minilm_mlp,4,0,0.6394230769230769
hateval_en_AG,hateval__lang=en,minilm_mlp,5,0,0.6246102945854807
hateval_en_AG,hateval__lang=en,minilm_mlp,6,0,0.6537642045454546
hateval_en_AG,hateval__lang=en,minilm_mlp,7,0,0.6840760906096659
hateval_en_AG,hateval__lang=en,minilm_mlp,8,0,0.5783730158730159
hateval_en_AG,hateval__lang=en,minilm_mlp,9,0,0.5899710963231835
hateval_en_AG,hateval__lang=en,hatebert_lr,0,0,0.6540900646979694
hateval_en_AG,hateval__lang=en,hatebert_lr,1,0,0.6296042252555045
hateval_en_AG,hateval__lang=en,hatebert_lr,2,0,0.6141539619800489
hateval_en_AG,hateval__lang=en,hatebert_lr,3,0,0.5705263157894737
hateval_en_AG,hateval__lang=en,hatebert_lr,4,0,0.5849541821969758
hateval_en_AG,hateval__lang=en,hatebert_lr,5,0,0.6044857500935887
hateval_en_AG,hateval__lang=en,hatebert_lr,6,0,0.6635552718300868
hateval_en_AG,hateval__lang=en,hatebert_lr,7,0,0.6444814553840241
hateval_en_AG,hateval__lang=en,hatebert_lr,8,0,0.6141539619800489
hateval_en_AG,hateval__lang=en,hatebert_lr,9,0,0.6210526315789473
hateval_en_AG,hateval__lang=en,mbert_lr,0,0,0.5947199661452823
hateval_en_AG,hateval__lang=en,mbert_lr,1,0,0.6337831019385081
hateval_en_AG,hateval__lang=en,mbert_lr,2,0,0.6252642367561334
hateval_en_AG,hateval__lang=en,mbert_lr,3,0,0.6253654970760234
hateval_en_AG,hateval__lang=en,mbert_lr,4,0,0.5885786623531895
hateval_en_AG,hateval__lang=en,mbert_lr,5,0,0.5947199661452823
hateval_en_AG,hateval__lang=en,mbert_lr,6,0,0.5655141415991077
hateval_en_AG,hateval__lang=en,mbert_lr,7,0,0.6653959481280485
hateval_en_AG,hateval__lang=en,mbert_lr,8,0,0.6027542372881356
hateval_en_AG,hateval__lang=en,mbert_lr,9,0,0.5833268309430546
hateval_en_HS,hateval__lang=en,tfidf_word_lr,0,0,0.6919642857142857
hateval_en_HS,hateval__lang=en,tfidf_word_lr,1,0,0.7298635811084597
hateval_en_HS,hateval__lang=en,tfidf_word_lr,2,0,0.7149321266968326
hateval_en_HS,hateval__lang=en,tfidf_word_lr,3,0,0.7059983103351168
hateval_en_HS,hateval__lang=en,tfidf_word_lr,4,0,0.7050147492625369
hateval_en_HS,hateval__lang=en,tfidf_word_lr,5,0,0.7368750783109885
hateval_en_HS,hateval__lang=en,tfidf_word_lr,6,0,0.7001314030930267
hateval_en_HS,hateval__lang=en,tfidf_word_lr,7,0,0.7649008105324437
hateval_en_HS,hateval__lang=en,tfidf_word_lr,8,0,0.7203472635586653
hateval_en_HS,hateval__lang=en,tfidf_word_lr,9,0,0.6938054486927848
hateval_en_HS,hateval__lang=en,tfidf_char_svm,0,0,0.7058018609742748
hateval_en_HS,hateval__lang=en,tfidf_char_svm,1,0,0.7413049726933026
hateval_en_HS,hateval__lang=en,tfidf_char_svm,2,0,0.7250733137829912
hateval_en_HS,hateval__lang=en,tfidf_char_svm,3,0,0.6937757337339863
hateval_en_HS,hateval__lang=en,tfidf_char_svm,4,0,0.7576065376979546
hateval_en_HS,hateval__lang=en,tfidf_char_svm,5,0,0.7430555555555556
hateval_en_HS,hateval__lang=en,tfidf_char_svm,6,0,0.6674208144796381
hateval_en_HS,hateval__lang=en,tfidf_char_svm,7,0,0.7342841569767442
hateval_en_HS,hateval__lang=en,tfidf_char_svm,8,0,0.7447561570487005
hateval_en_HS,hateval__lang=en,tfidf_char_svm,9,0,0.6852764094143404
hateval_en_HS,hateval__lang=en,tfidf_nb,0,0,0.6982857142857143
hateval_en_HS,hateval__lang=en,tfidf_nb,1,0,0.7113269794721407
hateval_en_HS,hateval__lang=en,tfidf_nb,2,0,0.7048888888888889
hateval_en_HS,hateval__lang=en,tfidf_nb,3,0,0.6861167002012072
hateval_en_HS,hateval__lang=en,tfidf_nb,4,0,0.6805555555555556
hateval_en_HS,hateval__lang=en,tfidf_nb,5,0,0.6958121109224675
hateval_en_HS,hateval__lang=en,tfidf_nb,6,0,0.6937757337339863
hateval_en_HS,hateval__lang=en,tfidf_nb,7,0,0.7562560935976601
hateval_en_HS,hateval__lang=en,tfidf_nb,8,0,0.710569445897409
hateval_en_HS,hateval__lang=en,tfidf_nb,9,0,0.7044472003616176
hateval_en_HS,hateval__lang=en,svd_rf,0,0,0.6663669490322275
hateval_en_HS,hateval__lang=en,svd_rf,1,0,0.7158260340774871
hateval_en_HS,hateval__lang=en,svd_rf,2,0,0.6740648766102747
hateval_en_HS,hateval__lang=en,svd_rf,3,0,0.6700879765395895
hateval_en_HS,hateval__lang=en,svd_rf,4,0,0.6947612512422507
hateval_en_HS,hateval__lang=en,svd_rf,5,0,0.6917480601386543
hateval_en_HS,hateval__lang=en,svd_rf,6,0,0.6507729558577016
hateval_en_HS,hateval__lang=en,svd_rf,7,0,0.7306907607111629
hateval_en_HS,hateval__lang=en,svd_rf,8,0,0.6866149774827057
hateval_en_HS,hateval__lang=en,svd_rf,9,0,0.6488137321943925
hateval_en_HS,hateval__lang=en,svd_histgb,0,0,0.6715236250315844
hateval_en_HS,hateval__lang=en,svd_histgb,1,0,0.7454405969941067
hateval_en_HS,hateval__lang=en,svd_histgb,2,0,0.6710996710996711
hateval_en_HS,hateval__lang=en,svd_histgb,3,0,0.6944444444444444
hateval_en_HS,hateval__lang=en,svd_histgb,4,0,0.6925496925496926
hateval_en_HS,hateval__lang=en,svd_histgb,5,0,0.6958121109224675
hateval_en_HS,hateval__lang=en,svd_histgb,6,0,0.6707299985988511
hateval_en_HS,hateval__lang=en,svd_histgb,7,0,0.7253097509243269
hateval_en_HS,hateval__lang=en,svd_histgb,8,0,0.6827262044653349
hateval_en_HS,hateval__lang=en,svd_histgb,9,0,0.6504196141668335
hateval_en_HS,hateval__lang=en,svd_knn,0,0,0.7167986737889114
hateval_en_HS,hateval__lang=en,svd_knn,1,0,0.6977777777777778
hateval_en_HS,hateval__lang=en,svd_knn,2,0,0.6693333333333333
hateval_en_HS,hateval__lang=en,svd_knn,3,0,0.6586069756801465
hateval_en_HS,hateval__lang=en,svd_knn,4,0,0.6586069756801465
hateval_en_HS,hateval__lang=en,svd_knn,5,0,0.7271793175939814
hateval_en_HS,hateval__lang=en,svd_knn,6,0,0.6647420376233936
hateval_en_HS,hateval__lang=en,svd_knn,7,0,0.712
hateval_en_HS,hateval__lang=en,svd_knn,8,0,0.6298193332091637
hateval_en_HS,hateval__lang=en,svd_knn,9,0,0.6497879078583895
hateval_en_HS,hateval__lang=en,minilm_lr,0,0,0.7203472635586653
hateval_en_HS,hateval__lang=en,minilm_lr,1,0,0.7181964573268921
hateval_en_HS,hateval__lang=en,minilm_lr,2,0,0.713844476744186
hateval_en_HS,hateval__lang=en,minilm_lr,3,0,0.7461384842775101
hateval_en_HS,hateval__lang=en,minilm_lr,4,0,0.6956168831168831
hateval_en_HS,hateval__lang=en,minilm_lr,5,0,0.7362983595703148
hateval_en_HS,hateval__lang=en,minilm_lr,6,0,0.6724014975931538
hateval_en_HS,hateval__lang=en,minilm_lr,7,0,0.6893431182747287
hateval_en_HS,hateval__lang=en,minilm_lr,8,0,0.7248610151835958
hateval_en_HS,hateval__lang=en,minilm_lr,9,0,0.6592097715693221
hateval_en_HS,hateval__lang=en,minilm_mlp,0,0,0.7374254049445865
hateval_en_HS,hateval__lang=en,minilm_mlp,1,0,0.7447561570487005
hateval_en_HS,hateval__lang=en,minilm_mlp,2,0,0.7298593163452656
hateval_en_HS,hateval__lang=en,minilm_mlp,3,0,0.7361111111111112
hateval_en_HS,hateval__lang=en,minilm_mlp,4,0,0.706812302385743
hateval_en_HS,hateval__lang=en,minilm_mlp,5,0,0.7082346479936841
hateval_en_HS,hateval__lang=en,minilm_mlp,6,0,0.6896845694799659
hateval_en_HS,hateval__lang=en,minilm_mlp,7,0,0.7578857630008525
hateval_en_HS,hateval__lang=en,minilm_mlp,8,0,0.6905388333198113
hateval_en_HS,hateval__lang=en,minilm_mlp,9,0,0.6807743795695603
hateval_en_HS,hateval__lang=en,hatebert_lr,0,0,0.6862030569895738
hateval_en_HS,hateval__lang=en,hatebert_lr,1,0,0.6760443307757886
hateval_en_HS,hateval__lang=en,hatebert_lr,2,0,0.6926802011547775
hateval_en_HS,hateval__lang=en,hatebert_lr,3,0,0.6797783430232558
hateval_en_HS,hateval__lang=en,hatebert_lr,4,0,0.6766304662780052
hateval_en_HS,hateval__lang=en,hatebert_lr,5,0,0.6753246753246753
hateval_en_HS,hateval__lang=en,hatebert_lr,6,0,0.689803992087754
hateval_en_HS,hateval__lang=en,hatebert_lr,7,0,0.7274709302325582
hateval_en_HS,hateval__lang=en,hatebert_lr,8,0,0.7107236446551939
hateval_en_HS,hateval__lang=en,hatebert_lr,9,0,0.6711083986030584
hateval_en_HS,hateval__lang=en,mbert_lr,0,0,0.6297512426544685
hateval_en_HS,hateval__lang=en,mbert_lr,1,0,0.6470588235294117
hateval_en_HS,hateval__lang=en,mbert_lr,2,0,0.6777142857142857
hateval_en_HS,hateval__lang=en,mbert_lr,3,0,0.6711083986030584
hateval_en_HS,hateval__lang=en,mbert_lr,4,0,0.7006571779197395
hateval_en_HS,hateval__lang=en,mbert_lr,5,0,0.6480277021562575
hateval_en_HS,hateval__lang=en,mbert_lr,6,0,0.6290456149107782
hateval_en_HS,hateval__lang=en,mbert_lr,7,0,0.6773061289190321
hateval_en_HS,hateval__lang=en,mbert_lr,8,0,0.6322164861490704
hateval_en_HS,hateval__lang=en,mbert_lr,9,0,0.595959595959596
hateval_en_TR,hateval__lang=en,tfidf_word_lr,0,0,0.7717258586823804
hateval_en_TR,hateval__lang=en,tfidf_word_lr,1,0,0.7679356144768676
hateval_en_TR,hateval__lang=en,tfidf_word_lr,2,0,0.7488446855535462
hateval_en_TR,hateval__lang=en,tfidf_word_lr,3,0,0.7670767266515985
hateval_en_TR,hateval__lang=en,tfidf_word_lr,4,0,0.7617500541477149
hateval_en_TR,hateval__lang=en,tfidf_word_lr,5,0,0.7801298767704659
hateval_en_TR,hateval__lang=en,tfidf_word_lr,6,0,0.7774288721337497
hateval_en_TR,hateval__lang=en,tfidf_word_lr,7,0,0.7318591101694916
hateval_en_TR,hateval__lang=en,tfidf_word_lr,8,0,0.7530694835036696
hateval_en_TR,hateval__lang=en,tfidf_word_lr,9,0,0.7562724014336918
hateval_en_TR,hateval__lang=en,tfidf_char_svm,0,0,0.704724409448819
hateval_en_TR,hateval__lang=en,tfidf_char_svm,1,0,0.7854561878952122
hateval_en_TR,hateval__lang=en,tfidf_char_svm,2,0,0.7365339578454333
hateval_en_TR,hateval__lang=en,tfidf_char_svm,3,0,0.7350937683962662
hateval_en_TR,hateval__lang=en,tfidf_char_svm,4,0,0.7271825396825397
hateval_en_TR,hateval__lang=en,tfidf_char_svm,5,0,0.706096925482022
hateval_en_TR,hateval__lang=en,tfidf_char_svm,6,0,0.7701750780096788
hateval_en_TR,hateval__lang=en,tfidf_char_svm,7,0,0.7362817682795804
hateval_en_TR,hateval__lang=en,tfidf_char_svm,8,0,0.7967479674796748
hateval_en_TR,hateval__lang=en,tfidf_char_svm,9,0,0.7135436559468338
hateval_en_TR,hateval__lang=en,tfidf_nb,0,0,0.6917069160415168
hateval_en_TR,hateval__lang=en,tfidf_nb,1,0,0.6826923076923077
hateval_en_TR,hateval__lang=en,tfidf_nb,2,0,0.6853953531728461
hateval_en_TR,hateval__lang=en,tfidf_nb,3,0,0.6608776076456685
hateval_en_TR,hateval__lang=en,tfidf_nb,4,0,0.6178939980764732
hateval_en_TR,hateval__lang=en,tfidf_nb,5,0,0.6610669024462128
hateval_en_TR,hateval__lang=en,tfidf_nb,6,0,0.7011589202847495
hateval_en_TR,hateval__lang=en,tfidf_nb,7,0,0.6816168327796235
hateval_en_TR,hateval__lang=en,tfidf_nb,8,0,0.7336647727272727
hateval_en_TR,hateval__lang=en,tfidf_nb,9,0,0.686581306640103
hateval_en_TR,hateval__lang=en,svd_rf,0,0,0.729545504518569
hateval_en_TR,hateval__lang=en,svd_rf,1,0,0.7436164669098488
hateval_en_TR,hateval__lang=en,svd_rf,2,0,0.7224791859389454
hateval_en_TR,hateval__lang=en,svd_rf,3,0,0.7175624786032181
hateval_en_TR,hateval__lang=en,svd_rf,4,0,0.6918863402944198
hateval_en_TR,hateval__lang=en,svd_rf,5,0,0.7163526022999627
hateval_en_TR,hateval__lang=en,svd_rf,6,0,0.704724409448819
hateval_en_TR,hateval__lang=en,svd_rf,7,0,0.6767738956441434
hateval_en_TR,hateval__lang=en,svd_rf,8,0,0.7391359674238086
hateval_en_TR,hateval__lang=en,svd_rf,9,0,0.751984126984127
hateval_en_TR,hateval__lang=en,svd_histgb,0,0,0.6646824881079254
hateval_en_TR,hateval__lang=en,svd_histgb,1,0,0.7259615384615385
hateval_en_TR,hateval__lang=en,svd_histgb,2,0,0.7109632318343753
hateval_en_TR,hateval__lang=en,svd_histgb,3,0,0.6200739986590846
hateval_en_TR,hateval__lang=en,svd_histgb,4,0,0.6419047619047619
hateval_en_TR,hateval__lang=en,svd_histgb,5,0,0.6843434343434343
hateval_en_TR,hateval__lang=en,svd_histgb,6,0,0.7052755673445329
hateval_en_TR,hateval__lang=en,svd_histgb,7,0,0.7053112507138778
hateval_en_TR,hateval__lang=en,svd_histgb,8,0,0.7028571428571428
hateval_en_TR,hateval__lang=en,svd_histgb,9,0,0.7093023255813953
hateval_en_TR,hateval__lang=en,svd_knn,0,0,0.6931420823521016
hateval_en_TR,hateval__lang=en,svd_knn,1,0,0.6826923076923077
hateval_en_TR,hateval__lang=en,svd_knn,2,0,0.7013844900913944
hateval_en_TR,hateval__lang=en,svd_knn,3,0,0.614633645051896
hateval_en_TR,hateval__lang=en,svd_knn,4,0,0.6606641932856755
hateval_en_TR,hateval__lang=en,svd_knn,5,0,0.6534752912816393
hateval_en_TR,hateval__lang=en,svd_knn,6,0,0.7285313546285404
hateval_en_TR,hateval__lang=en,svd_knn,7,0,0.6862745098039216
hateval_en_TR,hateval__lang=en,svd_knn,8,0,0.7110122768543379
hateval_en_TR,hateval__lang=en,svd_knn,9,0,0.7603575206718625
hateval_en_TR,hateval__lang=en,minilm_lr,0,0,0.673907035870226
hateval_en_TR,hateval__lang=en,minilm_lr,1,0,0.7468176383711935
hateval_en_TR,hateval__lang=en,minilm_lr,2,0,0.7151698431675926
hateval_en_TR,hateval__lang=en,minilm_lr,3,0,0.7439703153988868
hateval_en_TR,hateval__lang=en,minilm_lr,4,0,0.7440806809349585
hateval_en_TR,hateval__lang=en,minilm_lr,5,0,0.7221430607010544
hateval_en_TR,hateval__lang=en,minilm_lr,6,0,0.7536644595468125
hateval_en_TR,hateval__lang=en,minilm_lr,7,0,0.729261425167858
hateval_en_TR,hateval__lang=en,minilm_lr,8,0,0.7187707726133865
hateval_en_TR,hateval__lang=en,minilm_lr,9,0,0.7052046625101653
hateval_en_TR,hateval__lang=en,minilm_mlp,0,0,0.6853953531728461
hateval_en_TR,hateval__lang=en,minilm_mlp,1,0,0.738562091503268
hateval_en_TR,hateval__lang=en,minilm_mlp,2,0,0.7603575206718625
hateval_en_TR,hateval__lang=en,minilm_mlp,3,0,0.7378503730590844
hateval_en_TR,hateval__lang=en,minilm_mlp,4,0,0.7908496732026145
hateval_en_TR,hateval__lang=en,minilm_mlp,5,0,0.7559313089557818
hateval_en_TR,hateval__lang=en,minilm_mlp,6,0,0.7643849206349207
hateval_en_TR,hateval__lang=en,minilm_mlp,7,0,0.7356069766965219
hateval_en_TR,hateval__lang=en,minilm_mlp,8,0,0.7479043266176139
hateval_en_TR,hateval__lang=en,minilm_mlp,9,0,0.7427384067371754
hateval_en_TR,hateval__lang=en,hatebert_lr,0,0,0.7141202189876492
hateval_en_TR,hateval__lang=en,hatebert_lr,1,0,0.7171717171717171
hateval_en_TR,hateval__lang=en,hatebert_lr,2,0,0.673907035870226
hateval_en_TR,hateval__lang=en,hatebert_lr,3,0,0.7328385899814471
hateval_en_TR,hateval__lang=en,hatebert_lr,4,0,0.691526038831428
hateval_en_TR,hateval__lang=en,hatebert_lr,5,0,0.7194893893812505
hateval_en_TR,hateval__lang=en,hatebert_lr,6,0,0.6249308274066938
hateval_en_TR,hateval__lang=en,hatebert_lr,7,0,0.7011193373835245
hateval_en_TR,hateval__lang=en,hatebert_lr,8,0,0.7001689956569934
hateval_en_TR,hateval__lang=en,hatebert_lr,9,0,0.7400909681611436
hateval_en_TR,hateval__lang=en,mbert_lr,0,0,0.6761692413866327
hateval_en_TR,hateval__lang=en,mbert_lr,1,0,0.7253311907920552
hateval_en_TR,hateval__lang=en,mbert_lr,2,0,0.6770833333333334
hateval_en_TR,hateval__lang=en,mbert_lr,3,0,0.7222173692761928
hateval_en_TR,hateval__lang=en,mbert_lr,4,0,0.6825396825396826
hateval_en_TR,hateval__lang=en,mbert_lr,5,0,0.6783631044320474
hateval_en_TR,hateval__lang=en,mbert_lr,6,0,0.6859432531947152
hateval_en_TR,hateval__lang=en,mbert_lr,7,0,0.6677106408983271
hateval_en_TR,hateval__lang=en,mbert_lr,8,0,0.7250019097089604
hateval_en_TR,hateval__lang=en,mbert_lr,9,0,0.644212523719165
hateval_es_AG,hateval__lang=es,tfidf_word_lr,0,0,0.7949419002050582
hateval_es_AG,hateval__lang=es,tfidf_word_lr,1,0,0.7810480500006636
hateval_es_AG,hateval__lang=es,tfidf_word_lr,2,0,0.7766367137355584
hateval_es_AG,hateval__lang=es,tfidf_word_lr,3,0,0.7785863189651824
hateval_es_AG,hateval__lang=es,tfidf_word_lr,4,0,0.7772712471507652
hateval_es_AG,hateval__lang=es,tfidf_word_lr,5,0,0.7668310463121784
hateval_es_AG,hateval__lang=es,tfidf_word_lr,6,0,0.7555795969066794
hateval_es_AG,hateval__lang=es,tfidf_word_lr,7,0,0.7670303369785235
hateval_es_AG,hateval__lang=es,tfidf_word_lr,8,0,0.8015873015873016
hateval_es_AG,hateval__lang=es,tfidf_word_lr,9,0,0.757002508361204
hateval_es_AG,hateval__lang=es,tfidf_char_svm,0,0,0.727286894187315
hateval_es_AG,hateval__lang=es,tfidf_char_svm,1,0,0.8072829413913416
hateval_es_AG,hateval__lang=es,tfidf_char_svm,2,0,0.7472426470588236
hateval_es_AG,hateval__lang=es,tfidf_char_svm,3,0,0.7738579828132067
hateval_es_AG,hateval__lang=es,tfidf_char_svm,4,0,0.7530864197530864
hateval_es_AG,hateval__lang=es,tfidf_char_svm,5,0,0.7063492063492063
hateval_es_AG,hateval__lang=es,tfidf_char_svm,6,0,0.7242647058823529
hateval_es_AG,hateval__lang=es,tfidf_char_svm,7,0,0.732620320855615
hateval_es_AG,hateval__lang=es,tfidf_char_svm,8,0,0.7344106534994201
hateval_es_AG,hateval__lang=es,tfidf_char_svm,9,0,0.7119778799011764
hateval_es_AG,hateval__lang=es,tfidf_nb,0,0,0.7443181818181819
hateval_es_AG,hateval__lang=es,tfidf_nb,1,0,0.7902215260684717
hateval_es_AG,hateval__lang=es,tfidf_nb,2,0,0.7617554858934169
hateval_es_AG,hateval__lang=es,tfidf_nb,3,0,0.7902215260684717
hateval_es_AG,hateval__lang=es,tfidf_nb,4,0,0.7967114270304656
hateval_es_AG,hateval__lang=es,tfidf_nb,5,0,0.7324209325788481
hateval_es_AG,hateval__lang=es,tfidf_nb,6,0,0.7594363938369895
hateval_es_AG,hateval__lang=es,tfidf_nb,7,0,0.751984126984127
hateval_es_AG,hateval__lang=es,tfidf_nb,8,0,0.7750392620155917
hateval_es_AG,hateval__lang=es,tfidf_nb,9,0,0.7422532791110602
hateval_es_AG,hateval__lang=es,svd_rf,0,0,0.786593707250342
hateval_es_AG,hateval__lang=es,svd_rf,1,0,0.7716894977168949
hateval_es_AG,hateval__lang=es,svd_rf,2,0,0.7701778385772913
hateval_es_AG,hateval__lang=es,svd_rf,3,0,0.7717887415779179
hateval_es_AG,hateval__lang=es,svd_rf,4,0,0.7341839447102605
hateval_es_AG,hateval__lang=es,svd_rf,5,0,0.7164786070221663
hateval_es_AG,hateval__lang=es,svd_rf,6,0,0.7390151028965045
hateval_es_AG,hateval__lang=es,svd_rf,7,0,0.7284200436657968
hateval_es_AG,hateval__lang=es,svd_rf,8,0,0.756128866640996
hateval_es_AG,hateval__lang=es,svd_rf,9,0,0.7314835533676438
hateval_es_AG,hateval__lang=es,svd_histgb,0,0,0.7584809283215812
hateval_es_AG,hateval__lang=es,svd_histgb,1,0,0.7390151028965045
hateval_es_AG,hateval__lang=es,svd_histgb,2,0,0.7814473045167557
hateval_es_AG,hateval__lang=es,svd_histgb,3,0,0.7495720086588662
hateval_es_AG,hateval__lang=es,svd_histgb,4,0,0.7668091721725612
hateval_es_AG,hateval__lang=es,svd_histgb,5,0,0.7368837256114218
hateval_es_AG,hateval__lang=es,svd_histgb,6,0,0.7236478484011054
hateval_es_AG,hateval__lang=es,svd_histgb,7,0,0.7137364992877986
hateval_es_AG,hateval__lang=es,svd_histgb,8,0,0.7487872487872488
hateval_es_AG,hateval__lang=es,svd_histgb,9,0,0.7423629002576371
hateval_es_AG,hateval__lang=es,svd_knn,0,0,0.7291381668946648
hateval_es_AG,hateval__lang=es,svd_knn,1,0,0.7698412698412699
hateval_es_AG,hateval__lang=es,svd_knn,2,0,0.757002508361204
hateval_es_AG,hateval__lang=es,svd_knn,3,0,0.7666108466620076
hateval_es_AG,hateval__lang=es,svd_knn,4,0,0.7571636716852841
hateval_es_AG,hateval__lang=es,svd_knn,5,0,0.7476208002523792
hateval_es_AG,hateval__lang=es,svd_knn,6,0,0.7228863290589003
hateval_es_AG,hateval__lang=es,svd_knn,7,0,0.7676099979343111
hateval_es_AG,hateval__lang=es,svd_knn,8,0,0.7378151260504202
hateval_es_AG,hateval__lang=es,svd_knn,9,0,0.6972913472500688
hateval_es_AG,hateval__lang=es,minilm_lr,0,0,0.6909340659340659
hateval_es_AG,hateval__lang=es,minilm_lr,1,0,0.7099603848330504
hateval_es_AG,hateval__lang=es,minilm_lr,2,0,0.6943875166289145
hateval_es_AG,hateval__lang=es,minilm_lr,3,0,0.6600115740740741
hateval_es_AG,hateval__lang=es,minilm_lr,4,0,0.6165824968048541
hateval_es_AG,hateval__lang=es,minilm_lr,5,0,0.7118017195830731
hateval_es_AG,hateval__lang=es,minilm_lr,6,0,0.6295592705167173
hateval_es_AG,hateval__lang=es,minilm_lr,7,0,0.6764444444444444
hateval_es_AG,hateval__lang=es,minilm_lr,8,0,0.6757769345309573
hateval_es_AG,hateval__lang=es,minilm_lr,9,0,0.6450712223747102
hateval_es_AG,hateval__lang=es,minilm_mlp,0,0,0.7328800388538126
hateval_es_AG,hateval__lang=es,minilm_mlp,1,0,0.7173529372735838
hateval_es_AG,hateval__lang=es,minilm_mlp,2,0,0.7366041592955144
hateval_es_AG,hateval__lang=es,minilm_mlp,3,0,0.7166909502994981
hateval_es_AG,hateval__lang=es,minilm_mlp,4,0,0.6710481785815814
hateval_es_AG,hateval__lang=es,minilm_mlp,5,0,0.719141866322077
hateval_es_AG,hateval__lang=es,minilm_mlp,6,0,0.6462264150943396
hateval_es_AG,hateval__lang=es,minilm_mlp,7,0,0.7103464256748928
hateval_es_AG,hateval__lang=es,minilm_mlp,8,0,0.6991208075545425
hateval_es_AG,hateval__lang=es,minilm_mlp,9,0,0.7142857142857143
hateval_es_AG,hateval__lang=es,hatebert_lr,0,0,0.7043024000788527
hateval_es_AG,hateval__lang=es,hatebert_lr,1,0,0.6804028860587865
hateval_es_AG,hateval__lang=es,hatebert_lr,2,0,0.6790507683330091
hateval_es_AG,hateval__lang=es,hatebert_lr,3,0,0.6952972992816848
hateval_es_AG,hateval__lang=es,hatebert_lr,4,0,0.6806128317771877
hateval_es_AG,hateval__lang=es,hatebert_lr,5,0,0.6716254540026867
hateval_es_AG,hateval__lang=es,hatebert_lr,6,0,0.661367020510111
hateval_es_AG,hateval__lang=es,hatebert_lr,7,0,0.7099817667861819
hateval_es_AG,hateval__lang=es,hatebert_lr,8,0,0.6124444444444445
hateval_es_AG,hateval__lang=es,hatebert_lr,9,0,0.6542562870764639
hateval_es_AG,hateval__lang=es,mbert_lr,0,0,0.6462931522354273
hateval_es_AG,hateval__lang=es,mbert_lr,1,0,0.6137695371250497
hateval_es_AG,hateval__lang=es,mbert_lr,2,0,0.6043956043956044
hateval_es_AG,hateval__lang=es,mbert_lr,3,0,0.6820409232035312
hateval_es_AG,hateval__lang=es,mbert_lr,4,0,0.6612524971771041
hateval_es_AG,hateval__lang=es,mbert_lr,5,0,0.6846874056176382
hateval_es_AG,hateval__lang=es,mbert_lr,6,0,0.6224354103343466
hateval_es_AG,hateval__lang=es,mbert_lr,7,0,0.6440513428972063
hateval_es_AG,hateval__lang=es,mbert_lr,8,0,0.6454112393892
hateval_es_AG,hateval__lang=es,mbert_lr,9,0,0.59429330279365
hateval_es_HS,hateval__lang=es,tfidf_word_lr,0,0,0.757153415690001
hateval_es_HS,hateval__lang=es,tfidf_word_lr,1,0,0.8184910786652815
hateval_es_HS,hateval__lang=es,tfidf_word_lr,2,0,0.7670348520497456
hateval_es_HS,hateval__lang=es,tfidf_word_lr,3,0,0.8043455874781176
hateval_es_HS,hateval__lang=es,tfidf_word_lr,4,0,0.7777777777777777
hateval_es_HS,hateval__lang=es,tfidf_word_lr,5,0,0.7673325499412456
hateval_es_HS,hateval__lang=es,tfidf_word_lr,6,0,0.8038788407060362
hateval_es_HS,hateval__lang=es,tfidf_word_lr,7,0,0.7752187294670955
hateval_es_HS,hateval__lang=es,tfidf_word_lr,8,0,0.8176417290775424
hateval_es_HS,hateval__lang=es,tfidf_word_lr,9,0,0.7291666666666667
hateval_es_HS,hateval__lang=es,tfidf_char_svm,0,0,0.7701843168206509
hateval_es_HS,hateval__lang=es,tfidf_char_svm,1,0,0.7879036672140121
hateval_es_HS,hateval__lang=es,tfidf_char_svm,2,0,0.742559983523839
hateval_es_HS,hateval__lang=es,tfidf_char_svm,3,0,0.7768853190539937
hateval_es_HS,hateval__lang=es,tfidf_char_svm,4,0,0.7607461944775136
hateval_es_HS,hateval__lang=es,tfidf_char_svm,5,0,0.7419458430342581
hateval_es_HS,hateval__lang=es,tfidf_char_svm,6,0,0.784244112375712
hateval_es_HS,hateval__lang=es,tfidf_char_svm,7,0,0.7583691620061032
hateval_es_HS,hateval__lang=es,tfidf_char_svm,8,0,0.7832345081487768
hateval_es_HS,hateval__lang=es,tfidf_char_svm,9,0,0.7529081246967765
hateval_es_HS,hateval__lang=es,tfidf_nb,0,0,0.7540509259259259
hateval_es_HS,hateval__lang=es,tfidf_nb,1,0,0.8237367802585194
hateval_es_HS,hateval__lang=es,tfidf_nb,2,0,0.7711997711997711
hateval_es_HS,hateval__lang=es,tfidf_nb,3,0,0.7600257882734989
hateval_es_HS,hateval__lang=es,tfidf_nb,4,0,0.7546666666666666
hateval_es_HS,hateval__lang=es,tfidf_nb,5,0,0.7499244941105406
hateval_es_HS,hateval__lang=es,tfidf_nb,6,0,0.8044444444444445
hateval_es_HS,hateval__lang=es,tfidf_nb,7,0,0.7831111111111111
hateval_es_HS,hateval__lang=es,tfidf_nb,8,0,0.7877758913412564
hateval_es_HS,hateval__lang=es,tfidf_nb,9,0,0.7600257882734989
hateval_es_HS,hateval__lang=es,svd_rf,0,0,0.7086698381089354
hateval_es_HS,hateval__lang=es,svd_rf,1,0,0.7711997711997711
hateval_es_HS,hateval__lang=es,svd_rf,2,0,0.7136816671700392
hateval_es_HS,hateval__lang=es,svd_rf,3,0,0.7354273633343401
hateval_es_HS,hateval__lang=es,svd_rf,4,0,0.731247881458525
hateval_es_HS,hateval__lang=es,svd_rf,5,0,0.7026395330339333
hateval_es_HS,hateval__lang=es,svd_rf,6,0,0.7743526068840363
hateval_es_HS,hateval__lang=es,svd_rf,7,0,0.7281787979462399
hateval_es_HS,hateval__lang=es,svd_rf,8,0,0.7466929355474248
hateval_es_HS,hateval__lang=es,svd_rf,9,0,0.7190066765934964
hateval_es_HS,hateval__lang=es,svd_histgb,0,0,0.7231510444756049
hateval_es_HS,hateval__lang=es,svd_histgb,1,0,0.8108741420941823
hateval_es_HS,hateval__lang=es,svd_histgb,2,0,0.734323252174546
hateval_es_HS,hateval__lang=es,svd_histgb,3,0,0.7150455927051672
hateval_es_HS,hateval__lang=es,svd_histgb,4,0,0.7082279712118265
hateval_es_HS,hateval__lang=es,svd_histgb,5,0,0.7052079921388797
hateval_es_HS,hateval__lang=es,svd_histgb,6,0,0.7791603343465046
hateval_es_HS,hateval__lang=es,svd_histgb,7,0,0.7231510444756049
hateval_es_HS,hateval__lang=es,svd_histgb,8,0,0.751549855662297
hateval_es_HS,hateval__lang=es,svd_histgb,9,0,0.7241086587436333
hateval_es_HS,hateval__lang=es,svd_knn,0,0,0.7028862478777589
hateval_es_HS,hateval__lang=es,svd_knn,1,0,0.7607461944775136
hateval_es_HS,hateval__lang=es,svd_knn,2,0,0.7109283196239717
hateval_es_HS,hateval__lang=es,svd_knn,3,0,0.7228426752113764
hateval_es_HS,hateval__lang=es,svd_knn,4,0,0.7130068146118506
hateval_es_HS,hateval__lang=es,svd_knn,5,0,0.7444512801097913
hateval_es_HS,hateval__lang=es,svd_knn,6,0,0.773337517871465
hateval_es_HS,hateval__lang=es,svd_knn,7,0,0.7683023826814677
hateval_es_HS,hateval__lang=es,svd_knn,8,0,0.7361111111111112
hateval_es_HS,hateval__lang=es,svd_knn,9,0,0.7337817009948158
hateval_es_HS,hateval__lang=es,minilm_lr,0,0,0.6921182266009853
hateval_es_HS,hateval__lang=es,minilm_lr,1,0,0.6513635184077806
hateval_es_HS,hateval__lang=es,minilm_lr,2,0,0.6673051718923279
hateval_es_HS,hateval__lang=es,minilm_lr,3,0,0.6630781273042847
hateval_es_HS,hateval__lang=es,minilm_lr,4,0,0.683064627256442
hateval_es_HS,hateval__lang=es,minilm_lr,5,0,0.6456056244337145
hateval_es_HS,hateval__lang=es,minilm_lr,6,0,0.7039171421764926
hateval_es_HS,hateval__lang=es,minilm_lr,7,0,0.7410973837209303
hateval_es_HS,hateval__lang=es,minilm_lr,8,0,0.7037037037037037
hateval_es_HS,hateval__lang=es,minilm_lr,9,0,0.6451703745423825
hateval_es_HS,hateval__lang=es,minilm_mlp,0,0,0.706812302385743
hateval_es_HS,hateval__lang=es,minilm_mlp,1,0,0.7091278452375456
hateval_es_HS,hateval__lang=es,minilm_mlp,2,0,0.6555050296265674
hateval_es_HS,hateval__lang=es,minilm_mlp,3,0,0.6597222222222222
hateval_es_HS,hateval__lang=es,minilm_mlp,4,0,0.716700670358496
hateval_es_HS,hateval__lang=es,minilm_mlp,5,0,0.6837518740629684
hateval_es_HS,hateval__lang=es,minilm_mlp,6,0,0.674589700056593
hateval_es_HS,hateval__lang=es,minilm_mlp,7,0,0.7098913243691287
hateval_es_HS,hateval__lang=es,minilm_mlp,8,0,0.7018598267947564
hateval_es_HS,hateval__lang=es,minilm_mlp,9,0,0.673131401176727
hateval_es_HS,hateval__lang=es,hatebert_lr,0,0,0.6335574607016061
hateval_es_HS,hateval__lang=es,hatebert_lr,1,0,0.6181357364122781
hateval_es_HS,hateval__lang=es,hatebert_lr,2,0,0.5618156908479489
hateval_es_HS,hateval__lang=es,hatebert_lr,3,0,0.5728491531022541
hateval_es_HS,hateval__lang=es,hatebert_lr,4,0,0.6859496609166629
hateval_es_HS,hateval__lang=es,hatebert_lr,5,0,0.6046184173472261
hateval_es_HS,hateval__lang=es,hatebert_lr,6,0,0.7020513932807453
hateval_es_HS,hateval__lang=es,hatebert_lr,7,0,0.6538461538461537
hateval_es_HS,hateval__lang=es,hatebert_lr,8,0,0.6643271284711627
hateval_es_HS,hateval__lang=es,hatebert_lr,9,0,0.6260029919760641
hateval_es_HS,hateval__lang=es,mbert_lr,0,0,0.6654681170634018
hateval_es_HS,hateval__lang=es,mbert_lr,1,0,0.6797783430232558
hateval_es_HS,hateval__lang=es,mbert_lr,2,0,0.7039171421764926
hateval_es_HS,hateval__lang=es,mbert_lr,3,0,0.6804025567795458
hateval_es_HS,hateval__lang=es,mbert_lr,4,0,0.6815032135070035
hateval_es_HS,hateval__lang=es,mbert_lr,5,0,0.6442255062944718
hateval_es_HS,hateval__lang=es,mbert_lr,6,0,0.6643271284711627
hateval_es_HS,hateval__lang=es,mbert_lr,7,0,0.6181357364122781
hateval_es_HS,hateval__lang=es,mbert_lr,8,0,0.6649027992463133
hateval_es_HS,hateval__lang=es,mbert_lr,9,0,0.6826725250200509
hateval_es_TR,hateval__lang=es,tfidf_word_lr,0,0,0.8367604101036714
hateval_es_TR,hateval__lang=es,tfidf_word_lr,1,0,0.8245839216189621
hateval_es_TR,hateval__lang=es,tfidf_word_lr,2,0,0.8404048827479116
hateval_es_TR,hateval__lang=es,tfidf_word_lr,3,0,0.8381988909017992
hateval_es_TR,hateval__lang=es,tfidf_word_lr,4,0,0.8547938764503327
hateval_es_TR,hateval__lang=es,tfidf_word_lr,5,0,0.8231513565584967
hateval_es_TR,hateval__lang=es,tfidf_word_lr,6,0,0.8465909090909092
hateval_es_TR,hateval__lang=es,tfidf_word_lr,7,0,0.8759252128524366
hateval_es_TR,hateval__lang=es,tfidf_word_lr,8,0,0.8489594987692997
hateval_es_TR,hateval__lang=es,tfidf_word_lr,9,0,0.8576584089373266
hateval_es_TR,hateval__lang=es,tfidf_char_svm,0,0,0.8062801279452179
hateval_es_TR,hateval__lang=es,tfidf_char_svm,1,0,0.7955555555555556
hateval_es_TR,hateval__lang=es,tfidf_char_svm,2,0,0.8129757158390721
hateval_es_TR,hateval__lang=es,tfidf_char_svm,3,0,0.8281688527407067
hateval_es_TR,hateval__lang=es,tfidf_char_svm,4,0,0.8427581387222642
hateval_es_TR,hateval__lang=es,tfidf_char_svm,5,0,0.7973449248120301
hateval_es_TR,hateval__lang=es,tfidf_char_svm,6,0,0.8613998613998614
hateval_es_TR,hateval__lang=es,tfidf_char_svm,7,0,0.8564697354113809
hateval_es_TR,hateval__lang=es,tfidf_char_svm,8,0,0.8169615619280048
hateval_es_TR,hateval__lang=es,tfidf_char_svm,9,0,0.8113786901785323
hateval_es_TR,hateval__lang=es,tfidf_nb,0,0,0.8155476029070958
hateval_es_TR,hateval__lang=es,tfidf_nb,1,0,0.8019674453800454
hateval_es_TR,hateval__lang=es,tfidf_nb,2,0,0.811627569995653
hateval_es_TR,hateval__lang=es,tfidf_nb,3,0,0.8451304591513149
hateval_es_TR,hateval__lang=es,tfidf_nb,4,0,0.8431637862107141
hateval_es_TR,hateval__lang=es,tfidf_nb,5,0,0.7693933764653129
hateval_es_TR,hateval__lang=es,tfidf_nb,6,0,0.8192184675288555
hateval_es_TR,hateval__lang=es,tfidf_nb,7,0,0.8339381265760502
hateval_es_TR,hateval__lang=es,tfidf_nb,8,0,0.8548666489801651
hateval_es_TR,hateval__lang=es,tfidf_nb,9,0,0.8212876946112604
hateval_es_TR,hateval__lang=es,svd_rf,0,0,0.8097317069573298
hateval_es_TR,hateval__lang=es,svd_rf,1,0,0.7792494481236203
hateval_es_TR,hateval__lang=es,svd_rf,2,0,0.8263888888888888
hateval_es_TR,hateval__lang=es,svd_rf,3,0,0.7901754490394202
hateval_es_TR,hateval__lang=es,svd_rf,4,0,0.8340224797623901
hateval_es_TR,hateval__lang=es,svd_rf,5,0,0.7972699013380187
hateval_es_TR,hateval__lang=es,svd_rf,6,0,0.8340224797623901
hateval_es_TR,hateval__lang=es,svd_rf,7,0,0.8385553695288208
hateval_es_TR,hateval__lang=es,svd_rf,8,0,0.8109857380147775
hateval_es_TR,hateval__lang=es,svd_rf,9,0,0.8333108077668154
hateval_es_TR,hateval__lang=es,svd_histgb,0,0,0.7908215010141988
hateval_es_TR,hateval__lang=es,svd_histgb,1,0,0.8136200716845878
hateval_es_TR,hateval__lang=es,svd_histgb,2,0,0.8229813664596273
hateval_es_TR,hateval__lang=es,svd_histgb,3,0,0.8155476029070958
hateval_es_TR,hateval__lang=es,svd_histgb,4,0,0.8333108077668154
hateval_es_TR,hateval__lang=es,svd_histgb,5,0,0.8191681735985534
hateval_es_TR,hateval__lang=es,svd_histgb,6,0,0.8322981366459627
hateval_es_TR,hateval__lang=es,svd_histgb,7,0,0.8499431602879879
hateval_es_TR,hateval__lang=es,svd_histgb,8,0,0.8026043977903934
hateval_es_TR,hateval__lang=es,svd_histgb,9,0,0.8212876946112604
hateval_es_TR,hateval__lang=es,svd_knn,0,0,0.7955555555555556
hateval_es_TR,hateval__lang=es,svd_knn,1,0,0.8044444444444445
hateval_es_TR,hateval__lang=es,svd_knn,2,0,0.8237781954887218
hateval_es_TR,hateval__lang=es,svd_knn,3,0,0.820151774356275
hateval_es_TR,hateval__lang=es,svd_knn,4,0,0.8362807711028186
hateval_es_TR,hateval__lang=es,svd_knn,5,0,0.8189608351940136
hateval_es_TR,hateval__lang=es,svd_knn,6,0,0.8602294566420128
hateval_es_TR,hateval__lang=es,svd_knn,7,0,0.8081140350877194
hateval_es_TR,hateval__lang=es,svd_knn,8,0,0.8477709314969192
hateval_es_TR,hateval__lang=es,svd_knn,9,0,0.8267763229763261
hateval_es_TR,hateval__lang=es,minilm_lr,0,0,0.7074968946588132
hateval_es_TR,hateval__lang=es,minilm_lr,1,0,0.7045143638850888
hateval_es_TR,hateval__lang=es,minilm_lr,2,0,0.7225659394334094
hateval_es_TR,hateval__lang=es,minilm_lr,3,0,0.6815662224318906
hateval_es_TR,hateval__lang=es,minilm_lr,4,0,0.7857142857142857
hateval_es_TR,hateval__lang=es,minilm_lr,5,0,0.7328800388538126
hateval_es_TR,hateval__lang=es,minilm_lr,6,0,0.7319240196078431
hateval_es_TR,hateval__lang=es,minilm_lr,7,0,0.7346698113207547
hateval_es_TR,hateval__lang=es,minilm_lr,8,0,0.7291381668946648
hateval_es_TR,hateval__lang=es,minilm_lr,9,0,0.7418244406196213
hateval_es_TR,hateval__lang=es,minilm_mlp,0,0,0.717239141519492
hateval_es_TR,hateval__lang=es,minilm_mlp,1,0,0.7718052738336714
hateval_es_TR,hateval__lang=es,minilm_mlp,2,0,0.7432085416948236
hateval_es_TR,hateval__lang=es,minilm_mlp,3,0,0.7291548713868188
hateval_es_TR,hateval__lang=es,minilm_mlp,4,0,0.7950310559006211
hateval_es_TR,hateval__lang=es,minilm_mlp,5,0,0.7741389045736872
hateval_es_TR,hateval__lang=es,minilm_mlp,6,0,0.8094248094248094
hateval_es_TR,hateval__lang=es,minilm_mlp,7,0,0.8099476197098225
hateval_es_TR,hateval__lang=es,minilm_mlp,8,0,0.7680939749905267
hateval_es_TR,hateval__lang=es,minilm_mlp,9,0,0.7391304347826086
hateval_es_TR,hateval__lang=es,hatebert_lr,0,0,0.6419893315696396
hateval_es_TR,hateval__lang=es,hatebert_lr,1,0,0.7325938397543825
hateval_es_TR,hateval__lang=es,hatebert_lr,2,0,0.6504330979489267
hateval_es_TR,hateval__lang=es,hatebert_lr,3,0,0.7283176593521421
hateval_es_TR,hateval__lang=es,hatebert_lr,4,0,0.6944682675814752
hateval_es_TR,hateval__lang=es,hatebert_lr,5,0,0.7204589132840253
hateval_es_TR,hateval__lang=es,hatebert_lr,6,0,0.7260049891628839
hateval_es_TR,hateval__lang=es,hatebert_lr,7,0,0.7469264703848654
hateval_es_TR,hateval__lang=es,hatebert_lr,8,0,0.7260049891628839
hateval_es_TR,hateval__lang=es,hatebert_lr,9,0,0.6843127731908694
hateval_es_TR,hateval__lang=es,mbert_lr,0,0,0.7093961898611559
hateval_es_TR,hateval__lang=es,mbert_lr,1,0,0.7272727272727273
hateval_es_TR,hateval__lang=es,mbert_lr,2,0,0.7260049891628839
hateval_es_TR,hateval__lang=es,mbert_lr,3,0,0.6834555435348799
hateval_es_TR,hateval__lang=es,mbert_lr,4,0,0.6687523003312477
hateval_es_TR,hateval__lang=es,mbert_lr,5,0,0.7522708505367465
hateval_es_TR,hateval__lang=es,mbert_lr,6,0,0.7156156708498989
hateval_es_TR,hateval__lang=es,mbert_lr,7,0,0.771607164322635
hateval_es_TR,hateval__lang=es,mbert_lr,8,0,0.6962306935352758
hateval_es_TR,hateval__lang=es,mbert_lr,9,0,0.6821123775703075
hatewic_all,"hatewic__all, majority-voted per example",tfidf_word_lr,0,0,0.6364687440940067
hatewic_all,"hatewic__all, majority-voted per example",tfidf_word_lr,1,0,0.6919642857142857
hatewic_all,"hatewic__all, majority-voted per example",tfidf_word_lr,2,0,0.6842953741435672
hatewic_all,"hatewic__all, majority-voted per example",tfidf_word_lr,3,0,0.6794871794871795
hatewic_all,"hatewic__all, majority-voted per example",tfidf_word_lr,4,0,0.6829070194372434
hatewic_all,"hatewic__all, majority-voted per example",tfidf_word_lr,5,0,0.6552839723780943
hatewic_all,"hatewic__all, majority-voted per example",tfidf_word_lr,6,0,0.6680488649953616
hatewic_all,"hatewic__all, majority-voted per example",tfidf_word_lr,7,0,0.6491228070175439
hatewic_all,"hatewic__all, majority-voted per example",tfidf_word_lr,8,0,0.677938808373591
hatewic_all,"hatewic__all, majority-voted per example",tfidf_word_lr,9,0,0.6426002517532818
hatewic_all,"hatewic__all, majority-voted per example",tfidf_char_svm,0,0,0.635983123865926
hatewic_all,"hatewic__all, majority-voted per example",tfidf_char_svm,1,0,0.6394230769230769
hatewic_all,"hatewic__all, majority-voted per example",tfidf_char_svm,2,0,0.7040889526542324
hatewic_all,"hatewic__all, majority-voted per example",tfidf_char_svm,3,0,0.7058299162060973
hatewic_all,"hatewic__all, majority-voted per example",tfidf_char_svm,4,0,0.6756250627013409
hatewic_all,"hatewic__all, majority-voted per example",tfidf_char_svm,5,0,0.6747549485308089
hatewic_all,"hatewic__all, majority-voted per example",tfidf_char_svm,6,0,0.6916752312435765
hatewic_all,"hatewic__all, majority-voted per example",tfidf_char_svm,7,0,0.6549760493082772
hatewic_all,"hatewic__all, majority-voted per example",tfidf_char_svm,8,0,0.7125155999286861
hatewic_all,"hatewic__all, majority-voted per example",tfidf_char_svm,9,0,0.6928418803418803
hatewic_all,"hatewic__all, majority-voted per example",tfidf_nb,0,0,0.6624895572263994
hatewic_all,"hatewic__all, majority-voted per example",tfidf_nb,1,0,0.6825897078024402
hatewic_all,"hatewic__all, majority-voted per example",tfidf_nb,2,0,0.7076318177235609
hatewic_all,"hatewic__all, majority-voted per example",tfidf_nb,3,0,0.671875
hatewic_all,"hatewic__all, majority-voted per example",tfidf_nb,4,0,0.6731769224721751
hatewic_all,"hatewic__all, majority-voted per example",tfidf_nb,5,0,0.6527777777777777
hatewic_all,"hatewic__all, majority-voted per example",tfidf_nb,6,0,0.7005349992709653
hatewic_all,"hatewic__all, majority-voted per example",tfidf_nb,7,0,0.6507097756482021
hatewic_all,"hatewic__all, majority-voted per example",tfidf_nb,8,0,0.6731769224721751
hatewic_all,"hatewic__all, majority-voted per example",tfidf_nb,9,0,0.6488226554409977
hatewic_all,"hatewic__all, majority-voted per example",svd_rf,0,0,0.6482683982683983
hatewic_all,"hatewic__all, majority-voted per example",svd_rf,1,0,0.6161641322931646
hatewic_all,"hatewic__all, majority-voted per example",svd_rf,2,0,0.625
hatewic_all,"hatewic__all, majority-voted per example",svd_rf,3,0,0.6320085641643249
hatewic_all,"hatewic__all, majority-voted per example",svd_rf,4,0,0.6546366979244671
hatewic_all,"hatewic__all, majority-voted per example",svd_rf,5,0,0.5840042941492216
hatewic_all,"hatewic__all, majority-voted per example",svd_rf,6,0,0.5844318334152554
hatewic_all,"hatewic__all, majority-voted per example",svd_rf,7,0,0.6242849567307149
hatewic_all,"hatewic__all, majority-voted per example",svd_rf,8,0,0.6546366979244671
hatewic_all,"hatewic__all, majority-voted per example",svd_rf,9,0,0.6199095022624435
hatewic_all,"hatewic__all, majority-voted per example",svd_histgb,0,0,0.567882624861823
hatewic_all,"hatewic__all, majority-voted per example",svd_histgb,1,0,0.6056031551747586
hatewic_all,"hatewic__all, majority-voted per example",svd_histgb,2,0,0.5892255892255892
hatewic_all,"hatewic__all, majority-voted per example",svd_histgb,3,0,0.6119363040278335
hatewic_all,"hatewic__all, majority-voted per example",svd_histgb,4,0,0.6443907675791734
hatewic_all,"hatewic__all, majority-voted per example",svd_histgb,5,0,0.6301111908177905
hatewic_all,"hatewic__all, majority-voted per example",svd_histgb,6,0,0.6352034270797309
hatewic_all,"hatewic__all, majority-voted per example",svd_histgb,7,0,0.5950131025172715
hatewic_all,"hatewic__all, majority-voted per example",svd_histgb,8,0,0.6495288109569533
hatewic_all,"hatewic__all, majority-voted per example",svd_histgb,9,0,0.6057907209200463
hatewic_all,"hatewic__all, majority-voted per example",svd_knn,0,0,0.6525767226404169
hatewic_all,"hatewic__all, majority-voted per example",svd_knn,1,0,0.5830344332855093
hatewic_all,"hatewic__all, majority-voted per example",svd_knn,2,0,0.584342438749648
hatewic_all,"hatewic__all, majority-voted per example",svd_knn,3,0,0.5897331570203099
hatewic_all,"hatewic__all, majority-voted per example",svd_knn,4,0,0.6550324675324675
hatewic_all,"hatewic__all, majority-voted per example",svd_knn,5,0,0.5628586800573888
hatewic_all,"hatewic__all, majority-voted per example",svd_knn,6,0,0.5602797202797203
hatewic_all,"hatewic__all, majority-voted per example",svd_knn,7,0,0.5880419611904011
hatewic_all,"hatewic__all, majority-voted per example",svd_knn,8,0,0.5991269876620196
hatewic_all,"hatewic__all, majority-voted per example",svd_knn,9,0,0.5640664601520698
hatewic_all,"hatewic__all, majority-voted per example",minilm_lr,0,0,0.6699963332925921
hatewic_all,"hatewic__all, majority-voted per example",minilm_lr,1,0,0.6699083078632954
hatewic_all,"hatewic__all, majority-voted per example",minilm_lr,2,0,0.7108142037302726
hatewic_all,"hatewic__all, majority-voted per example",minilm_lr,3,0,0.699666295884316
hatewic_all,"hatewic__all, majority-voted per example",minilm_lr,4,0,0.7418157838852812
hatewic_all,"hatewic__all, majority-voted per example",minilm_lr,5,0,0.7229608696135916
hatewic_all,"hatewic__all, majority-voted per example",minilm_lr,6,0,0.6733188141695187
hatewic_all,"hatewic__all, majority-voted per example",minilm_lr,7,0,0.6820580327759123
hatewic_all,"hatewic__all, majority-voted per example",minilm_lr,8,0,0.7130144605116796
hatewic_all,"hatewic__all, majority-voted per example",minilm_lr,9,0,0.7027752112299763
hatewic_all,"hatewic__all, majority-voted per example",minilm_mlp,0,0,0.6966632962588473
hatewic_all,"hatewic__all, majority-voted per example",minilm_mlp,1,0,0.699786514855008
hatewic_all,"hatewic__all, majority-voted per example",minilm_mlp,2,0,0.7108142037302726
hatewic_all,"hatewic__all, majority-voted per example",minilm_mlp,3,0,0.702377634849684
hatewic_all,"hatewic__all, majority-voted per example",minilm_mlp,4,0,0.7397916079977471
hatewic_all,"hatewic__all, majority-voted per example",minilm_mlp,5,0,0.7196885428253614
hatewic_all,"hatewic__all, majority-voted per example",minilm_mlp,6,0,0.7030660928168685
hatewic_all,"hatewic__all, majority-voted per example",minilm_mlp,7,0,0.677938808373591
hatewic_all,"hatewic__all, majority-voted per example",minilm_mlp,8,0,0.7219709911901651
hatewic_all,"hatewic__all, majority-voted per example",minilm_mlp,9,0,0.6796440489432702
hatewic_all,"hatewic__all, majority-voted per example",hatebert_lr,0,0,0.6464152286070095
hatewic_all,"hatewic__all, majority-voted per example",hatebert_lr,1,0,0.6897207486738064
hatewic_all,"hatewic__all, majority-voted per example",hatebert_lr,2,0,0.6693791675479511
hatewic_all,"hatewic__all, majority-voted per example",hatebert_lr,3,0,0.7033036636997033
hatewic_all,"hatewic__all, majority-voted per example",hatebert_lr,4,0,0.7260701082357133
hatewic_all,"hatewic__all, majority-voted per example",hatebert_lr,5,0,0.6633295925510283
hatewic_all,"hatewic__all, majority-voted per example",hatebert_lr,6,0,0.7108142037302726
hatewic_all,"hatewic__all, majority-voted per example",hatebert_lr,7,0,0.6878321678321678
hatewic_all,"hatewic__all, majority-voted per example",hatebert_lr,8,0,0.7066536290501799
hatewic_all,"hatewic__all, majority-voted per example",hatebert_lr,9,0,0.7050806559721168
hatewic_all,"hatewic__all, majority-voted per example",mbert_lr,0,0,0.6626999588115461
hatewic_all,"hatewic__all, majority-voted per example",mbert_lr,1,0,0.6265172735760971
hatewic_all,"hatewic__all, majority-voted per example",mbert_lr,2,0,0.695906432748538
hatewic_all,"hatewic__all, majority-voted per example",mbert_lr,3,0,0.6831608320085379
hatewic_all,"hatewic__all, majority-voted per example",mbert_lr,4,0,0.6514589570579561
hatewic_all,"hatewic__all, majority-voted per example",mbert_lr,5,0,0.6364687440940067
hatewic_all,"hatewic__all, majority-voted per example",mbert_lr,6,0,0.6159454976567109
hatewic_all,"hatewic__all, majority-voted per example",mbert_lr,7,0,0.6549760493082772
hatewic_all,"hatewic__all, majority-voted per example",mbert_lr,8,0,0.6731008717310087
hatewic_all,"hatewic__all, majority-voted per example",mbert_lr,9,0,0.622119918404655
hatexplain_3way,"hatexplain__all, majority-voted label",tfidf_word_lr,0,0,0.5595182439502214
hatexplain_3way,"hatexplain__all, majority-voted label",tfidf_word_lr,1,0,0.607541276215975
hatexplain_3way,"hatexplain__all, majority-voted label",tfidf_word_lr,2,0,0.624569417376558
hatexplain_3way,"hatexplain__all, majority-voted label",tfidf_word_lr,3,0,0.6474320203043606
hatexplain_3way,"hatexplain__all, majority-voted label",tfidf_word_lr,4,0,0.5960699717128584
hatexplain_3way,"hatexplain__all, majority-voted label",tfidf_word_lr,5,0,0.5243414711710798
hatexplain_3way,"hatexplain__all, majority-voted label",tfidf_word_lr,6,0,0.6147227605346895
hatexplain_3way,"hatexplain__all, majority-voted label",tfidf_word_lr,7,0,0.6372882942013635
hatexplain_3way,"hatexplain__all, majority-voted label",tfidf_word_lr,8,0,0.6381148187922937
hatexplain_3way,"hatexplain__all, majority-voted label",tfidf_word_lr,9,0,0.636780258519389
hatexplain_3way,"hatexplain__all, majority-voted label",tfidf_char_svm,0,0,0.5874667815844287
hatexplain_3way,"hatexplain__all, majority-voted label",tfidf_char_svm,1,0,0.5668217763593486
hatexplain_3way,"hatexplain__all, majority-voted label",tfidf_char_svm,2,0,0.6197930353012715
hatexplain_3way,"hatexplain__all, majority-voted label",tfidf_char_svm,3,0,0.6399387483045017
hatexplain_3way,"hatexplain__all, majority-voted label",tfidf_char_svm,4,0,0.5966236989442749
hatexplain_3way,"hatexplain__all, majority-voted label",tfidf_char_svm,5,0,0.5317275656264052
hatexplain_3way,"hatexplain__all, majority-voted label",tfidf_char_svm,6,0,0.5990177258729014
hatexplain_3way,"hatexplain__all, majority-voted label",tfidf_char_svm,7,0,0.6089182751174337
hatexplain_3way,"hatexplain__all, majority-voted label",tfidf_char_svm,8,0,0.5593628227636706
hatexplain_3way,"hatexplain__all, majority-voted label",tfidf_char_svm,9,0,0.6369838662656342
hatexplain_3way,"hatexplain__all, majority-voted label",tfidf_nb,0,0,0.5427127356111409
hatexplain_3way,"hatexplain__all, majority-voted label",tfidf_nb,1,0,0.5859295049239184
hatexplain_3way,"hatexplain__all, majority-voted label",tfidf_nb,2,0,0.547923093346326
hatexplain_3way,"hatexplain__all, majority-voted label",tfidf_nb,3,0,0.6019854716514422
hatexplain_3way,"hatexplain__all, majority-voted label",tfidf_nb,4,0,0.5863379928027838
hatexplain_3way,"hatexplain__all, majority-voted label",tfidf_nb,5,0,0.5302792381479432
hatexplain_3way,"hatexplain__all, majority-voted label",tfidf_nb,6,0,0.575422806546663
hatexplain_3way,"hatexplain__all, majority-voted label",tfidf_nb,7,0,0.5645766321014313
hatexplain_3way,"hatexplain__all, majority-voted label",tfidf_nb,8,0,0.5904568381349792
hatexplain_3way,"hatexplain__all, majority-voted label",tfidf_nb,9,0,0.5930243808690695
hatexplain_3way,"hatexplain__all, majority-voted label",svd_rf,0,0,0.48355278215329106
hatexplain_3way,"hatexplain__all, majority-voted label",svd_rf,1,0,0.5896413578301806
hatexplain_3way,"hatexplain__all, majority-voted label",svd_rf,2,0,0.6011549588383728
hatexplain_3way,"hatexplain__all, majority-voted label",svd_rf,3,0,0.5336262816488805
hatexplain_3way,"hatexplain__all, majority-voted label",svd_rf,4,0,0.5444936528988253
hatexplain_3way,"hatexplain__all, majority-voted label",svd_rf,5,0,0.5206845937403627
hatexplain_3way,"hatexplain__all, majority-voted label",svd_rf,6,0,0.5530773956781843
hatexplain_3way,"hatexplain__all, majority-voted label",svd_rf,7,0,0.5505958734410962
hatexplain_3way,"hatexplain__all, majority-voted label",svd_rf,8,0,0.522882668799798
hatexplain_3way,"hatexplain__all, majority-voted label",svd_rf,9,0,0.5114262356549694
hatexplain_3way,"hatexplain__all, majority-voted label",svd_histgb,0,0,0.49035094499605325
hatexplain_3way,"hatexplain__all, majority-voted label",svd_histgb,1,0,0.5638355733529719
hatexplain_3way,"hatexplain__all, majority-voted label",svd_histgb,2,0,0.5598679805078154
hatexplain_3way,"hatexplain__all, majority-voted label",svd_histgb,3,0,0.5490963166323496
hatexplain_3way,"hatexplain__all, majority-voted label",svd_histgb,4,0,0.5355584146059903
hatexplain_3way,"hatexplain__all, majority-voted label",svd_histgb,5,0,0.5318018993045265
hatexplain_3way,"hatexplain__all, majority-voted label",svd_histgb,6,0,0.5820882619746899
hatexplain_3way,"hatexplain__all, majority-voted label",svd_histgb,7,0,0.5711403960833394
hatexplain_3way,"hatexplain__all, majority-voted label",svd_histgb,8,0,0.5442933714120155
hatexplain_3way,"hatexplain__all, majority-voted label",svd_histgb,9,0,0.5493213001687578
hatexplain_3way,"hatexplain__all, majority-voted label",svd_knn,0,0,0.44958577945884587
hatexplain_3way,"hatexplain__all, majority-voted label",svd_knn,1,0,0.5355968116863288
hatexplain_3way,"hatexplain__all, majority-voted label",svd_knn,2,0,0.48114280898812983
hatexplain_3way,"hatexplain__all, majority-voted label",svd_knn,3,0,0.5105419250923712
hatexplain_3way,"hatexplain__all, majority-voted label",svd_knn,4,0,0.48453800736271363
hatexplain_3way,"hatexplain__all, majority-voted label",svd_knn,5,0,0.47531458692507383
hatexplain_3way,"hatexplain__all, majority-voted label",svd_knn,6,0,0.5386231933850981
hatexplain_3way,"hatexplain__all, majority-voted label",svd_knn,7,0,0.525039714016092
hatexplain_3way,"hatexplain__all, majority-voted label",svd_knn,8,0,0.4800254689937245
hatexplain_3way,"hatexplain__all, majority-voted label",svd_knn,9,0,0.5283359436943846
hatexplain_3way,"hatexplain__all, majority-voted label",minilm_lr,0,0,0.553628642784852
hatexplain_3way,"hatexplain__all, majority-voted label",minilm_lr,1,0,0.5641401589622738
hatexplain_3way,"hatexplain__all, majority-voted label",minilm_lr,2,0,0.5773609862163795
hatexplain_3way,"hatexplain__all, majority-voted label",minilm_lr,3,0,0.5944594059773299
hatexplain_3way,"hatexplain__all, majority-voted label",minilm_lr,4,0,0.5856639247943596
hatexplain_3way,"hatexplain__all, majority-voted label",minilm_lr,5,0,0.5647142174210612
hatexplain_3way,"hatexplain__all, majority-voted label",minilm_lr,6,0,0.5617871835629938
hatexplain_3way,"hatexplain__all, majority-voted label",minilm_lr,7,0,0.6063620732006877
hatexplain_3way,"hatexplain__all, majority-voted label",minilm_lr,8,0,0.547945151931468
hatexplain_3way,"hatexplain__all, majority-voted label",minilm_lr,9,0,0.6189134990581041
hatexplain_3way,"hatexplain__all, majority-voted label",minilm_mlp,0,0,0.5543223137208099
hatexplain_3way,"hatexplain__all, majority-voted label",minilm_mlp,1,0,0.5652153721119239
hatexplain_3way,"hatexplain__all, majority-voted label",minilm_mlp,2,0,0.5862995399538748
hatexplain_3way,"hatexplain__all, majority-voted label",minilm_mlp,3,0,0.6139395051533779
hatexplain_3way,"hatexplain__all, majority-voted label",minilm_mlp,4,0,0.5880686789151356
hatexplain_3way,"hatexplain__all, majority-voted label",minilm_mlp,5,0,0.5333779315537205
hatexplain_3way,"hatexplain__all, majority-voted label",minilm_mlp,6,0,0.601776810655918
hatexplain_3way,"hatexplain__all, majority-voted label",minilm_mlp,7,0,0.5571965280476746
hatexplain_3way,"hatexplain__all, majority-voted label",minilm_mlp,8,0,0.5997351178354423
hatexplain_3way,"hatexplain__all, majority-voted label",minilm_mlp,9,0,0.6099359422488109
hatexplain_3way,"hatexplain__all, majority-voted label",hatebert_lr,0,0,0.5265122208847324
hatexplain_3way,"hatexplain__all, majority-voted label",hatebert_lr,1,0,0.5220053190429236
hatexplain_3way,"hatexplain__all, majority-voted label",hatebert_lr,2,0,0.5384276602576056
hatexplain_3way,"hatexplain__all, majority-voted label",hatebert_lr,3,0,0.5788426255804427
hatexplain_3way,"hatexplain__all, majority-voted label",hatebert_lr,4,0,0.5361188754937157
hatexplain_3way,"hatexplain__all, majority-voted label",hatebert_lr,5,0,0.5331694075438683
hatexplain_3way,"hatexplain__all, majority-voted label",hatebert_lr,6,0,0.5457156111246106
hatexplain_3way,"hatexplain__all, majority-voted label",hatebert_lr,7,0,0.5300506585612969
hatexplain_3way,"hatexplain__all, majority-voted label",hatebert_lr,8,0,0.5168754396326697
hatexplain_3way,"hatexplain__all, majority-voted label",hatebert_lr,9,0,0.5257048156195466
hatexplain_3way,"hatexplain__all, majority-voted label",mbert_lr,0,0,0.47137860354460753
hatexplain_3way,"hatexplain__all, majority-voted label",mbert_lr,1,0,0.549709165193765
hatexplain_3way,"hatexplain__all, majority-voted label",mbert_lr,2,0,0.4664276772504837
hatexplain_3way,"hatexplain__all, majority-voted label",mbert_lr,3,0,0.5340006548521833
hatexplain_3way,"hatexplain__all, majority-voted label",mbert_lr,4,0,0.465880574452003
hatexplain_3way,"hatexplain__all, majority-voted label",mbert_lr,5,0,0.5166944343166199
hatexplain_3way,"hatexplain__all, majority-voted label",mbert_lr,6,0,0.4893203080731807
hatexplain_3way,"hatexplain__all, majority-voted label",mbert_lr,7,0,0.49451599830516163
hatexplain_3way,"hatexplain__all, majority-voted label",mbert_lr,8,0,0.49379457001961535
hatexplain_3way,"hatexplain__all, majority-voted label",mbert_lr,9,0,0.46003235257565583
hatexplain_hate_vs_rest,"hatexplain__all, normal+offensive collapsed",tfidf_word_lr,0,0,0.7969718281824334
hatexplain_hate_vs_rest,"hatexplain__all, normal+offensive collapsed",tfidf_word_lr,1,0,0.7586993499386858
hatexplain_hate_vs_rest,"hatexplain__all, normal+offensive collapsed",tfidf_word_lr,2,0,0.7463216641298833
hatexplain_hate_vs_rest,"hatexplain__all, normal+offensive collapsed",tfidf_word_lr,3,0,0.8052049244195107
hatexplain_hate_vs_rest,"hatexplain__all, normal+offensive collapsed",tfidf_word_lr,4,0,0.8030355694589271
hatexplain_hate_vs_rest,"hatexplain__all, normal+offensive collapsed",tfidf_word_lr,5,0,0.7666108466620076
hatexplain_hate_vs_rest,"hatexplain__all, normal+offensive collapsed",tfidf_word_lr,6,0,0.781829515349852
hatexplain_hate_vs_rest,"hatexplain__all, normal+offensive collapsed",tfidf_word_lr,7,0,0.8061683302786166
hatexplain_hate_vs_rest,"hatexplain__all, normal+offensive collapsed",tfidf_word_lr,8,0,0.8028287501971713
hatexplain_hate_vs_rest,"hatexplain__all, normal+offensive collapsed",tfidf_word_lr,9,0,0.787055050212945
hatexplain_hate_vs_rest,"hatexplain__all, normal+offensive collapsed",tfidf_char_svm,0,0,0.7766367137355584
hatexplain_hate_vs_rest,"hatexplain__all, normal+offensive collapsed",tfidf_char_svm,1,0,0.781103188724894
hatexplain_hate_vs_rest,"hatexplain__all, normal+offensive collapsed",tfidf_char_svm,2,0,0.7767857142857143
hatexplain_hate_vs_rest,"hatexplain__all, normal+offensive collapsed",tfidf_char_svm,3,0,0.7603706267639384
hatexplain_hate_vs_rest,"hatexplain__all, normal+offensive collapsed",tfidf_char_svm,4,0,0.7875873788282548
hatexplain_hate_vs_rest,"hatexplain__all, normal+offensive collapsed",tfidf_char_svm,5,0,0.7824338401086512
hatexplain_hate_vs_rest,"hatexplain__all, normal+offensive collapsed",tfidf_char_svm,6,0,0.7676099979343111
hatexplain_hate_vs_rest,"hatexplain__all, normal+offensive collapsed",tfidf_char_svm,7,0,0.7974131213962912
hatexplain_hate_vs_rest,"hatexplain__all, normal+offensive collapsed",tfidf_char_svm,8,0,0.7920410783055198
hatexplain_hate_vs_rest,"hatexplain__all, normal+offensive collapsed",tfidf_char_svm,9,0,0.7989922813036021
hatexplain_hate_vs_rest,"hatexplain__all, normal+offensive collapsed",tfidf_nb,0,0,0.6763858253771473
hatexplain_hate_vs_rest,"hatexplain__all, normal+offensive collapsed",tfidf_nb,1,0,0.6563011456628478
hatexplain_hate_vs_rest,"hatexplain__all, normal+offensive collapsed",tfidf_nb,2,0,0.653314669835121
hatexplain_hate_vs_rest,"hatexplain__all, normal+offensive collapsed",tfidf_nb,3,0,0.7084826762246117
hatexplain_hate_vs_rest,"hatexplain__all, normal+offensive collapsed",tfidf_nb,4,0,0.642386598908338
hatexplain_hate_vs_rest,"hatexplain__all, normal+offensive collapsed",tfidf_nb,5,0,0.6798088410991636
hatexplain_hate_vs_rest,"hatexplain__all, normal+offensive collapsed",tfidf_nb,6,0,0.6354314061693662
hatexplain_hate_vs_rest,"hatexplain__all, normal+offensive collapsed",tfidf_nb,7,0,0.72095663003894
hatexplain_hate_vs_rest,"hatexplain__all, normal+offensive collapsed",tfidf_nb,8,0,0.6280852022991097
hatexplain_hate_vs_rest,"hatexplain__all, normal+offensive collapsed",tfidf_nb,9,0,0.6636986740119146
hatexplain_hate_vs_rest,"hatexplain__all, normal+offensive collapsed",svd_rf,0,0,0.6894265980623928
hatexplain_hate_vs_rest,"hatexplain__all, normal+offensive collapsed",svd_rf,1,0,0.7379302312037738
hatexplain_hate_vs_rest,"hatexplain__all, normal+offensive collapsed",svd_rf,2,0,0.6584287723528229
hatexplain_hate_vs_rest,"hatexplain__all, normal+offensive collapsed",svd_rf,3,0,0.7155555555555555
hatexplain_hate_vs_rest,"hatexplain__all, normal+offensive collapsed",svd_rf,4,0,0.766802200430519
hatexplain_hate_vs_rest,"hatexplain__all, normal+offensive collapsed",svd_rf,5,0,0.6832298136645962
hatexplain_hate_vs_rest,"hatexplain__all, normal+offensive collapsed",svd_rf,6,0,0.7291548713868188
hatexplain_hate_vs_rest,"hatexplain__all, normal+offensive collapsed",svd_rf,7,0,0.7522187683020228
hatexplain_hate_vs_rest,"hatexplain__all, normal+offensive collapsed",svd_rf,8,0,0.7422222222222221
hatexplain_hate_vs_rest,"hatexplain__all, normal+offensive collapsed",svd_rf,9,0,0.7140045513254198
hatexplain_hate_vs_rest,"hatexplain__all, normal+offensive collapsed",svd_histgb,0,0,0.6801900584795322
hatexplain_hate_vs_rest,"hatexplain__all, normal+offensive collapsed",svd_histgb,1,0,0.7284412527910205
hatexplain_hate_vs_rest,"hatexplain__all, normal+offensive collapsed",svd_histgb,2,0,0.6630804537834274
hatexplain_hate_vs_rest,"hatexplain__all, normal+offensive collapsed",svd_histgb,3,0,0.7341983150876245
hatexplain_hate_vs_rest,"hatexplain__all, normal+offensive collapsed",svd_histgb,4,0,0.7488639081559436
hatexplain_hate_vs_rest,"hatexplain__all, normal+offensive collapsed",svd_histgb,5,0,0.6675978089545717
hatexplain_hate_vs_rest,"hatexplain__all, normal+offensive collapsed",svd_histgb,6,0,0.7187458146698612
hatexplain_hate_vs_rest,"hatexplain__all, normal+offensive collapsed",svd_histgb,7,0,0.7291548713868188
hatexplain_hate_vs_rest,"hatexplain__all, normal+offensive collapsed",svd_histgb,8,0,0.7607828923523016
hatexplain_hate_vs_rest,"hatexplain__all, normal+offensive collapsed",svd_histgb,9,0,0.7204968944099379
hatexplain_hate_vs_rest,"hatexplain__all, normal+offensive collapsed",svd_knn,0,0,0.6761363636363636
hatexplain_hate_vs_rest,"hatexplain__all, normal+offensive collapsed",svd_knn,1,0,0.6266666666666667
hatexplain_hate_vs_rest,"hatexplain__all, normal+offensive collapsed",svd_knn,2,0,0.6383874760041073
hatexplain_hate_vs_rest,"hatexplain__all, normal+offensive collapsed",svd_knn,3,0,0.667279695638135
hatexplain_hate_vs_rest,"hatexplain__all, normal+offensive collapsed",svd_knn,4,0,0.6907039349332722
hatexplain_hate_vs_rest,"hatexplain__all, normal+offensive collapsed",svd_knn,5,0,0.6592870101328928
hatexplain_hate_vs_rest,"hatexplain__all, normal+offensive collapsed",svd_knn,6,0,0.6469736286283265
hatexplain_hate_vs_rest,"hatexplain__all, normal+offensive collapsed",svd_knn,7,0,0.7141372141372141
hatexplain_hate_vs_rest,"hatexplain__all, normal+offensive collapsed",svd_knn,8,0,0.667869620853762
hatexplain_hate_vs_rest,"hatexplain__all, normal+offensive collapsed",svd_knn,9,0,0.6973285958678774
hatexplain_hate_vs_rest,"hatexplain__all, normal+offensive collapsed",minilm_lr,0,0,0.7282574977354792
hatexplain_hate_vs_rest,"hatexplain__all, normal+offensive collapsed",minilm_lr,1,0,0.7771836007130125
hatexplain_hate_vs_rest,"hatexplain__all, normal+offensive collapsed",minilm_lr,2,0,0.7556360355392925
hatexplain_hate_vs_rest,"hatexplain__all, normal+offensive collapsed",minilm_lr,3,0,0.789945385800308
hatexplain_hate_vs_rest,"hatexplain__all, normal+offensive collapsed",minilm_lr,4,0,0.8029905031319459
hatexplain_hate_vs_rest,"hatexplain__all, normal+offensive collapsed",minilm_lr,5,0,0.689522313245801
hatexplain_hate_vs_rest,"hatexplain__all, normal+offensive collapsed",minilm_lr,6,0,0.7834757834757835
hatexplain_hate_vs_rest,"hatexplain__all, normal+offensive collapsed",minilm_lr,7,0,0.7803724981697708
hatexplain_hate_vs_rest,"hatexplain__all, normal+offensive collapsed",minilm_lr,8,0,0.7362637362637363
hatexplain_hate_vs_rest,"hatexplain__all, normal+offensive collapsed",minilm_lr,9,0,0.742445054945055
hatexplain_hate_vs_rest,"hatexplain__all, normal+offensive collapsed",minilm_mlp,0,0,0.7587907375643225
hatexplain_hate_vs_rest,"hatexplain__all, normal+offensive collapsed",minilm_mlp,1,0,0.8219913237252601
hatexplain_hate_vs_rest,"hatexplain__all, normal+offensive collapsed",minilm_mlp,2,0,0.7584809283215812
hatexplain_hate_vs_rest,"hatexplain__all, normal+offensive collapsed",minilm_mlp,3,0,0.7767857142857143
hatexplain_hate_vs_rest,"hatexplain__all, normal+offensive collapsed",minilm_mlp,4,0,0.8077945446366499
hatexplain_hate_vs_rest,"hatexplain__all, normal+offensive collapsed",minilm_mlp,5,0,0.7178260336155073
hatexplain_hate_vs_rest,"hatexplain__all, normal+offensive collapsed",minilm_mlp,6,0,0.7989922813036021
hatexplain_hate_vs_rest,"hatexplain__all, normal+offensive collapsed",minilm_mlp,7,0,0.7883570234113713
hatexplain_hate_vs_rest,"hatexplain__all, normal+offensive collapsed",minilm_mlp,8,0,0.7666108466620076
hatexplain_hate_vs_rest,"hatexplain__all, normal+offensive collapsed",minilm_mlp,9,0,0.7829116638078902
hatexplain_hate_vs_rest,"hatexplain__all, normal+offensive collapsed",hatebert_lr,0,0,0.7499494847443928
hatexplain_hate_vs_rest,"hatexplain__all, normal+offensive collapsed",hatebert_lr,1,0,0.7089460784313726
hatexplain_hate_vs_rest,"hatexplain__all, normal+offensive collapsed",hatebert_lr,2,0,0.6982851905131697
hatexplain_hate_vs_rest,"hatexplain__all, normal+offensive collapsed",hatebert_lr,3,0,0.6893311780157607
hatexplain_hate_vs_rest,"hatexplain__all, normal+offensive collapsed",hatebert_lr,4,0,0.7619377511304808
hatexplain_hate_vs_rest,"hatexplain__all, normal+offensive collapsed",hatebert_lr,5,0,0.7
hatexplain_hate_vs_rest,"hatexplain__all, normal+offensive collapsed",hatebert_lr,6,0,0.7075023741690408
hatexplain_hate_vs_rest,"hatexplain__all, normal+offensive collapsed",hatebert_lr,7,0,0.7282574977354792
hatexplain_hate_vs_rest,"hatexplain__all, normal+offensive collapsed",hatebert_lr,8,0,0.7519937755300525
hatexplain_hate_vs_rest,"hatexplain__all, normal+offensive collapsed",hatebert_lr,9,0,0.7241500925797635
hatexplain_hate_vs_rest,"hatexplain__all, normal+offensive collapsed",mbert_lr,0,0,0.6906503621210467
hatexplain_hate_vs_rest,"hatexplain__all, normal+offensive collapsed",mbert_lr,1,0,0.6381534862754177
hatexplain_hate_vs_rest,"hatexplain__all, normal+offensive collapsed",mbert_lr,2,0,0.673202614379085
hatexplain_hate_vs_rest,"hatexplain__all, normal+offensive collapsed",mbert_lr,3,0,0.6835874973632291
hatexplain_hate_vs_rest,"hatexplain__all, normal+offensive collapsed",mbert_lr,4,0,0.6820409232035312
hatexplain_hate_vs_rest,"hatexplain__all, normal+offensive collapsed",mbert_lr,5,0,0.6629417094533374
hatexplain_hate_vs_rest,"hatexplain__all, normal+offensive collapsed",mbert_lr,6,0,0.7212002393349544
hatexplain_hate_vs_rest,"hatexplain__all, normal+offensive collapsed",mbert_lr,7,0,0.6820409232035312
hatexplain_hate_vs_rest,"hatexplain__all, normal+offensive collapsed",mbert_lr,8,0,0.6741766013336028
hatexplain_hate_vs_rest,"hatexplain__all, normal+offensive collapsed",mbert_lr,9,0,0.7029099588644558
ihc_stg1_3way,ihc__all,tfidf_word_lr,0,0,0.4980078604367029
ihc_stg1_3way,ihc__all,tfidf_word_lr,1,0,0.48642757154711397
ihc_stg1_3way,ihc__all,tfidf_word_lr,2,0,0.5227472803873483
ihc_stg1_3way,ihc__all,tfidf_word_lr,3,0,0.5662596608774869
ihc_stg1_3way,ihc__all,tfidf_word_lr,4,0,0.5390649007137718
ihc_stg1_3way,ihc__all,tfidf_word_lr,5,0,0.531349488252164
ihc_stg1_3way,ihc__all,tfidf_word_lr,6,0,0.5022365398450258
ihc_stg1_3way,ihc__all,tfidf_word_lr,7,0,0.5375484412552753
ihc_stg1_3way,ihc__all,tfidf_word_lr,8,0,0.48309668710412357
ihc_stg1_3way,ihc__all,tfidf_word_lr,9,0,0.4949964824625634
ihc_stg1_3way,ihc__all,tfidf_char_svm,0,0,0.5122845449837535
ihc_stg1_3way,ihc__all,tfidf_char_svm,1,0,0.5613662707552424
ihc_stg1_3way,ihc__all,tfidf_char_svm,2,0,0.5125906580452035
ihc_stg1_3way,ihc__all,tfidf_char_svm,3,0,0.5468693771596075
ihc_stg1_3way,ihc__all,tfidf_char_svm,4,0,0.5202476391990909
ihc_stg1_3way,ihc__all,tfidf_char_svm,5,0,0.506341615218819
ihc_stg1_3way,ihc__all,tfidf_char_svm,6,0,0.4967564707164091
ihc_stg1_3way,ihc__all,tfidf_char_svm,7,0,0.5288463027487418
ihc_stg1_3way,ihc__all,tfidf_char_svm,8,0,0.47155255544840885
ihc_stg1_3way,ihc__all,tfidf_char_svm,9,0,0.5188393733176577
ihc_stg1_3way,ihc__all,tfidf_nb,0,0,0.528313889288972
ihc_stg1_3way,ihc__all,tfidf_nb,1,0,0.44679712706468555
ihc_stg1_3way,ihc__all,tfidf_nb,2,0,0.4662524385587791
ihc_stg1_3way,ihc__all,tfidf_nb,3,0,0.5677403275091772
ihc_stg1_3way,ihc__all,tfidf_nb,4,0,0.540309729638842
ihc_stg1_3way,ihc__all,tfidf_nb,5,0,0.5205897468842349
ihc_stg1_3way,ihc__all,tfidf_nb,6,0,0.4554879336542865
ihc_stg1_3way,ihc__all,tfidf_nb,7,0,0.530467904788135
ihc_stg1_3way,ihc__all,tfidf_nb,8,0,0.42335541701449947
ihc_stg1_3way,ihc__all,tfidf_nb,9,0,0.46974148061104587
ihc_stg1_3way,ihc__all,svd_rf,0,0,0.3752146325584201
ihc_stg1_3way,ihc__all,svd_rf,1,0,0.32938076416337286
ihc_stg1_3way,ihc__all,svd_rf,2,0,0.35022155360967505
ihc_stg1_3way,ihc__all,svd_rf,3,0,0.4275079157226691
ihc_stg1_3way,ihc__all,svd_rf,4,0,0.4267149194551643
ihc_stg1_3way,ihc__all,svd_rf,5,0,0.4373289545703338
ihc_stg1_3way,ihc__all,svd_rf,6,0,0.4080615820990723
ihc_stg1_3way,ihc__all,svd_rf,7,0,0.412135026592858
ihc_stg1_3way,ihc__all,svd_rf,8,0,0.40298170347654594
ihc_stg1_3way,ihc__all,svd_rf,9,0,0.35812583668005354
ihc_stg1_3way,ihc__all,svd_histgb,0,0,0.36690207548904524
ihc_stg1_3way,ihc__all,svd_histgb,1,0,0.33537845801996746
ihc_stg1_3way,ihc__all,svd_histgb,2,0,0.39097720388968593
ihc_stg1_3way,ihc__all,svd_histgb,3,0,0.4182403217697335
ihc_stg1_3way,ihc__all,svd_histgb,4,0,0.3953840641254261
ihc_stg1_3way,ihc__all,svd_histgb,5,0,0.4528970382025839
ihc_stg1_3way,ihc__all,svd_histgb,6,0,0.41759201691814357
ihc_stg1_3way,ihc__all,svd_histgb,7,0,0.40563381148707817
ihc_stg1_3way,ihc__all,svd_histgb,8,0,0.4190486424528978
ihc_stg1_3way,ihc__all,svd_histgb,9,0,0.38293075684380035
ihc_stg1_3way,ihc__all,svd_knn,0,0,0.4452814396317221
ihc_stg1_3way,ihc__all,svd_knn,1,0,0.36708816102198455
ihc_stg1_3way,ihc__all,svd_knn,2,0,0.3982736315242518
ihc_stg1_3way,ihc__all,svd_knn,3,0,0.4856466563233481
ihc_stg1_3way,ihc__all,svd_knn,4,0,0.43824243147551417
ihc_stg1_3way,ihc__all,svd_knn,5,0,0.4913132917837794
ihc_stg1_3way,ihc__all,svd_knn,6,0,0.437807881773399
ihc_stg1_3way,ihc__all,svd_knn,7,0,0.4539506000486037
ihc_stg1_3way,ihc__all,svd_knn,8,0,0.41480569074752816
ihc_stg1_3way,ihc__all,svd_knn,9,0,0.3754537708275472
ihc_stg1_3way,ihc__all,minilm_lr,0,0,0.5350304596114652
ihc_stg1_3way,ihc__all,minilm_lr,1,0,0.48362905916102633
ihc_stg1_3way,ihc__all,minilm_lr,2,0,0.4643235407878137
ihc_stg1_3way,ihc__all,minilm_lr,3,0,0.49849526707985903
ihc_stg1_3way,ihc__all,minilm_lr,4,0,0.5013789845494515
ihc_stg1_3way,ihc__all,minilm_lr,5,0,0.4866092778574844
ihc_stg1_3way,ihc__all,minilm_lr,6,0,0.49944423349425815
ihc_stg1_3way,ihc__all,minilm_lr,7,0,0.4973147934654676
ihc_stg1_3way,ihc__all,minilm_lr,8,0,0.4977296181630548
ihc_stg1_3way,ihc__all,minilm_lr,9,0,0.48355540785153117
ihc_stg1_3way,ihc__all,minilm_mlp,0,0,0.5687075270526608
ihc_stg1_3way,ihc__all,minilm_mlp,1,0,0.5463252901086757
ihc_stg1_3way,ihc__all,minilm_mlp,2,0,0.5032112537496443
ihc_stg1_3way,ihc__all,minilm_mlp,3,0,0.592156862745098
ihc_stg1_3way,ihc__all,minilm_mlp,4,0,0.5183657962663487
ihc_stg1_3way,ihc__all,minilm_mlp,5,0,0.549028368021503
ihc_stg1_3way,ihc__all,minilm_mlp,6,0,0.49210115240331415
ihc_stg1_3way,ihc__all,minilm_mlp,7,0,0.516787361833034
ihc_stg1_3way,ihc__all,minilm_mlp,8,0,0.5556984386771621
ihc_stg1_3way,ihc__all,minilm_mlp,9,0,0.4994315413062855
ihc_stg1_3way,ihc__all,hatebert_lr,0,0,0.4873545501768361
ihc_stg1_3way,ihc__all,hatebert_lr,1,0,0.4603540345542838
ihc_stg1_3way,ihc__all,hatebert_lr,2,0,0.5166564413876241
ihc_stg1_3way,ihc__all,hatebert_lr,3,0,0.5340128867129953
ihc_stg1_3way,ihc__all,hatebert_lr,4,0,0.5082157326461275
ihc_stg1_3way,ihc__all,hatebert_lr,5,0,0.47610139211918967
ihc_stg1_3way,ihc__all,hatebert_lr,6,0,0.46223586711391595
ihc_stg1_3way,ihc__all,hatebert_lr,7,0,0.5442442442442442
ihc_stg1_3way,ihc__all,hatebert_lr,8,0,0.4768313579584289
ihc_stg1_3way,ihc__all,hatebert_lr,9,0,0.48774226199407594
ihc_stg1_3way,ihc__all,mbert_lr,0,0,0.4813945449974862
ihc_stg1_3way,ihc__all,mbert_lr,1,0,0.3991998854646222
ihc_stg1_3way,ihc__all,mbert_lr,2,0,0.4248205282862287
ihc_stg1_3way,ihc__all,mbert_lr,3,0,0.48140480758619497
ihc_stg1_3way,ihc__all,mbert_lr,4,0,0.44396228859798675
ihc_stg1_3way,ihc__all,mbert_lr,5,0,0.48247354497354494
ihc_stg1_3way,ihc__all,mbert_lr,6,0,0.4551724298456325
ihc_stg1_3way,ihc__all,mbert_lr,7,0,0.44639722251058284
ihc_stg1_3way,ihc__all,mbert_lr,8,0,0.4441340442107313
ihc_stg1_3way,ihc__all,mbert_lr,9,0,0.46708333333333335
ihc_stg1_binary,ihc__all,tfidf_word_lr,0,0,0.6707299985988511
ihc_stg1_binary,ihc__all,tfidf_word_lr,1,0,0.7060552616108171
ihc_stg1_binary,ihc__all,tfidf_word_lr,2,0,0.6968272620446534
ihc_stg1_binary,ihc__all,tfidf_word_lr,3,0,0.6707299985988511
ihc_stg1_binary,ihc__all,tfidf_word_lr,4,0,0.6497879078583895
ihc_stg1_binary,ihc__all,tfidf_word_lr,5,0,0.6876626756897448
ihc_stg1_binary,ihc__all,tfidf_word_lr,6,0,0.6601791782514674
ihc_stg1_binary,ihc__all,tfidf_word_lr,7,0,0.698752977441502
ihc_stg1_binary,ihc__all,tfidf_word_lr,8,0,0.7319464809384164
ihc_stg1_binary,ihc__all,tfidf_word_lr,9,0,0.6467980977884482
ihc_stg1_binary,ihc__all,tfidf_char_svm,0,0,0.7088093929435979
ihc_stg1_binary,ihc__all,tfidf_char_svm,1,0,0.6705925865994753
ihc_stg1_binary,ihc__all,tfidf_char_svm,2,0,0.682411295214759
ihc_stg1_binary,ihc__all,tfidf_char_svm,3,0,0.7038217696946629
ihc_stg1_binary,ihc__all,tfidf_char_svm,4,0,0.6289832291173036
ihc_stg1_binary,ihc__all,tfidf_char_svm,5,0,0.6704893056654581
ihc_stg1_binary,ihc__all,tfidf_char_svm,6,0,0.6917472327308393
ihc_stg1_binary,ihc__all,tfidf_char_svm,7,0,0.70459676257265
ihc_stg1_binary,ihc__all,tfidf_char_svm,8,0,0.7423278703746692
ihc_stg1_binary,ihc__all,tfidf_char_svm,9,0,0.6012436574625226
ihc_stg1_binary,ihc__all,tfidf_nb,0,0,0.6833715471121302
ihc_stg1_binary,ihc__all,tfidf_nb,1,0,0.6961805555555556
ihc_stg1_binary,ihc__all,tfidf_nb,2,0,0.6554492127199754
ihc_stg1_binary,ihc__all,tfidf_nb,3,0,0.7009336704921221
ihc_stg1_binary,ihc__all,tfidf_nb,4,0,0.6740648766102747
ihc_stg1_binary,ihc__all,tfidf_nb,5,0,0.6561323071884722
ihc_stg1_binary,ihc__all,tfidf_nb,6,0,0.6812282859155434
ihc_stg1_binary,ihc__all,tfidf_nb,7,0,0.6833715471121302
ihc_stg1_binary,ihc__all,tfidf_nb,8,0,0.6901868485518037
ihc_stg1_binary,ihc__all,tfidf_nb,9,0,0.6729282321833607
ihc_stg1_binary,ihc__all,svd_rf,0,0,0.6444154998371866
ihc_stg1_binary,ihc__all,svd_rf,1,0,0.6371525829499121
ihc_stg1_binary,ihc__all,svd_rf,2,0,0.6410172437681854
ihc_stg1_binary,ihc__all,svd_rf,3,0,0.5908264295817337
ihc_stg1_binary,ihc__all,svd_rf,4,0,0.5994865211810013
ihc_stg1_binary,ihc__all,svd_rf,5,0,0.6170343137254902
ihc_stg1_binary,ihc__all,svd_rf,6,0,0.6686974972391457
ihc_stg1_binary,ihc__all,svd_rf,7,0,0.6611039794608473
ihc_stg1_binary,ihc__all,svd_rf,8,0,0.6717926024265222
ihc_stg1_binary,ihc__all,svd_rf,9,0,0.6343507186024071
ihc_stg1_binary,ihc__all,svd_histgb,0,0,0.6017156862745098
ihc_stg1_binary,ihc__all,svd_histgb,1,0,0.6281759966948978
ihc_stg1_binary,ihc__all,svd_histgb,2,0,0.654320987654321
ihc_stg1_binary,ihc__all,svd_histgb,3,0,0.63378525790868
ihc_stg1_binary,ihc__all,svd_histgb,4,0,0.6053402800390753
ihc_stg1_binary,ihc__all,svd_histgb,5,0,0.6083809121955722
ihc_stg1_binary,ihc__all,svd_histgb,6,0,0.625
ihc_stg1_binary,ihc__all,svd_histgb,7,0,0.6209703679583198
ihc_stg1_binary,ihc__all,svd_histgb,8,0,0.6410172437681854
ihc_stg1_binary,ihc__all,svd_histgb,9,0,0.5872154735228211
ihc_stg1_binary,ihc__all,svd_knn,0,0,0.6155585707824514
ihc_stg1_binary,ihc__all,svd_knn,1,0,0.592264242696293
ihc_stg1_binary,ihc__all,svd_knn,2,0,0.6383101851851852
ihc_stg1_binary,ihc__all,svd_knn,3,0,0.5915191596965571
ihc_stg1_binary,ihc__all,svd_knn,4,0,0.6016033333739446
ihc_stg1_binary,ihc__all,svd_knn,5,0,0.5741893219783819
ihc_stg1_binary,ihc__all,svd_knn,6,0,0.6166087962962963
ihc_stg1_binary,ihc__all,svd_knn,7,0,0.6025
ihc_stg1_binary,ihc__all,svd_knn,8,0,0.6498735654541918
ihc_stg1_binary,ihc__all,svd_knn,9,0,0.5875
ihc_stg1_binary,ihc__all,minilm_lr,0,0,0.6760443307757886
ihc_stg1_binary,ihc__all,minilm_lr,1,0,0.6934047965116279
ihc_stg1_binary,ihc__all,minilm_lr,2,0,0.6507244873257945
ihc_stg1_binary,ihc__all,minilm_lr,3,0,0.6753545772702155
ihc_stg1_binary,ihc__all,minilm_lr,4,0,0.6615398784306502
ihc_stg1_binary,ihc__all,minilm_lr,5,0,0.6507729558577016
ihc_stg1_binary,ihc__all,minilm_lr,6,0,0.69896004378763
ihc_stg1_binary,ihc__all,minilm_lr,7,0,0.6387241802479613
ihc_stg1_binary,ihc__all,minilm_lr,8,0,0.7213015104769988
ihc_stg1_binary,ihc__all,minilm_lr,9,0,0.5993737336526064
ihc_stg1_binary,ihc__all,minilm_mlp,0,0,0.6876664568301777
ihc_stg1_binary,ihc__all,minilm_mlp,1,0,0.6701902748414377
ihc_stg1_binary,ihc__all,minilm_mlp,2,0,0.674589700056593
ihc_stg1_binary,ihc__all,minilm_mlp,3,0,0.6901868485518037
ihc_stg1_binary,ihc__all,minilm_mlp,4,0,0.6817254444768289
ihc_stg1_binary,ihc__all,minilm_mlp,5,0,0.6424996424996425
ihc_stg1_binary,ihc__all,minilm_mlp,6,0,0.6988343116297198
ihc_stg1_binary,ihc__all,minilm_mlp,7,0,0.6776556776556777
ihc_stg1_binary,ihc__all,minilm_mlp,8,0,0.7089584023472624
ihc_stg1_binary,ihc__all,minilm_mlp,9,0,0.6925496925496926
ihc_stg1_binary,ihc__all,hatebert_lr,0,0,0.6467980977884482
ihc_stg1_binary,ihc__all,hatebert_lr,1,0,0.673131401176727
ihc_stg1_binary,ihc__all,hatebert_lr,2,0,0.639872570294104
ihc_stg1_binary,ihc__all,hatebert_lr,3,0,0.5983194053280392
ihc_stg1_binary,ihc__all,hatebert_lr,4,0,0.6846709388668497
ihc_stg1_binary,ihc__all,hatebert_lr,5,0,0.6737261872741519
ihc_stg1_binary,ihc__all,hatebert_lr,6,0,0.7060552616108171
ihc_stg1_binary,ihc__all,hatebert_lr,7,0,0.6258538427213126
ihc_stg1_binary,ihc__all,hatebert_lr,8,0,0.6586069756801465
ihc_stg1_binary,ihc__all,hatebert_lr,9,0,0.6434285714285715
ihc_stg1_binary,ihc__all,mbert_lr,0,0,0.6335574607016061
ihc_stg1_binary,ihc__all,mbert_lr,1,0,0.6329470427997599
ihc_stg1_binary,ihc__all,mbert_lr,2,0,0.6576408341114224
ihc_stg1_binary,ihc__all,mbert_lr,3,0,0.61092246745897
ihc_stg1_binary,ihc__all,mbert_lr,4,0,0.6532027743778049
ihc_stg1_binary,ihc__all,mbert_lr,5,0,0.6477251795910849
ihc_stg1_binary,ihc__all,mbert_lr,6,0,0.6091428571428572
ihc_stg1_binary,ihc__all,mbert_lr,7,0,0.6477251795910849
ihc_stg1_binary,ihc__all,mbert_lr,8,0,0.6739093124635294
ihc_stg1_binary,ihc__all,mbert_lr,9,0,0.6171313595860879
ihc_stg1_explicit_vs_not,ihc__implicit_hate rows dropped,tfidf_word_lr,0,0,0.6259010310532559
ihc_stg1_explicit_vs_not,ihc__implicit_hate rows dropped,tfidf_word_lr,1,0,0.7518768291131187
ihc_stg1_explicit_vs_not,ihc__implicit_hate rows dropped,tfidf_word_lr,2,0,0.6623984914383041
ihc_stg1_explicit_vs_not,ihc__implicit_hate rows dropped,tfidf_word_lr,3,0,0.6051636750581053
ihc_stg1_explicit_vs_not,ihc__implicit_hate rows dropped,tfidf_word_lr,4,0,0.6765406877766429
ihc_stg1_explicit_vs_not,ihc__implicit_hate rows dropped,tfidf_word_lr,5,0,0.7086374886431279
ihc_stg1_explicit_vs_not,ihc__implicit_hate rows dropped,tfidf_word_lr,6,0,0.628032345013477
ihc_stg1_explicit_vs_not,ihc__implicit_hate rows dropped,tfidf_word_lr,7,0,0.7105890364317331
ihc_stg1_explicit_vs_not,ihc__implicit_hate rows dropped,tfidf_word_lr,8,0,0.7250673854447439
ihc_stg1_explicit_vs_not,ihc__implicit_hate rows dropped,tfidf_word_lr,9,0,0.6898399072652652
ihc_stg1_explicit_vs_not,ihc__implicit_hate rows dropped,tfidf_char_svm,0,0,0.6995250557332557
ihc_stg1_explicit_vs_not,ihc__implicit_hate rows dropped,tfidf_char_svm,1,0,0.715099715099715
ihc_stg1_explicit_vs_not,ihc__implicit_hate rows dropped,tfidf_char_svm,2,0,0.6897414512093412
ihc_stg1_explicit_vs_not,ihc__implicit_hate rows dropped,tfidf_char_svm,3,0,0.6076523008607317
ihc_stg1_explicit_vs_not,ihc__implicit_hate rows dropped,tfidf_char_svm,4,0,0.6697247706422018
ihc_stg1_explicit_vs_not,ihc__implicit_hate rows dropped,tfidf_char_svm,5,0,0.7052217855137564
ihc_stg1_explicit_vs_not,ihc__implicit_hate rows dropped,tfidf_char_svm,6,0,0.6676772388059702
ihc_stg1_explicit_vs_not,ihc__implicit_hate rows dropped,tfidf_char_svm,7,0,0.6651785714285714
ihc_stg1_explicit_vs_not,ihc__implicit_hate rows dropped,tfidf_char_svm,8,0,0.7786857337419135
ihc_stg1_explicit_vs_not,ihc__implicit_hate rows dropped,tfidf_char_svm,9,0,0.7262773722627738
ihc_stg1_explicit_vs_not,ihc__implicit_hate rows dropped,tfidf_nb,0,0,0.5785727664356621
ihc_stg1_explicit_vs_not,ihc__implicit_hate rows dropped,tfidf_nb,1,0,0.5297092288242731
ihc_stg1_explicit_vs_not,ihc__implicit_hate rows dropped,tfidf_nb,2,0,0.5475113122171946
ihc_stg1_explicit_vs_not,ihc__implicit_hate rows dropped,tfidf_nb,3,0,0.5029661696328362
ihc_stg1_explicit_vs_not,ihc__implicit_hate rows dropped,tfidf_nb,4,0,0.5504776175313729
ihc_stg1_explicit_vs_not,ihc__implicit_hate rows dropped,tfidf_nb,5,0,0.6297819827231592
ihc_stg1_explicit_vs_not,ihc__implicit_hate rows dropped,tfidf_nb,6,0,0.5982142857142857
ihc_stg1_explicit_vs_not,ihc__implicit_hate rows dropped,tfidf_nb,7,0,0.6023584258878376
ihc_stg1_explicit_vs_not,ihc__implicit_hate rows dropped,tfidf_nb,8,0,0.5504776175313729
ihc_stg1_explicit_vs_not,ihc__implicit_hate rows dropped,tfidf_nb,9,0,0.5785727664356621
ihc_stg1_explicit_vs_not,ihc__implicit_hate rows dropped,svd_rf,0,0,0.47183098591549294
ihc_stg1_explicit_vs_not,ihc__implicit_hate rows dropped,svd_rf,1,0,0.5378521126760563
ihc_stg1_explicit_vs_not,ihc__implicit_hate rows dropped,svd_rf,2,0,0.5323217626273123
ihc_stg1_explicit_vs_not,ihc__implicit_hate rows dropped,svd_rf,3,0,0.5067747604739498
ihc_stg1_explicit_vs_not,ihc__implicit_hate rows dropped,svd_rf,4,0,0.5011432134691333
ihc_stg1_explicit_vs_not,ihc__implicit_hate rows dropped,svd_rf,5,0,0.5670995670995671
ihc_stg1_explicit_vs_not,ihc__implicit_hate rows dropped,svd_rf,6,0,0.5670995670995671
ihc_stg1_explicit_vs_not,ihc__implicit_hate rows dropped,svd_rf,7,0,0.5067747604739498
ihc_stg1_explicit_vs_not,ihc__implicit_hate rows dropped,svd_rf,8,0,0.5350328683662017
ihc_stg1_explicit_vs_not,ihc__implicit_hate rows dropped,svd_rf,9,0,0.5048415492957746
ihc_stg1_explicit_vs_not,ihc__implicit_hate rows dropped,svd_histgb,0,0,0.47183098591549294
ihc_stg1_explicit_vs_not,ihc__implicit_hate rows dropped,svd_histgb,1,0,0.5378521126760563
ihc_stg1_explicit_vs_not,ihc__implicit_hate rows dropped,svd_histgb,2,0,0.5350328683662017
ihc_stg1_explicit_vs_not,ihc__implicit_hate rows dropped,svd_histgb,3,0,0.5067747604739498
ihc_stg1_explicit_vs_not,ihc__implicit_hate rows dropped,svd_histgb,4,0,0.5323217626273123
ihc_stg1_explicit_vs_not,ihc__implicit_hate rows dropped,svd_histgb,5,0,0.5946788609436707
ihc_stg1_explicit_vs_not,ihc__implicit_hate rows dropped,svd_histgb,6,0,0.5670995670995671
ihc_stg1_explicit_vs_not,ihc__implicit_hate rows dropped,svd_histgb,7,0,0.5378521126760563
ihc_stg1_explicit_vs_not,ihc__implicit_hate rows dropped,svd_histgb,8,0,0.5067747604739498
ihc_stg1_explicit_vs_not,ihc__implicit_hate rows dropped,svd_histgb,9,0,0.5067747604739498
ihc_stg1_explicit_vs_not,ihc__implicit_hate rows dropped,svd_knn,0,0,0.5271867612293144
ihc_stg1_explicit_vs_not,ihc__implicit_hate rows dropped,svd_knn,1,0,0.5475113122171946
ihc_stg1_explicit_vs_not,ihc__implicit_hate rows dropped,svd_knn,2,0,0.5535499975997311
ihc_stg1_explicit_vs_not,ihc__implicit_hate rows dropped,svd_knn,3,0,0.5297092288242731
ihc_stg1_explicit_vs_not,ihc__implicit_hate rows dropped,svd_knn,4,0,0.5297092288242731
ihc_stg1_explicit_vs_not,ihc__implicit_hate rows dropped,svd_knn,5,0,0.5942231336445744
ihc_stg1_explicit_vs_not,ihc__implicit_hate rows dropped,svd_knn,6,0,0.5823532235610389
ihc_stg1_explicit_vs_not,ihc__implicit_hate rows dropped,svd_knn,7,0,0.5862884160756501
ihc_stg1_explicit_vs_not,ihc__implicit_hate rows dropped,svd_knn,8,0,0.5600505689001264
ihc_stg1_explicit_vs_not,ihc__implicit_hate rows dropped,svd_knn,9,0,0.5247467716384235
ihc_stg1_explicit_vs_not,ihc__implicit_hate rows dropped,minilm_lr,0,0,0.6533721328312222
ihc_stg1_explicit_vs_not,ihc__implicit_hate rows dropped,minilm_lr,1,0,0.6168582375478927
ihc_stg1_explicit_vs_not,ihc__implicit_hate rows dropped,minilm_lr,2,0,0.623072529982867
ihc_stg1_explicit_vs_not,ihc__implicit_hate rows dropped,minilm_lr,3,0,0.6168582375478927
ihc_stg1_explicit_vs_not,ihc__implicit_hate rows dropped,minilm_lr,4,0,0.623072529982867
ihc_stg1_explicit_vs_not,ihc__implicit_hate rows dropped,minilm_lr,5,0,0.6725152426848425
ihc_stg1_explicit_vs_not,ihc__implicit_hate rows dropped,minilm_lr,6,0,0.6609850268386853
ihc_stg1_explicit_vs_not,ihc__implicit_hate rows dropped,minilm_lr,7,0,0.6645971597802041
ihc_stg1_explicit_vs_not,ihc__implicit_hate rows dropped,minilm_lr,8,0,0.70703125
ihc_stg1_explicit_vs_not,ihc__implicit_hate rows dropped,minilm_lr,9,0,0.6404474431818181
ihc_stg1_explicit_vs_not,ihc__implicit_hate rows dropped,minilm_mlp,0,0,0.6792107895553793
ihc_stg1_explicit_vs_not,ihc__implicit_hate rows dropped,minilm_mlp,1,0,0.7114385748913086
ihc_stg1_explicit_vs_not,ihc__implicit_hate rows dropped,minilm_mlp,2,0,0.6421838328652226
ihc_stg1_explicit_vs_not,ihc__implicit_hate rows dropped,minilm_mlp,3,0,0.6829710144927537
ihc_stg1_explicit_vs_not,ihc__implicit_hate rows dropped,minilm_mlp,4,0,0.6697247706422018
ihc_stg1_explicit_vs_not,ihc__implicit_hate rows dropped,minilm_mlp,5,0,0.7576084029086991
ihc_stg1_explicit_vs_not,ihc__implicit_hate rows dropped,minilm_mlp,6,0,0.7056899934597777
ihc_stg1_explicit_vs_not,ihc__implicit_hate rows dropped,minilm_mlp,7,0,0.7056159420289855
ihc_stg1_explicit_vs_not,ihc__implicit_hate rows dropped,minilm_mlp,8,0,0.7282608695652174
ihc_stg1_explicit_vs_not,ihc__implicit_hate rows dropped,minilm_mlp,9,0,0.6509090909090909
ihc_stg1_explicit_vs_not,ihc__implicit_hate rows dropped,hatebert_lr,0,0,0.7088948787061995
ihc_stg1_explicit_vs_not,ihc__implicit_hate rows dropped,hatebert_lr,1,0,0.6603773584905661
ihc_stg1_explicit_vs_not,ihc__implicit_hate rows dropped,hatebert_lr,2,0,0.5991856470288841
ihc_stg1_explicit_vs_not,ihc__implicit_hate rows dropped,hatebert_lr,3,0,0.6219652208003136
ihc_stg1_explicit_vs_not,ihc__implicit_hate rows dropped,hatebert_lr,4,0,0.664292147711455
ihc_stg1_explicit_vs_not,ihc__implicit_hate rows dropped,hatebert_lr,5,0,0.6364281280482398
ihc_stg1_explicit_vs_not,ihc__implicit_hate rows dropped,hatebert_lr,6,0,0.7011589202847495
ihc_stg1_explicit_vs_not,ihc__implicit_hate rows dropped,hatebert_lr,7,0,0.6802786514517429
ihc_stg1_explicit_vs_not,ihc__implicit_hate rows dropped,hatebert_lr,8,0,0.7052755673445329
ihc_stg1_explicit_vs_not,ihc__implicit_hate rows dropped,hatebert_lr,9,0,0.6384089995982322
ihc_stg1_explicit_vs_not,ihc__implicit_hate rows dropped,mbert_lr,0,0,0.6349730575351991
ihc_stg1_explicit_vs_not,ihc__implicit_hate rows dropped,mbert_lr,1,0,0.6394230769230769
ihc_stg1_explicit_vs_not,ihc__implicit_hate rows dropped,mbert_lr,2,0,0.6219652208003136
ihc_stg1_explicit_vs_not,ihc__implicit_hate rows dropped,mbert_lr,3,0,0.614633645051896
ihc_stg1_explicit_vs_not,ihc__implicit_hate rows dropped,mbert_lr,4,0,0.5781438328646042
ihc_stg1_explicit_vs_not,ihc__implicit_hate rows dropped,mbert_lr,5,0,0.6364281280482398
ihc_stg1_explicit_vs_not,ihc__implicit_hate rows dropped,mbert_lr,6,0,0.5896464646464646
ihc_stg1_explicit_vs_not,ihc__implicit_hate rows dropped,mbert_lr,7,0,0.6384089995982322
ihc_stg1_explicit_vs_not,ihc__implicit_hate rows dropped,mbert_lr,8,0,0.6419047619047619
ihc_stg1_explicit_vs_not,ihc__implicit_hate rows dropped,mbert_lr,9,0,0.6114285714285714
ihc_stg1_implicit_vs_not,ihc__explicit_hate rows dropped,tfidf_word_lr,0,0,0.6978073463268366
ihc_stg1_implicit_vs_not,ihc__explicit_hate rows dropped,tfidf_word_lr,1,0,0.7015783985905871
ihc_stg1_implicit_vs_not,ihc__explicit_hate rows dropped,tfidf_word_lr,2,0,0.6744791666666667
ihc_stg1_implicit_vs_not,ihc__explicit_hate rows dropped,tfidf_word_lr,3,0,0.6253422354579952
ihc_stg1_implicit_vs_not,ihc__explicit_hate rows dropped,tfidf_word_lr,4,0,0.6955551045260808
ihc_stg1_implicit_vs_not,ihc__explicit_hate rows dropped,tfidf_word_lr,5,0,0.6310844207786626
ihc_stg1_implicit_vs_not,ihc__explicit_hate rows dropped,tfidf_word_lr,6,0,0.6592683734797218
ihc_stg1_implicit_vs_not,ihc__explicit_hate rows dropped,tfidf_word_lr,7,0,0.7057416267942584
ihc_stg1_implicit_vs_not,ihc__explicit_hate rows dropped,tfidf_word_lr,8,0,0.6424996424996425
ihc_stg1_implicit_vs_not,ihc__explicit_hate rows dropped,tfidf_word_lr,9,0,0.6867631013972477
ihc_stg1_implicit_vs_not,ihc__explicit_hate rows dropped,tfidf_char_svm,0,0,0.6710996710996711
ihc_stg1_implicit_vs_not,ihc__explicit_hate rows dropped,tfidf_char_svm,1,0,0.7302541290047797
ihc_stg1_implicit_vs_not,ihc__explicit_hate rows dropped,tfidf_char_svm,2,0,0.7086698381089354
ihc_stg1_implicit_vs_not,ihc__explicit_hate rows dropped,tfidf_char_svm,3,0,0.6475
ihc_stg1_implicit_vs_not,ihc__explicit_hate rows dropped,tfidf_char_svm,4,0,0.685
ihc_stg1_implicit_vs_not,ihc__explicit_hate rows dropped,tfidf_char_svm,5,0,0.6876664568301777
ihc_stg1_implicit_vs_not,ihc__explicit_hate rows dropped,tfidf_char_svm,6,0,0.6455439814814814
ihc_stg1_implicit_vs_not,ihc__explicit_hate rows dropped,tfidf_char_svm,7,0,0.7155222719315308
ihc_stg1_implicit_vs_not,ihc__explicit_hate rows dropped,tfidf_char_svm,8,0,0.6703296703296704
ihc_stg1_implicit_vs_not,ihc__explicit_hate rows dropped,tfidf_char_svm,9,0,0.6439016630159449
ihc_stg1_implicit_vs_not,ihc__explicit_hate rows dropped,tfidf_nb,0,0,0.6522305437968089
ihc_stg1_implicit_vs_not,ihc__explicit_hate rows dropped,tfidf_nb,1,0,0.6495327102803738
ihc_stg1_implicit_vs_not,ihc__explicit_hate rows dropped,tfidf_nb,2,0,0.6113314901630805
ihc_stg1_implicit_vs_not,ihc__explicit_hate rows dropped,tfidf_nb,3,0,0.6113314901630805
ihc_stg1_implicit_vs_not,ihc__explicit_hate rows dropped,tfidf_nb,4,0,0.6834555435348799
ihc_stg1_implicit_vs_not,ihc__explicit_hate rows dropped,tfidf_nb,5,0,0.6162924089188939
ihc_stg1_implicit_vs_not,ihc__explicit_hate rows dropped,tfidf_nb,6,0,0.6587301587301587
ihc_stg1_implicit_vs_not,ihc__explicit_hate rows dropped,tfidf_nb,7,0,0.6623070325900515
ihc_stg1_implicit_vs_not,ihc__explicit_hate rows dropped,tfidf_nb,8,0,0.6186657231591776
ihc_stg1_implicit_vs_not,ihc__explicit_hate rows dropped,tfidf_nb,9,0,0.6501159727955341
ihc_stg1_implicit_vs_not,ihc__explicit_hate rows dropped,svd_rf,0,0,0.5532390171258377
ihc_stg1_implicit_vs_not,ihc__explicit_hate rows dropped,svd_rf,1,0,0.5874192776847644
ihc_stg1_implicit_vs_not,ihc__explicit_hate rows dropped,svd_rf,2,0,0.6164772727272727
ihc_stg1_implicit_vs_not,ihc__explicit_hate rows dropped,svd_rf,3,0,0.6392139107797223
ihc_stg1_implicit_vs_not,ihc__explicit_hate rows dropped,svd_rf,4,0,0.6299342105263158
ihc_stg1_implicit_vs_not,ihc__explicit_hate rows dropped,svd_rf,5,0,0.6129032258064516
ihc_stg1_implicit_vs_not,ihc__explicit_hate rows dropped,svd_rf,6,0,0.625
ihc_stg1_implicit_vs_not,ihc__explicit_hate rows dropped,svd_rf,7,0,0.5796398176964261
ihc_stg1_implicit_vs_not,ihc__explicit_hate rows dropped,svd_rf,8,0,0.596196803940661
ihc_stg1_implicit_vs_not,ihc__explicit_hate rows dropped,svd_rf,9,0,0.6002442951529621
ihc_stg1_implicit_vs_not,ihc__explicit_hate rows dropped,svd_histgb,0,0,0.6056164690087268
ihc_stg1_implicit_vs_not,ihc__explicit_hate rows dropped,svd_histgb,1,0,0.5353913774539447
ihc_stg1_implicit_vs_not,ihc__explicit_hate rows dropped,svd_histgb,2,0,0.5594454887218046
ihc_stg1_implicit_vs_not,ihc__explicit_hate rows dropped,svd_histgb,3,0,0.6156310057655349
ihc_stg1_implicit_vs_not,ihc__explicit_hate rows dropped,svd_histgb,4,0,0.6053575699593399
ihc_stg1_implicit_vs_not,ihc__explicit_hate rows dropped,svd_histgb,5,0,0.5755370755370756
ihc_stg1_implicit_vs_not,ihc__explicit_hate rows dropped,svd_histgb,6,0,0.6025706071368171
ihc_stg1_implicit_vs_not,ihc__explicit_hate rows dropped,svd_histgb,7,0,0.5858787593984962
ihc_stg1_implicit_vs_not,ihc__explicit_hate rows dropped,svd_histgb,8,0,0.5784501315474767
ihc_stg1_implicit_vs_not,ihc__explicit_hate rows dropped,svd_histgb,9,0,0.5951417004048583
ihc_stg1_implicit_vs_not,ihc__explicit_hate rows dropped,svd_knn,0,0,0.5714508337229235
ihc_stg1_implicit_vs_not,ihc__explicit_hate rows dropped,svd_knn,1,0,0.5919160513019821
ihc_stg1_implicit_vs_not,ihc__explicit_hate rows dropped,svd_knn,2,0,0.6033177064551027
ihc_stg1_implicit_vs_not,ihc__explicit_hate rows dropped,svd_knn,3,0,0.6025706071368171
ihc_stg1_implicit_vs_not,ihc__explicit_hate rows dropped,svd_knn,4,0,0.5941146626078133
ihc_stg1_implicit_vs_not,ihc__explicit_hate rows dropped,svd_knn,5,0,0.6056575003943425
ihc_stg1_implicit_vs_not,ihc__explicit_hate rows dropped,svd_knn,6,0,0.587178241864983
ihc_stg1_implicit_vs_not,ihc__explicit_hate rows dropped,svd_knn,7,0,0.5862068965517242
ihc_stg1_implicit_vs_not,ihc__explicit_hate rows dropped,svd_knn,8,0,0.6197089947089948
ihc_stg1_implicit_vs_not,ihc__explicit_hate rows dropped,svd_knn,9,0,0.608572539003942
ihc_stg1_implicit_vs_not,ihc__explicit_hate rows dropped,minilm_lr,0,0,0.6507729558577016
ihc_stg1_implicit_vs_not,ihc__explicit_hate rows dropped,minilm_lr,1,0,0.6596929050063735
ihc_stg1_implicit_vs_not,ihc__explicit_hate rows dropped,minilm_lr,2,0,0.6134745127436282
ihc_stg1_implicit_vs_not,ihc__explicit_hate rows dropped,minilm_lr,3,0,0.6140428145898771
ihc_stg1_implicit_vs_not,ihc__explicit_hate rows dropped,minilm_lr,4,0,0.6787428860199011
ihc_stg1_implicit_vs_not,ihc__explicit_hate rows dropped,minilm_lr,5,0,0.6445289128215957
ihc_stg1_implicit_vs_not,ihc__explicit_hate rows dropped,minilm_lr,6,0,0.6563168026833273
ihc_stg1_implicit_vs_not,ihc__explicit_hate rows dropped,minilm_lr,7,0,0.6478013739233532
ihc_stg1_implicit_vs_not,ihc__explicit_hate rows dropped,minilm_lr,8,0,0.6615746180963572
ihc_stg1_implicit_vs_not,ihc__explicit_hate rows dropped,minilm_lr,9,0,0.6826725250200509
ihc_stg1_implicit_vs_not,ihc__explicit_hate rows dropped,minilm_mlp,0,0,0.6982927786499216
ihc_stg1_implicit_vs_not,ihc__explicit_hate rows dropped,minilm_mlp,1,0,0.6428526673266582
ihc_stg1_implicit_vs_not,ihc__explicit_hate rows dropped,minilm_mlp,2,0,0.68848181479312
ihc_stg1_implicit_vs_not,ihc__explicit_hate rows dropped,minilm_mlp,3,0,0.5917843388960206
ihc_stg1_implicit_vs_not,ihc__explicit_hate rows dropped,minilm_mlp,4,0,0.6176572818908586
ihc_stg1_implicit_vs_not,ihc__explicit_hate rows dropped,minilm_mlp,5,0,0.6771130104463438
ihc_stg1_implicit_vs_not,ihc__explicit_hate rows dropped,minilm_mlp,6,0,0.7059235401204313
ihc_stg1_implicit_vs_not,ihc__explicit_hate rows dropped,minilm_mlp,7,0,0.6716254540026867
ihc_stg1_implicit_vs_not,ihc__explicit_hate rows dropped,minilm_mlp,8,0,0.6939199657391896
ihc_stg1_implicit_vs_not,ihc__explicit_hate rows dropped,minilm_mlp,9,0,0.685
ihc_stg1_implicit_vs_not,ihc__explicit_hate rows dropped,hatebert_lr,0,0,0.6645440742004967
ihc_stg1_implicit_vs_not,ihc__explicit_hate rows dropped,hatebert_lr,1,0,0.6786685342341601
ihc_stg1_implicit_vs_not,ihc__explicit_hate rows dropped,hatebert_lr,2,0,0.6817538896746818
ihc_stg1_implicit_vs_not,ihc__explicit_hate rows dropped,hatebert_lr,3,0,0.6382478300839313
ihc_stg1_implicit_vs_not,ihc__explicit_hate rows dropped,hatebert_lr,4,0,0.6339712918660287
ihc_stg1_implicit_vs_not,ihc__explicit_hate rows dropped,hatebert_lr,5,0,0.6424996424996425
ihc_stg1_implicit_vs_not,ihc__explicit_hate rows dropped,hatebert_lr,6,0,0.6190959878110716
ihc_stg1_implicit_vs_not,ihc__explicit_hate rows dropped,hatebert_lr,7,0,0.6955551045260808
ihc_stg1_implicit_vs_not,ihc__explicit_hate rows dropped,hatebert_lr,8,0,0.6338529134846741
ihc_stg1_implicit_vs_not,ihc__explicit_hate rows dropped,hatebert_lr,9,0,0.6592683734797218
ihc_stg1_implicit_vs_not,ihc__explicit_hate rows dropped,mbert_lr,0,0,0.6035597759352598
ihc_stg1_implicit_vs_not,ihc__explicit_hate rows dropped,mbert_lr,1,0,0.6378269617706237
ihc_stg1_implicit_vs_not,ihc__explicit_hate rows dropped,mbert_lr,2,0,0.6397521494788414
ihc_stg1_implicit_vs_not,ihc__explicit_hate rows dropped,mbert_lr,3,0,0.623921011473394
ihc_stg1_implicit_vs_not,ihc__explicit_hate rows dropped,mbert_lr,4,0,0.6339474479009363
ihc_stg1_implicit_vs_not,ihc__explicit_hate rows dropped,mbert_lr,5,0,0.6224354103343466
ihc_stg1_implicit_vs_not,ihc__explicit_hate rows dropped,mbert_lr,6,0,0.6325471924684183
ihc_stg1_implicit_vs_not,ihc__explicit_hate rows dropped,mbert_lr,7,0,0.6681376455614897
ihc_stg1_implicit_vs_not,ihc__explicit_hate rows dropped,mbert_lr,8,0,0.6537452637714951
ihc_stg1_implicit_vs_not,ihc__explicit_hate rows dropped,mbert_lr,9,0,0.635058048210131
ihc_stg2_6way,ihc__'other' category dropped,tfidf_word_lr,0,0,0.49530566552183997
ihc_stg2_6way,ihc__'other' category dropped,tfidf_word_lr,1,0,0.5616629497211996
ihc_stg2_6way,ihc__'other' category dropped,tfidf_word_lr,2,0,0.5037866318758114
ihc_stg2_6way,ihc__'other' category dropped,tfidf_word_lr,3,0,0.4957635236156553
ihc_stg2_6way,ihc__'other' category dropped,tfidf_word_lr,4,0,0.5275280311305313
ihc_stg2_6way,ihc__'other' category dropped,tfidf_word_lr,5,0,0.5414670812274552
ihc_stg2_6way,ihc__'other' category dropped,tfidf_word_lr,6,0,0.5178149532146835
ihc_stg2_6way,ihc__'other' category dropped,tfidf_word_lr,7,0,0.5039102064940671
ihc_stg2_6way,ihc__'other' category dropped,tfidf_word_lr,8,0,0.534496379279756
ihc_stg2_6way,ihc__'other' category dropped,tfidf_word_lr,9,0,0.5515610281714917
ihc_stg2_6way,ihc__'other' category dropped,tfidf_char_svm,0,0,0.5155060270023165
ihc_stg2_6way,ihc__'other' category dropped,tfidf_char_svm,1,0,0.5382051179713999
ihc_stg2_6way,ihc__'other' category dropped,tfidf_char_svm,2,0,0.5050484846339597
ihc_stg2_6way,ihc__'other' category dropped,tfidf_char_svm,3,0,0.5343456698863885
ihc_stg2_6way,ihc__'other' category dropped,tfidf_char_svm,4,0,0.560784373492284
ihc_stg2_6way,ihc__'other' category dropped,tfidf_char_svm,5,0,0.530410253462245
ihc_stg2_6way,ihc__'other' category dropped,tfidf_char_svm,6,0,0.5368881257465559
ihc_stg2_6way,ihc__'other' category dropped,tfidf_char_svm,7,0,0.5353157511273575
ihc_stg2_6way,ihc__'other' category dropped,tfidf_char_svm,8,0,0.5770689189992823
ihc_stg2_6way,ihc__'other' category dropped,tfidf_char_svm,9,0,0.5860524454115426
ihc_stg2_6way,ihc__'other' category dropped,tfidf_nb,0,0,0.46515561286188095
ihc_stg2_6way,ihc__'other' category dropped,tfidf_nb,1,0,0.540076104097511
ihc_stg2_6way,ihc__'other' category dropped,tfidf_nb,2,0,0.5096481931562434
ihc_stg2_6way,ihc__'other' category dropped,tfidf_nb,3,0,0.4698320959099775
ihc_stg2_6way,ihc__'other' category dropped,tfidf_nb,4,0,0.5013788016047386
ihc_stg2_6way,ihc__'other' category dropped,tfidf_nb,5,0,0.5411770044491723
ihc_stg2_6way,ihc__'other' category dropped,tfidf_nb,6,0,0.5425474537566041
ihc_stg2_6way,ihc__'other' category dropped,tfidf_nb,7,0,0.49228827730951447
ihc_stg2_6way,ihc__'other' category dropped,tfidf_nb,8,0,0.48077225554794073
ihc_stg2_6way,ihc__'other' category dropped,tfidf_nb,9,0,0.5252392795715399
ihc_stg2_6way,ihc__'other' category dropped,svd_rf,0,0,0.35759974031492786
ihc_stg2_6way,ihc__'other' category dropped,svd_rf,1,0,0.4492233830138932
ihc_stg2_6way,ihc__'other' category dropped,svd_rf,2,0,0.43951607200364395
ihc_stg2_6way,ihc__'other' category dropped,svd_rf,3,0,0.43538540695291267
ihc_stg2_6way,ihc__'other' category dropped,svd_rf,4,0,0.472346505310157
ihc_stg2_6way,ihc__'other' category dropped,svd_rf,5,0,0.46363847898374755
ihc_stg2_6way,ihc__'other' category dropped,svd_rf,6,0,0.4706965818243624
ihc_stg2_6way,ihc__'other' category dropped,svd_rf,7,0,0.44695640344284904
ihc_stg2_6way,ihc__'other' category dropped,svd_rf,8,0,0.45563273251146413
ihc_stg2_6way,ihc__'other' category dropped,svd_rf,9,0,0.4433720831874692
ihc_stg2_6way,ihc__'other' category dropped,svd_histgb,0,0,0.4241898762855123
ihc_stg2_6way,ihc__'other' category dropped,svd_histgb,1,0,0.49305701518472983
ihc_stg2_6way,ihc__'other' category dropped,svd_histgb,2,0,0.41367882037896947
ihc_stg2_6way,ihc__'other' category dropped,svd_histgb,3,0,0.4292795415772859
ihc_stg2_6way,ihc__'other' category dropped,svd_histgb,4,0,0.4913447889723672
ihc_stg2_6way,ihc__'other' category dropped,svd_histgb,5,0,0.4954101883857797
ihc_stg2_6way,ihc__'other' category dropped,svd_histgb,6,0,0.4511518650877357
ihc_stg2_6way,ihc__'other' category dropped,svd_histgb,7,0,0.42573119840362245
ihc_stg2_6way,ihc__'other' category dropped,svd_histgb,8,0,0.5299855200663081
ihc_stg2_6way,ihc__'other' category dropped,svd_histgb,9,0,0.49877466917678576
ihc_stg2_6way,ihc__'other' category dropped,svd_knn,0,0,0.37644549295504454
ihc_stg2_6way,ihc__'other' category dropped,svd_knn,1,0,0.46028724590241704
ihc_stg2_6way,ihc__'other' category dropped,svd_knn,2,0,0.42214857910088927
ihc_stg2_6way,ihc__'other' category dropped,svd_knn,3,0,0.39886063572922453
ihc_stg2_6way,ihc__'other' category dropped,svd_knn,4,0,0.44285377101927453
ihc_stg2_6way,ihc__'other' category dropped,svd_knn,5,0,0.43517709730722975
ihc_stg2_6way,ihc__'other' category dropped,svd_knn,6,0,0.38621510638340933
ihc_stg2_6way,ihc__'other' category dropped,svd_knn,7,0,0.43397857749430707
ihc_stg2_6way,ihc__'other' category dropped,svd_knn,8,0,0.4023377477800929
ihc_stg2_6way,ihc__'other' category dropped,svd_knn,9,0,0.4229427333755688
ihc_stg2_6way,ihc__'other' category dropped,minilm_lr,0,0,0.4220707353454202
ihc_stg2_6way,ihc__'other' category dropped,minilm_lr,1,0,0.506517275753177
ihc_stg2_6way,ihc__'other' category dropped,minilm_lr,2,0,0.47453147180898636
ihc_stg2_6way,ihc__'other' category dropped,minilm_lr,3,0,0.44905816350736966
ihc_stg2_6way,ihc__'other' category dropped,minilm_lr,4,0,0.4865216808771105
ihc_stg2_6way,ihc__'other' category dropped,minilm_lr,5,0,0.4708003285823257
ihc_stg2_6way,ihc__'other' category dropped,minilm_lr,6,0,0.5079800148348296
ihc_stg2_6way,ihc__'other' category dropped,minilm_lr,7,0,0.470704485982058
ihc_stg2_6way,ihc__'other' category dropped,minilm_lr,8,0,0.46681685230504044
ihc_stg2_6way,ihc__'other' category dropped,minilm_lr,9,0,0.45069991903685835
ihc_stg2_6way,ihc__'other' category dropped,minilm_mlp,0,0,0.4736294412097179
ihc_stg2_6way,ihc__'other' category dropped,minilm_mlp,1,0,0.5816470991069697
ihc_stg2_6way,ihc__'other' category dropped,minilm_mlp,2,0,0.4945966595496701
ihc_stg2_6way,ihc__'other' category dropped,minilm_mlp,3,0,0.4983376043537198
ihc_stg2_6way,ihc__'other' category dropped,minilm_mlp,4,0,0.5590999973733138
ihc_stg2_6way,ihc__'other' category dropped,minilm_mlp,5,0,0.5392880485527544
ihc_stg2_6way,ihc__'other' category dropped,minilm_mlp,6,0,0.5390974406906329
ihc_stg2_6way,ihc__'other' category dropped,minilm_mlp,7,0,0.5862184645389287
ihc_stg2_6way,ihc__'other' category dropped,minilm_mlp,8,0,0.5098025202893544
ihc_stg2_6way,ihc__'other' category dropped,minilm_mlp,9,0,0.5144013041494132
ihc_stg2_6way,ihc__'other' category dropped,hatebert_lr,0,0,0.44754524757508674
ihc_stg2_6way,ihc__'other' category dropped,hatebert_lr,1,0,0.49176395289298513
ihc_stg2_6way,ihc__'other' category dropped,hatebert_lr,2,0,0.4703250037480946
ihc_stg2_6way,ihc__'other' category dropped,hatebert_lr,3,0,0.46804091172794055
ihc_stg2_6way,ihc__'other' category dropped,hatebert_lr,4,0,0.4997295997295997
ihc_stg2_6way,ihc__'other' category dropped,hatebert_lr,5,0,0.46244538281386866
ihc_stg2_6way,ihc__'other' category dropped,hatebert_lr,6,0,0.5013217347662289
ihc_stg2_6way,ihc__'other' category dropped,hatebert_lr,7,0,0.5014858178541156
ihc_stg2_6way,ihc__'other' category dropped,hatebert_lr,8,0,0.47987197096489337
ihc_stg2_6way,ihc__'other' category dropped,hatebert_lr,9,0,0.45941676810781845
ihc_stg2_6way,ihc__'other' category dropped,mbert_lr,0,0,0.41824632030449016
ihc_stg2_6way,ihc__'other' category dropped,mbert_lr,1,0,0.47675945456336394
ihc_stg2_6way,ihc__'other' category dropped,mbert_lr,2,0,0.4582775663934083
ihc_stg2_6way,ihc__'other' category dropped,mbert_lr,3,0,0.4378094780074661
ihc_stg2_6way,ihc__'other' category dropped,mbert_lr,4,0,0.4588720248242501
ihc_stg2_6way,ihc__'other' category dropped,mbert_lr,5,0,0.44918626997069055
ihc_stg2_6way,ihc__'other' category dropped,mbert_lr,6,0,0.4567568144454944
ihc_stg2_6way,ihc__'other' category dropped,mbert_lr,7,0,0.41752345327193474
ihc_stg2_6way,ihc__'other' category dropped,mbert_lr,8,0,0.4747940792400304
ihc_stg2_6way,ihc__'other' category dropped,mbert_lr,9,0,0.42544780419387057
ihc_stg2_incitement_vs_rest,ihc__implicit_class=incitement vs rest,tfidf_word_lr,0,0,0.7054009819967266
ihc_stg2_incitement_vs_rest,ihc__implicit_class=incitement vs rest,tfidf_word_lr,1,0,0.6989121989121989
ihc_stg2_incitement_vs_rest,ihc__implicit_class=incitement vs rest,tfidf_word_lr,2,0,0.7086851330667061
ihc_stg2_incitement_vs_rest,ihc__implicit_class=incitement vs rest,tfidf_word_lr,3,0,0.7501761578374223
ihc_stg2_incitement_vs_rest,ihc__implicit_class=incitement vs rest,tfidf_word_lr,4,0,0.7530694835036696
ihc_stg2_incitement_vs_rest,ihc__implicit_class=incitement vs rest,tfidf_word_lr,5,0,0.6979166666666667
ihc_stg2_incitement_vs_rest,ihc__implicit_class=incitement vs rest,tfidf_word_lr,6,0,0.6678762531521003
ihc_stg2_incitement_vs_rest,ihc__implicit_class=incitement vs rest,tfidf_word_lr,7,0,0.6645962732919255
ihc_stg2_incitement_vs_rest,ihc__implicit_class=incitement vs rest,tfidf_word_lr,8,0,0.6666666666666667
ihc_stg2_incitement_vs_rest,ihc__implicit_class=incitement vs rest,tfidf_word_lr,9,0,0.6891996891996892
ihc_stg2_incitement_vs_rest,ihc__implicit_class=incitement vs rest,tfidf_char_svm,0,0,0.7153368513925189
ihc_stg2_incitement_vs_rest,ihc__implicit_class=incitement vs rest,tfidf_char_svm,1,0,0.71875
ihc_stg2_incitement_vs_rest,ihc__implicit_class=incitement vs rest,tfidf_char_svm,2,0,0.6894265980623928
ihc_stg2_incitement_vs_rest,ihc__implicit_class=incitement vs rest,tfidf_char_svm,3,0,0.7324919404623088
ihc_stg2_incitement_vs_rest,ihc__implicit_class=incitement vs rest,tfidf_char_svm,4,0,0.699443413729128
ihc_stg2_incitement_vs_rest,ihc__implicit_class=incitement vs rest,tfidf_char_svm,5,0,0.7041685342895563
ihc_stg2_incitement_vs_rest,ihc__implicit_class=incitement vs rest,tfidf_char_svm,6,0,0.7453013933512012
ihc_stg2_incitement_vs_rest,ihc__implicit_class=incitement vs rest,tfidf_char_svm,7,0,0.7053486707396248
ihc_stg2_incitement_vs_rest,ihc__implicit_class=incitement vs rest,tfidf_char_svm,8,0,0.6790598923616255
ihc_stg2_incitement_vs_rest,ihc__implicit_class=incitement vs rest,tfidf_char_svm,9,0,0.6747085931146652
ihc_stg2_incitement_vs_rest,ihc__implicit_class=incitement vs rest,tfidf_nb,0,0,0.623072529982867
ihc_stg2_incitement_vs_rest,ihc__implicit_class=incitement vs rest,tfidf_nb,1,0,0.6186081551935211
ihc_stg2_incitement_vs_rest,ihc__implicit_class=incitement vs rest,tfidf_nb,2,0,0.6503246984942553
ihc_stg2_incitement_vs_rest,ihc__implicit_class=incitement vs rest,tfidf_nb,3,0,0.6360522372083066
ihc_stg2_incitement_vs_rest,ihc__implicit_class=incitement vs rest,tfidf_nb,4,0,0.6394230769230769
ihc_stg2_incitement_vs_rest,ihc__implicit_class=incitement vs rest,tfidf_nb,5,0,0.5555093447012035
ihc_stg2_incitement_vs_rest,ihc__implicit_class=incitement vs rest,tfidf_nb,6,0,0.673202614379085
ihc_stg2_incitement_vs_rest,ihc__implicit_class=incitement vs rest,tfidf_nb,7,0,0.6021220159151194
ihc_stg2_incitement_vs_rest,ihc__implicit_class=incitement vs rest,tfidf_nb,8,0,0.6217797759223578
ihc_stg2_incitement_vs_rest,ihc__implicit_class=incitement vs rest,tfidf_nb,9,0,0.6816168327796235
ihc_stg2_incitement_vs_rest,ihc__implicit_class=incitement vs rest,svd_rf,0,0,0.6021220159151194
ihc_stg2_incitement_vs_rest,ihc__implicit_class=incitement vs rest,svd_rf,1,0,0.5985603543743079
ihc_stg2_incitement_vs_rest,ihc__implicit_class=incitement vs rest,svd_rf,2,0,0.6360522372083066
ihc_stg2_incitement_vs_rest,ihc__implicit_class=incitement vs rest,svd_rf,3,0,0.5961904761904762
ihc_stg2_incitement_vs_rest,ihc__implicit_class=incitement vs rest,svd_rf,4,0,0.5606911792113741
ihc_stg2_incitement_vs_rest,ihc__implicit_class=incitement vs rest,svd_rf,5,0,0.5580808080808081
ihc_stg2_incitement_vs_rest,ihc__implicit_class=incitement vs rest,svd_rf,6,0,0.6186081551935211
ihc_stg2_incitement_vs_rest,ihc__implicit_class=incitement vs rest,svd_rf,7,0,0.5781438328646042
ihc_stg2_incitement_vs_rest,ihc__implicit_class=incitement vs rest,svd_rf,8,0,0.6419047619047619
ihc_stg2_incitement_vs_rest,ihc__implicit_class=incitement vs rest,svd_rf,9,0,0.5504761904761905
ihc_stg2_incitement_vs_rest,ihc__implicit_class=incitement vs rest,svd_histgb,0,0,0.590275880906856
ihc_stg2_incitement_vs_rest,ihc__implicit_class=incitement vs rest,svd_histgb,1,0,0.5630775411811972
ihc_stg2_incitement_vs_rest,ihc__implicit_class=incitement vs rest,svd_histgb,2,0,0.580952380952381
ihc_stg2_incitement_vs_rest,ihc__implicit_class=incitement vs rest,svd_histgb,3,0,0.5845380111275784
ihc_stg2_incitement_vs_rest,ihc__implicit_class=incitement vs rest,svd_histgb,4,0,0.5504761904761905
ihc_stg2_incitement_vs_rest,ihc__implicit_class=incitement vs rest,svd_histgb,5,0,0.5471698113207547
ihc_stg2_incitement_vs_rest,ihc__implicit_class=incitement vs rest,svd_histgb,6,0,0.5961538461538461
ihc_stg2_incitement_vs_rest,ihc__implicit_class=incitement vs rest,svd_histgb,7,0,0.5683896824581235
ihc_stg2_incitement_vs_rest,ihc__implicit_class=incitement vs rest,svd_histgb,8,0,0.6349730575351991
ihc_stg2_incitement_vs_rest,ihc__implicit_class=incitement vs rest,svd_histgb,9,0,0.5657142857142857
ihc_stg2_incitement_vs_rest,ihc__implicit_class=incitement vs rest,svd_knn,0,0,0.5853321408244573
ihc_stg2_incitement_vs_rest,ihc__implicit_class=incitement vs rest,svd_knn,1,0,0.616
ihc_stg2_incitement_vs_rest,ihc__implicit_class=incitement vs rest,svd_knn,2,0,0.6310578426263679
ihc_stg2_incitement_vs_rest,ihc__implicit_class=incitement vs rest,svd_knn,3,0,0.6500604441051091
ihc_stg2_incitement_vs_rest,ihc__implicit_class=incitement vs rest,svd_knn,4,0,0.663580993425537
ihc_stg2_incitement_vs_rest,ihc__implicit_class=incitement vs rest,svd_knn,5,0,0.5932348533504603
ihc_stg2_incitement_vs_rest,ihc__implicit_class=incitement vs rest,svd_knn,6,0,0.6706325199973113
ihc_stg2_incitement_vs_rest,ihc__implicit_class=incitement vs rest,svd_knn,7,0,0.5844235801138987
ihc_stg2_incitement_vs_rest,ihc__implicit_class=incitement vs rest,svd_knn,8,0,0.6209150326797386
ihc_stg2_incitement_vs_rest,ihc__implicit_class=incitement vs rest,svd_knn,9,0,0.5712306778952922
ihc_stg2_incitement_vs_rest,ihc__implicit_class=incitement vs rest,minilm_lr,0,0,0.6610449735449735
ihc_stg2_incitement_vs_rest,ihc__implicit_class=incitement vs rest,minilm_lr,1,0,0.6649292628443783
ihc_stg2_incitement_vs_rest,ihc__implicit_class=incitement vs rest,minilm_lr,2,0,0.6363943852528327
ihc_stg2_incitement_vs_rest,ihc__implicit_class=incitement vs rest,minilm_lr,3,0,0.6563674812030075
ihc_stg2_incitement_vs_rest,ihc__implicit_class=incitement vs rest,minilm_lr,4,0,0.6448371448371448
ihc_stg2_incitement_vs_rest,ihc__implicit_class=incitement vs rest,minilm_lr,5,0,0.6459627329192547
ihc_stg2_incitement_vs_rest,ihc__implicit_class=incitement vs rest,minilm_lr,6,0,0.673794853207684
ihc_stg2_incitement_vs_rest,ihc__implicit_class=incitement vs rest,minilm_lr,7,0,0.6391545907554843
ihc_stg2_incitement_vs_rest,ihc__implicit_class=incitement vs rest,minilm_lr,8,0,0.6621621621621622
ihc_stg2_incitement_vs_rest,ihc__implicit_class=incitement vs rest,minilm_lr,9,0,0.6505736416050317
ihc_stg2_incitement_vs_rest,ihc__implicit_class=incitement vs rest,minilm_mlp,0,0,0.7328778324944123
ihc_stg2_incitement_vs_rest,ihc__implicit_class=incitement vs rest,minilm_mlp,1,0,0.724
ihc_stg2_incitement_vs_rest,ihc__implicit_class=incitement vs rest,minilm_mlp,2,0,0.7076023391812865
ihc_stg2_incitement_vs_rest,ihc__implicit_class=incitement vs rest,minilm_mlp,3,0,0.7402597402597402
ihc_stg2_incitement_vs_rest,ihc__implicit_class=incitement vs rest,minilm_mlp,4,0,0.7327064889765122
ihc_stg2_incitement_vs_rest,ihc__implicit_class=incitement vs rest,minilm_mlp,5,0,0.7253311907920552
ihc_stg2_incitement_vs_rest,ihc__implicit_class=incitement vs rest,minilm_mlp,6,0,0.7509205111544293
ihc_stg2_incitement_vs_rest,ihc__implicit_class=incitement vs rest,minilm_mlp,7,0,0.7181230310064666
ihc_stg2_incitement_vs_rest,ihc__implicit_class=incitement vs rest,minilm_mlp,8,0,0.667332002661344
ihc_stg2_incitement_vs_rest,ihc__implicit_class=incitement vs rest,minilm_mlp,9,0,0.7171717171717171
ihc_stg2_incitement_vs_rest,ihc__implicit_class=incitement vs rest,hatebert_lr,0,0,0.6799999999999999
ihc_stg2_incitement_vs_rest,ihc__implicit_class=incitement vs rest,hatebert_lr,1,0,0.6446900908014213
ihc_stg2_incitement_vs_rest,ihc__implicit_class=incitement vs rest,hatebert_lr,2,0,0.6142270861833106
ihc_stg2_incitement_vs_rest,ihc__implicit_class=incitement vs rest,hatebert_lr,3,0,0.6345029239766082
ihc_stg2_incitement_vs_rest,ihc__implicit_class=incitement vs rest,hatebert_lr,4,0,0.5822558185796698
ihc_stg2_incitement_vs_rest,ihc__implicit_class=incitement vs rest,hatebert_lr,5,0,0.6320191158900836
ihc_stg2_incitement_vs_rest,ihc__implicit_class=incitement vs rest,hatebert_lr,6,0,0.7076023391812866
ihc_stg2_incitement_vs_rest,ihc__implicit_class=incitement vs rest,hatebert_lr,7,0,0.6309246309246309
ihc_stg2_incitement_vs_rest,ihc__implicit_class=incitement vs rest,hatebert_lr,8,0,0.6474054515303247
ihc_stg2_incitement_vs_rest,ihc__implicit_class=incitement vs rest,hatebert_lr,9,0,0.6430723589672276
ihc_stg2_incitement_vs_rest,ihc__implicit_class=incitement vs rest,mbert_lr,0,0,0.6563011456628478
ihc_stg2_incitement_vs_rest,ihc__implicit_class=incitement vs rest,mbert_lr,1,0,0.6739130434782609
ihc_stg2_incitement_vs_rest,ihc__implicit_class=incitement vs rest,mbert_lr,2,0,0.6183708382681932
ihc_stg2_incitement_vs_rest,ihc__implicit_class=incitement vs rest,mbert_lr,3,0,0.6862447896930656
ihc_stg2_incitement_vs_rest,ihc__implicit_class=incitement vs rest,mbert_lr,4,0,0.5937873357228196
ihc_stg2_incitement_vs_rest,ihc__implicit_class=incitement vs rest,mbert_lr,5,0,0.6266666666666667
ihc_stg2_incitement_vs_rest,ihc__implicit_class=incitement vs rest,mbert_lr,6,0,0.6355555555555555
ihc_stg2_incitement_vs_rest,ihc__implicit_class=incitement vs rest,mbert_lr,7,0,0.6170653691940353
ihc_stg2_incitement_vs_rest,ihc__implicit_class=incitement vs rest,mbert_lr,8,0,0.628869712147728
ihc_stg2_incitement_vs_rest,ihc__implicit_class=incitement vs rest,mbert_lr,9,0,0.6358247544575997
ihc_stg2_inferiority_vs_rest,ihc__implicit_class=inferiority vs rest,tfidf_word_lr,0,0,0.6971153846153846
ihc_stg2_inferiority_vs_rest,ihc__implicit_class=inferiority vs rest,tfidf_word_lr,1,0,0.6190736652927272
ihc_stg2_inferiority_vs_rest,ihc__implicit_class=inferiority vs rest,tfidf_word_lr,2,0,0.6726125518363459
ihc_stg2_inferiority_vs_rest,ihc__implicit_class=inferiority vs rest,tfidf_word_lr,3,0,0.663580993425537
ihc_stg2_inferiority_vs_rest,ihc__implicit_class=inferiority vs rest,tfidf_word_lr,4,0,0.6435643564356436
ihc_stg2_inferiority_vs_rest,ihc__implicit_class=inferiority vs rest,tfidf_word_lr,5,0,0.623072529982867
ihc_stg2_inferiority_vs_rest,ihc__implicit_class=inferiority vs rest,tfidf_word_lr,6,0,0.643745378772602
ihc_stg2_inferiority_vs_rest,ihc__implicit_class=inferiority vs rest,tfidf_word_lr,7,0,0.6372281773277858
ihc_stg2_inferiority_vs_rest,ihc__implicit_class=inferiority vs rest,tfidf_word_lr,8,0,0.6816168327796235
ihc_stg2_inferiority_vs_rest,ihc__implicit_class=inferiority vs rest,tfidf_word_lr,9,0,0.6972500210243041
ihc_stg2_inferiority_vs_rest,ihc__implicit_class=inferiority vs rest,tfidf_char_svm,0,0,0.664292147711455
ihc_stg2_inferiority_vs_rest,ihc__implicit_class=inferiority vs rest,tfidf_char_svm,1,0,0.6931420823521016
ihc_stg2_inferiority_vs_rest,ihc__implicit_class=inferiority vs rest,tfidf_char_svm,2,0,0.7457387701290141
ihc_stg2_inferiority_vs_rest,ihc__implicit_class=inferiority vs rest,tfidf_char_svm,3,0,0.7093023255813953
ihc_stg2_inferiority_vs_rest,ihc__implicit_class=inferiority vs rest,tfidf_char_svm,4,0,0.6645971597802041
ihc_stg2_inferiority_vs_rest,ihc__implicit_class=inferiority vs rest,tfidf_char_svm,5,0,0.632695895522388
ihc_stg2_inferiority_vs_rest,ihc__implicit_class=inferiority vs rest,tfidf_char_svm,6,0,0.7053112507138778
ihc_stg2_inferiority_vs_rest,ihc__implicit_class=inferiority vs rest,tfidf_char_svm,7,0,0.6428484657061639
ihc_stg2_inferiority_vs_rest,ihc__implicit_class=inferiority vs rest,tfidf_char_svm,8,0,0.7174875223655712
ihc_stg2_inferiority_vs_rest,ihc__implicit_class=inferiority vs rest,tfidf_char_svm,9,0,0.7013844900913944
ihc_stg2_inferiority_vs_rest,ihc__implicit_class=inferiority vs rest,tfidf_nb,0,0,0.5036743488130506
ihc_stg2_inferiority_vs_rest,ihc__implicit_class=inferiority vs rest,tfidf_nb,1,0,0.5075075075075075
ihc_stg2_inferiority_vs_rest,ihc__implicit_class=inferiority vs rest,tfidf_nb,2,0,0.5636363636363636
ihc_stg2_inferiority_vs_rest,ihc__implicit_class=inferiority vs rest,tfidf_nb,3,0,0.5471014492753623
ihc_stg2_inferiority_vs_rest,ihc__implicit_class=inferiority vs rest,tfidf_nb,4,0,0.596014004847832
ihc_stg2_inferiority_vs_rest,ihc__implicit_class=inferiority vs rest,tfidf_nb,5,0,0.5055721236854497
ihc_stg2_inferiority_vs_rest,ihc__implicit_class=inferiority vs rest,tfidf_nb,6,0,0.5094833224329627
ihc_stg2_inferiority_vs_rest,ihc__implicit_class=inferiority vs rest,tfidf_nb,7,0,0.5418181818181818
ihc_stg2_inferiority_vs_rest,ihc__implicit_class=inferiority vs rest,tfidf_nb,8,0,0.5697463768115942
ihc_stg2_inferiority_vs_rest,ihc__implicit_class=inferiority vs rest,tfidf_nb,9,0,0.6072727272727273
ihc_stg2_inferiority_vs_rest,ihc__implicit_class=inferiority vs rest,svd_rf,0,0,0.5578326782706345
ihc_stg2_inferiority_vs_rest,ihc__implicit_class=inferiority vs rest,svd_rf,1,0,0.5094833224329627
ihc_stg2_inferiority_vs_rest,ihc__implicit_class=inferiority vs rest,svd_rf,2,0,0.5726495726495726
ihc_stg2_inferiority_vs_rest,ihc__implicit_class=inferiority vs rest,svd_rf,3,0,0.5550343209961712
ihc_stg2_inferiority_vs_rest,ihc__implicit_class=inferiority vs rest,svd_rf,4,0,0.5896580483736447
ihc_stg2_inferiority_vs_rest,ihc__implicit_class=inferiority vs rest,svd_rf,5,0,0.4820279390990425
ihc_stg2_inferiority_vs_rest,ihc__implicit_class=inferiority vs rest,svd_rf,6,0,0.4820279390990425
ihc_stg2_inferiority_vs_rest,ihc__implicit_class=inferiority vs rest,svd_rf,7,0,0.499981480795585
ihc_stg2_inferiority_vs_rest,ihc__implicit_class=inferiority vs rest,svd_rf,8,0,0.5036743488130506
ihc_stg2_inferiority_vs_rest,ihc__implicit_class=inferiority vs rest,svd_rf,9,0,0.5854545454545454
ihc_stg2_inferiority_vs_rest,ihc__implicit_class=inferiority vs rest,svd_histgb,0,0,0.4864515051563609
ihc_stg2_inferiority_vs_rest,ihc__implicit_class=inferiority vs rest,svd_histgb,1,0,0.46332737030411447
ihc_stg2_inferiority_vs_rest,ihc__implicit_class=inferiority vs rest,svd_histgb,2,0,0.544427571391533
ihc_stg2_inferiority_vs_rest,ihc__implicit_class=inferiority vs rest,svd_histgb,3,0,0.566650616689507
ihc_stg2_inferiority_vs_rest,ihc__implicit_class=inferiority vs rest,svd_histgb,4,0,0.5291163082718568
ihc_stg2_inferiority_vs_rest,ihc__implicit_class=inferiority vs rest,svd_histgb,5,0,0.4864515051563609
ihc_stg2_inferiority_vs_rest,ihc__implicit_class=inferiority vs rest,svd_histgb,6,0,0.5115026512462946
ihc_stg2_inferiority_vs_rest,ihc__implicit_class=inferiority vs rest,svd_histgb,7,0,0.48495748855461085
ihc_stg2_inferiority_vs_rest,ihc__implicit_class=inferiority vs rest,svd_histgb,8,0,0.48495748855461085
ihc_stg2_inferiority_vs_rest,ihc__implicit_class=inferiority vs rest,svd_histgb,9,0,0.5315315315315315
ihc_stg2_inferiority_vs_rest,ihc__implicit_class=inferiority vs rest,svd_knn,0,0,0.4749812493303332
ihc_stg2_inferiority_vs_rest,ihc__implicit_class=inferiority vs rest,svd_knn,1,0,0.4946659180235823
ihc_stg2_inferiority_vs_rest,ihc__implicit_class=inferiority vs rest,svd_knn,2,0,0.563826693806339
ihc_stg2_inferiority_vs_rest,ihc__implicit_class=inferiority vs rest,svd_knn,3,0,0.5157215047725997
ihc_stg2_inferiority_vs_rest,ihc__implicit_class=inferiority vs rest,svd_knn,4,0,0.5157215047725997
ihc_stg2_inferiority_vs_rest,ihc__implicit_class=inferiority vs rest,svd_knn,5,0,0.4736103312745648
ihc_stg2_inferiority_vs_rest,ihc__implicit_class=inferiority vs rest,svd_knn,6,0,0.536777091521617
ihc_stg2_inferiority_vs_rest,ihc__implicit_class=inferiority vs rest,svd_knn,7,0,0.5470063025210083
ihc_stg2_inferiority_vs_rest,ihc__implicit_class=inferiority vs rest,svd_knn,8,0,0.5610128515078254
ihc_stg2_inferiority_vs_rest,ihc__implicit_class=inferiority vs rest,svd_knn,9,0,0.531949531949532
ihc_stg2_inferiority_vs_rest,ihc__implicit_class=inferiority vs rest,minilm_lr,0,0,0.7245609579808951
ihc_stg2_inferiority_vs_rest,ihc__implicit_class=inferiority vs rest,minilm_lr,1,0,0.6288659793814433
ihc_stg2_inferiority_vs_rest,ihc__implicit_class=inferiority vs rest,minilm_lr,2,0,0.7321375424115558
ihc_stg2_inferiority_vs_rest,ihc__implicit_class=inferiority vs rest,minilm_lr,3,0,0.6336996336996337
ihc_stg2_inferiority_vs_rest,ihc__implicit_class=inferiority vs rest,minilm_lr,4,0,0.6447941333740739
ihc_stg2_inferiority_vs_rest,ihc__implicit_class=inferiority vs rest,minilm_lr,5,0,0.6804873035744315
ihc_stg2_inferiority_vs_rest,ihc__implicit_class=inferiority vs rest,minilm_lr,6,0,0.6674601588195744
ihc_stg2_inferiority_vs_rest,ihc__implicit_class=inferiority vs rest,minilm_lr,7,0,0.6336996336996337
ihc_stg2_inferiority_vs_rest,ihc__implicit_class=inferiority vs rest,minilm_lr,8,0,0.673907035870226
ihc_stg2_inferiority_vs_rest,ihc__implicit_class=inferiority vs rest,minilm_lr,9,0,0.6560708702449192
ihc_stg2_inferiority_vs_rest,ihc__implicit_class=inferiority vs rest,minilm_mlp,0,0,0.7276132107592781
ihc_stg2_inferiority_vs_rest,ihc__implicit_class=inferiority vs rest,minilm_mlp,1,0,0.688490108895338
ihc_stg2_inferiority_vs_rest,ihc__implicit_class=inferiority vs rest,minilm_mlp,2,0,0.7014595311808933
ihc_stg2_inferiority_vs_rest,ihc__implicit_class=inferiority vs rest,minilm_mlp,3,0,0.7159090909090908
ihc_stg2_inferiority_vs_rest,ihc__implicit_class=inferiority vs rest,minilm_mlp,4,0,0.7227744952535633
ihc_stg2_inferiority_vs_rest,ihc__implicit_class=inferiority vs rest,minilm_mlp,5,0,0.6851679104477613
ihc_stg2_inferiority_vs_rest,ihc__implicit_class=inferiority vs rest,minilm_mlp,6,0,0.692722371967655
ihc_stg2_inferiority_vs_rest,ihc__implicit_class=inferiority vs rest,minilm_mlp,7,0,0.7137404580152672
ihc_stg2_inferiority_vs_rest,ihc__implicit_class=inferiority vs rest,minilm_mlp,8,0,0.7028571428571428
ihc_stg2_inferiority_vs_rest,ihc__implicit_class=inferiority vs rest,minilm_mlp,9,0,0.7428394076438769
ihc_stg2_inferiority_vs_rest,ihc__implicit_class=inferiority vs rest,hatebert_lr,0,0,0.6816168327796235
ihc_stg2_inferiority_vs_rest,ihc__implicit_class=inferiority vs rest,hatebert_lr,1,0,0.679429020746386
ihc_stg2_inferiority_vs_rest,ihc__implicit_class=inferiority vs rest,hatebert_lr,2,0,0.6437746928906064
ihc_stg2_inferiority_vs_rest,ihc__implicit_class=inferiority vs rest,hatebert_lr,3,0,0.6626861042183623
ihc_stg2_inferiority_vs_rest,ihc__implicit_class=inferiority vs rest,hatebert_lr,4,0,0.704724409448819
ihc_stg2_inferiority_vs_rest,ihc__implicit_class=inferiority vs rest,hatebert_lr,5,0,0.6955892830156092
ihc_stg2_inferiority_vs_rest,ihc__implicit_class=inferiority vs rest,hatebert_lr,6,0,0.7
ihc_stg2_inferiority_vs_rest,ihc__implicit_class=inferiority vs rest,hatebert_lr,7,0,0.5976164823325051
ihc_stg2_inferiority_vs_rest,ihc__implicit_class=inferiority vs rest,hatebert_lr,8,0,0.7023809523809523
ihc_stg2_inferiority_vs_rest,ihc__implicit_class=inferiority vs rest,hatebert_lr,9,0,0.6310578426263679
ihc_stg2_inferiority_vs_rest,ihc__implicit_class=inferiority vs rest,mbert_lr,0,0,0.5783730158730159
ihc_stg2_inferiority_vs_rest,ihc__implicit_class=inferiority vs rest,mbert_lr,1,0,0.619315453734824
ihc_stg2_inferiority_vs_rest,ihc__implicit_class=inferiority vs rest,mbert_lr,2,0,0.5911395395322636
ihc_stg2_inferiority_vs_rest,ihc__implicit_class=inferiority vs rest,mbert_lr,3,0,0.6872097211427272
ihc_stg2_inferiority_vs_rest,ihc__implicit_class=inferiority vs rest,mbert_lr,4,0,0.6500604441051091
ihc_stg2_inferiority_vs_rest,ihc__implicit_class=inferiority vs rest,mbert_lr,5,0,0.6215625262803801
ihc_stg2_inferiority_vs_rest,ihc__implicit_class=inferiority vs rest,mbert_lr,6,0,0.6495255272488778
ihc_stg2_inferiority_vs_rest,ihc__implicit_class=inferiority vs rest,mbert_lr,7,0,0.6130875612611362
ihc_stg2_inferiority_vs_rest,ihc__implicit_class=inferiority vs rest,mbert_lr,8,0,0.6527777777777778
ihc_stg2_inferiority_vs_rest,ihc__implicit_class=inferiority vs rest,mbert_lr,9,0,0.5975282543296203
ihc_stg2_irony_vs_rest,ihc__implicit_class=irony vs rest,tfidf_word_lr,0,0,0.7427384067371754
ihc_stg2_irony_vs_rest,ihc__implicit_class=irony vs rest,tfidf_word_lr,1,0,0.7013844900913944
ihc_stg2_irony_vs_rest,ihc__implicit_class=irony vs rest,tfidf_word_lr,2,0,0.7448917612186885
ihc_stg2_irony_vs_rest,ihc__implicit_class=irony vs rest,tfidf_word_lr,3,0,0.6271306818181819
ihc_stg2_irony_vs_rest,ihc__implicit_class=irony vs rest,tfidf_word_lr,4,0,0.6826356354843585
ihc_stg2_irony_vs_rest,ihc__implicit_class=irony vs rest,tfidf_word_lr,5,0,0.6571889493849566
ihc_stg2_irony_vs_rest,ihc__implicit_class=irony vs rest,tfidf_word_lr,6,0,0.706096925482022
ihc_stg2_irony_vs_rest,ihc__implicit_class=irony vs rest,tfidf_word_lr,7,0,0.778516057585825
ihc_stg2_irony_vs_rest,ihc__implicit_class=irony vs rest,tfidf_word_lr,8,0,0.6790482711400205
ihc_stg2_irony_vs_rest,ihc__implicit_class=irony vs rest,tfidf_word_lr,9,0,0.7512939436714391
ihc_stg2_irony_vs_rest,ihc__implicit_class=irony vs rest,tfidf_char_svm,0,0,0.6723809523809524
ihc_stg2_irony_vs_rest,ihc__implicit_class=irony vs rest,tfidf_char_svm,1,0,0.7553074969122137
ihc_stg2_irony_vs_rest,ihc__implicit_class=irony vs rest,tfidf_char_svm,2,0,0.7105890364317331
ihc_stg2_irony_vs_rest,ihc__implicit_class=irony vs rest,tfidf_char_svm,3,0,0.6762922618435927
ihc_stg2_irony_vs_rest,ihc__implicit_class=irony vs rest,tfidf_char_svm,4,0,0.6778983438035409
ihc_stg2_irony_vs_rest,ihc__implicit_class=irony vs rest,tfidf_char_svm,5,0,0.6610669024462128
ihc_stg2_irony_vs_rest,ihc__implicit_class=irony vs rest,tfidf_char_svm,6,0,0.6802786514517429
ihc_stg2_irony_vs_rest,ihc__implicit_class=irony vs rest,tfidf_char_svm,7,0,0.7930493113537429
ihc_stg2_irony_vs_rest,ihc__implicit_class=irony vs rest,tfidf_char_svm,8,0,0.6836078746484532
ihc_stg2_irony_vs_rest,ihc__implicit_class=irony vs rest,tfidf_char_svm,9,0,0.7333333333333334
ihc_stg2_irony_vs_rest,ihc__implicit_class=irony vs rest,tfidf_nb,0,0,0.6848739495798319
ihc_stg2_irony_vs_rest,ihc__implicit_class=irony vs rest,tfidf_nb,1,0,0.611096707285455
ihc_stg2_irony_vs_rest,ihc__implicit_class=irony vs rest,tfidf_nb,2,0,0.615036231884058
ihc_stg2_irony_vs_rest,ihc__implicit_class=irony vs rest,tfidf_nb,3,0,0.499981480795585
ihc_stg2_irony_vs_rest,ihc__implicit_class=irony vs rest,tfidf_nb,4,0,0.633319752583429
ihc_stg2_irony_vs_rest,ihc__implicit_class=irony vs rest,tfidf_nb,5,0,0.6072727272727273
ihc_stg2_irony_vs_rest,ihc__implicit_class=irony vs rest,tfidf_nb,6,0,0.5697463768115942
ihc_stg2_irony_vs_rest,ihc__implicit_class=irony vs rest,tfidf_nb,7,0,0.6540496540496541
ihc_stg2_irony_vs_rest,ihc__implicit_class=irony vs rest,tfidf_nb,8,0,0.6209994385176867
ihc_stg2_irony_vs_rest,ihc__implicit_class=irony vs rest,tfidf_nb,9,0,0.6540496540496541
ihc_stg2_irony_vs_rest,ihc__implicit_class=irony vs rest,svd_rf,0,0,0.6841661987647389
ihc_stg2_irony_vs_rest,ihc__implicit_class=irony vs rest,svd_rf,1,0,0.6420550252667041
ihc_stg2_irony_vs_rest,ihc__implicit_class=irony vs rest,svd_rf,2,0,0.6631106120157215
ihc_stg2_irony_vs_rest,ihc__implicit_class=irony vs rest,svd_rf,3,0,0.5418181818181818
ihc_stg2_irony_vs_rest,ihc__implicit_class=irony vs rest,svd_rf,4,0,0.6631106120157215
ihc_stg2_irony_vs_rest,ihc__implicit_class=irony vs rest,svd_rf,5,0,0.6509090909090909
ihc_stg2_irony_vs_rest,ihc__implicit_class=irony vs rest,svd_rf,6,0,0.5696413678065054
ihc_stg2_irony_vs_rest,ihc__implicit_class=irony vs rest,svd_rf,7,0,0.6585147114621779
ihc_stg2_irony_vs_rest,ihc__implicit_class=irony vs rest,svd_rf,8,0,0.588873661987481
ihc_stg2_irony_vs_rest,ihc__implicit_class=irony vs rest,svd_rf,9,0,0.6678452801885781
ihc_stg2_irony_vs_rest,ihc__implicit_class=irony vs rest,svd_histgb,0,0,0.6276276276276276
ihc_stg2_irony_vs_rest,ihc__implicit_class=irony vs rest,svd_histgb,1,0,0.6249866066645238
ihc_stg2_irony_vs_rest,ihc__implicit_class=irony vs rest,svd_histgb,2,0,0.6232930466174855
ihc_stg2_irony_vs_rest,ihc__implicit_class=irony vs rest,svd_histgb,3,0,0.5075075075075075
ihc_stg2_irony_vs_rest,ihc__implicit_class=irony vs rest,svd_histgb,4,0,0.6420550252667041
ihc_stg2_irony_vs_rest,ihc__implicit_class=irony vs rest,svd_histgb,5,0,0.5997488620310784
ihc_stg2_irony_vs_rest,ihc__implicit_class=irony vs rest,svd_histgb,6,0,0.6607540951827082
ihc_stg2_irony_vs_rest,ihc__implicit_class=irony vs rest,svd_histgb,7,0,0.633319752583429
ihc_stg2_irony_vs_rest,ihc__implicit_class=irony vs rest,svd_histgb,8,0,0.6290909090909091
ihc_stg2_irony_vs_rest,ihc__implicit_class=irony vs rest,svd_histgb,9,0,0.6727272727272727
ihc_stg2_irony_vs_rest,ihc__implicit_class=irony vs rest,svd_knn,0,0,0.6540496540496541
ihc_stg2_irony_vs_rest,ihc__implicit_class=irony vs rest,svd_knn,1,0,0.6171225552757752
ihc_stg2_irony_vs_rest,ihc__implicit_class=irony vs rest,svd_knn,2,0,0.6792107895553793
ihc_stg2_irony_vs_rest,ihc__implicit_class=irony vs rest,svd_knn,3,0,0.5418181818181818
ihc_stg2_irony_vs_rest,ihc__implicit_class=irony vs rest,svd_knn,4,0,0.6898399072652652
ihc_stg2_irony_vs_rest,ihc__implicit_class=irony vs rest,svd_knn,5,0,0.5964264771825739
ihc_stg2_irony_vs_rest,ihc__implicit_class=irony vs rest,svd_knn,6,0,0.5821279331404693
ihc_stg2_irony_vs_rest,ihc__implicit_class=irony vs rest,svd_knn,7,0,0.6607540951827082
ihc_stg2_irony_vs_rest,ihc__implicit_class=irony vs rest,svd_knn,8,0,0.6898399072652652
ihc_stg2_irony_vs_rest,ihc__implicit_class=irony vs rest,svd_knn,9,0,0.6651785714285714
ihc_stg2_irony_vs_rest,ihc__implicit_class=irony vs rest,minilm_lr,0,0,0.6456413890857547
ihc_stg2_irony_vs_rest,ihc__implicit_class=irony vs rest,minilm_lr,1,0,0.674317617866005
ihc_stg2_irony_vs_rest,ihc__implicit_class=irony vs rest,minilm_lr,2,0,0.6626861042183623
ihc_stg2_irony_vs_rest,ihc__implicit_class=irony vs rest,minilm_lr,3,0,0.6341165948451093
ihc_stg2_irony_vs_rest,ihc__implicit_class=irony vs rest,minilm_lr,4,0,0.6803977272727273
ihc_stg2_irony_vs_rest,ihc__implicit_class=irony vs rest,minilm_lr,5,0,0.6377341920374707
ihc_stg2_irony_vs_rest,ihc__implicit_class=irony vs rest,minilm_lr,6,0,0.6517990383021057
ihc_stg2_irony_vs_rest,ihc__implicit_class=irony vs rest,minilm_lr,7,0,0.6816451990632318
ihc_stg2_irony_vs_rest,ihc__implicit_class=irony vs rest,minilm_lr,8,0,0.6020424851447366
ihc_stg2_irony_vs_rest,ihc__implicit_class=irony vs rest,minilm_lr,9,0,0.6674601588195744
ihc_stg2_irony_vs_rest,ihc__implicit_class=irony vs rest,minilm_mlp,0,0,0.7428394076438769
ihc_stg2_irony_vs_rest,ihc__implicit_class=irony vs rest,minilm_mlp,1,0,0.7841467801894711
ihc_stg2_irony_vs_rest,ihc__implicit_class=irony vs rest,minilm_mlp,2,0,0.7274350700209906
ihc_stg2_irony_vs_rest,ihc__implicit_class=irony vs rest,minilm_mlp,3,0,0.6851679104477613
ihc_stg2_irony_vs_rest,ihc__implicit_class=irony vs rest,minilm_mlp,4,0,0.7201492537313433
ihc_stg2_irony_vs_rest,ihc__implicit_class=irony vs rest,minilm_mlp,5,0,0.6685606060606061
ihc_stg2_irony_vs_rest,ihc__implicit_class=irony vs rest,minilm_mlp,6,0,0.6935648621041879
ihc_stg2_irony_vs_rest,ihc__implicit_class=irony vs rest,minilm_mlp,7,0,0.7843874391862008
ihc_stg2_irony_vs_rest,ihc__implicit_class=irony vs rest,minilm_mlp,8,0,0.6896337678460583
ihc_stg2_irony_vs_rest,ihc__implicit_class=irony vs rest,minilm_mlp,9,0,0.7297961188897077
ihc_stg2_irony_vs_rest,ihc__implicit_class=irony vs rest,hatebert_lr,0,0,0.7033618984838497
ihc_stg2_irony_vs_rest,ihc__implicit_class=irony vs rest,hatebert_lr,1,0,0.679429020746386
ihc_stg2_irony_vs_rest,ihc__implicit_class=irony vs rest,hatebert_lr,2,0,0.6916047972587094
ihc_stg2_irony_vs_rest,ihc__implicit_class=irony vs rest,hatebert_lr,3,0,0.6335173287485296
ihc_stg2_irony_vs_rest,ihc__implicit_class=irony vs rest,hatebert_lr,4,0,0.6810838978634706
ihc_stg2_irony_vs_rest,ihc__implicit_class=irony vs rest,hatebert_lr,5,0,0.6714129244249726
ihc_stg2_irony_vs_rest,ihc__implicit_class=irony vs rest,hatebert_lr,6,0,0.6696819879531077
ihc_stg2_irony_vs_rest,ihc__implicit_class=irony vs rest,hatebert_lr,7,0,0.6662102019856213
ihc_stg2_irony_vs_rest,ihc__implicit_class=irony vs rest,hatebert_lr,8,0,0.6685773840541949
ihc_stg2_irony_vs_rest,ihc__implicit_class=irony vs rest,hatebert_lr,9,0,0.6606641932856755
ihc_stg2_irony_vs_rest,ihc__implicit_class=irony vs rest,mbert_lr,0,0,0.6696819879531077
ihc_stg2_irony_vs_rest,ihc__implicit_class=irony vs rest,mbert_lr,1,0,0.6060448150078166
ihc_stg2_irony_vs_rest,ihc__implicit_class=irony vs rest,mbert_lr,2,0,0.6279761904761905
ihc_stg2_irony_vs_rest,ihc__implicit_class=irony vs rest,mbert_lr,3,0,0.6567283404218571
ihc_stg2_irony_vs_rest,ihc__implicit_class=irony vs rest,mbert_lr,4,0,0.6089479438230595
ihc_stg2_irony_vs_rest,ihc__implicit_class=irony vs rest,mbert_lr,5,0,0.5826528760660498
ihc_stg2_irony_vs_rest,ihc__implicit_class=irony vs rest,mbert_lr,6,0,0.6594062736523421
ihc_stg2_irony_vs_rest,ihc__implicit_class=irony vs rest,mbert_lr,7,0,0.6537642045454546
ihc_stg2_irony_vs_rest,ihc__implicit_class=irony vs rest,mbert_lr,8,0,0.5963333613657388
ihc_stg2_irony_vs_rest,ihc__implicit_class=irony vs rest,mbert_lr,9,0,0.5891817870592263
ihc_stg2_stereotypical_vs_rest,ihc__implicit_class=stereotypical vs rest,tfidf_word_lr,0,0,0.701252642429113
ihc_stg2_stereotypical_vs_rest,ihc__implicit_class=stereotypical vs rest,tfidf_word_lr,1,0,0.7468176383711935
ihc_stg2_stereotypical_vs_rest,ihc__implicit_class=stereotypical vs rest,tfidf_word_lr,2,0,0.7049638537586915
ihc_stg2_stereotypical_vs_rest,ihc__implicit_class=stereotypical vs rest,tfidf_word_lr,3,0,0.7604166666666667
ihc_stg2_stereotypical_vs_rest,ihc__implicit_class=stereotypical vs rest,tfidf_word_lr,4,0,0.6907702790055732
ihc_stg2_stereotypical_vs_rest,ihc__implicit_class=stereotypical vs rest,tfidf_word_lr,5,0,0.6729727828961249
ihc_stg2_stereotypical_vs_rest,ihc__implicit_class=stereotypical vs rest,tfidf_word_lr,6,0,0.7222173692761928
ihc_stg2_stereotypical_vs_rest,ihc__implicit_class=stereotypical vs rest,tfidf_word_lr,7,0,0.7256681447229938
ihc_stg2_stereotypical_vs_rest,ihc__implicit_class=stereotypical vs rest,tfidf_word_lr,8,0,0.7324751861042184
ihc_stg2_stereotypical_vs_rest,ihc__implicit_class=stereotypical vs rest,tfidf_word_lr,9,0,0.7322105263157894
ihc_stg2_stereotypical_vs_rest,ihc__implicit_class=stereotypical vs rest,tfidf_char_svm,0,0,0.6985839131011734
ihc_stg2_stereotypical_vs_rest,ihc__implicit_class=stereotypical vs rest,tfidf_char_svm,1,0,0.7255562060889931
ihc_stg2_stereotypical_vs_rest,ihc__implicit_class=stereotypical vs rest,tfidf_char_svm,2,0,0.7194893893812505
ihc_stg2_stereotypical_vs_rest,ihc__implicit_class=stereotypical vs rest,tfidf_char_svm,3,0,0.7431820961232727
ihc_stg2_stereotypical_vs_rest,ihc__implicit_class=stereotypical vs rest,tfidf_char_svm,4,0,0.7221430607010544
ihc_stg2_stereotypical_vs_rest,ihc__implicit_class=stereotypical vs rest,tfidf_char_svm,5,0,0.6849610346542863
ihc_stg2_stereotypical_vs_rest,ihc__implicit_class=stereotypical vs rest,tfidf_char_svm,6,0,0.6456542675946284
ihc_stg2_stereotypical_vs_rest,ihc__implicit_class=stereotypical vs rest,tfidf_char_svm,7,0,0.7222173692761928
ihc_stg2_stereotypical_vs_rest,ihc__implicit_class=stereotypical vs rest,tfidf_char_svm,8,0,0.7714441991756363
ihc_stg2_stereotypical_vs_rest,ihc__implicit_class=stereotypical vs rest,tfidf_char_svm,9,0,0.6885674100863974
ihc_stg2_stereotypical_vs_rest,ihc__implicit_class=stereotypical vs rest,tfidf_nb,0,0,0.5838043366560477
ihc_stg2_stereotypical_vs_rest,ihc__implicit_class=stereotypical vs rest,tfidf_nb,1,0,0.6245906440533561
ihc_stg2_stereotypical_vs_rest,ihc__implicit_class=stereotypical vs rest,tfidf_nb,2,0,0.5896464646464646
ihc_stg2_stereotypical_vs_rest,ihc__implicit_class=stereotypical vs rest,tfidf_nb,3,0,0.6788696210661529
ihc_stg2_stereotypical_vs_rest,ihc__implicit_class=stereotypical vs rest,tfidf_nb,4,0,0.6419047619047619
ihc_stg2_stereotypical_vs_rest,ihc__implicit_class=stereotypical vs rest,tfidf_nb,5,0,0.6468594029569639
ihc_stg2_stereotypical_vs_rest,ihc__implicit_class=stereotypical vs rest,tfidf_nb,6,0,0.631594459180666
ihc_stg2_stereotypical_vs_rest,ihc__implicit_class=stereotypical vs rest,tfidf_nb,7,0,0.6349730575351991
ihc_stg2_stereotypical_vs_rest,ihc__implicit_class=stereotypical vs rest,tfidf_nb,8,0,0.6245906440533561
ihc_stg2_stereotypical_vs_rest,ihc__implicit_class=stereotypical vs rest,tfidf_nb,9,0,0.5961904761904762
ihc_stg2_stereotypical_vs_rest,ihc__implicit_class=stereotypical vs rest,svd_rf,0,0,0.5867016713888383
ihc_stg2_stereotypical_vs_rest,ihc__implicit_class=stereotypical vs rest,svd_rf,1,0,0.6118598382749326
ihc_stg2_stereotypical_vs_rest,ihc__implicit_class=stereotypical vs rest,svd_rf,2,0,0.6051636750581053
ihc_stg2_stereotypical_vs_rest,ihc__implicit_class=stereotypical vs rest,svd_rf,3,0,0.6685415829650462
ihc_stg2_stereotypical_vs_rest,ihc__implicit_class=stereotypical vs rest,svd_rf,4,0,0.5961904761904762
ihc_stg2_stereotypical_vs_rest,ihc__implicit_class=stereotypical vs rest,svd_rf,5,0,0.5896464646464646
ihc_stg2_stereotypical_vs_rest,ihc__implicit_class=stereotypical vs rest,svd_rf,6,0,0.6082764162314183
ihc_stg2_stereotypical_vs_rest,ihc__implicit_class=stereotypical vs rest,svd_rf,7,0,0.6086157778428606
ihc_stg2_stereotypical_vs_rest,ihc__implicit_class=stereotypical vs rest,svd_rf,8,0,0.6185316231755861
ihc_stg2_stereotypical_vs_rest,ihc__implicit_class=stereotypical vs rest,svd_rf,9,0,0.5687748783724016
ihc_stg2_stereotypical_vs_rest,ihc__implicit_class=stereotypical vs rest,svd_histgb,0,0,0.5555093447012035
ihc_stg2_stereotypical_vs_rest,ihc__implicit_class=stereotypical vs rest,svd_histgb,1,0,0.6603773584905661
ihc_stg2_stereotypical_vs_rest,ihc__implicit_class=stereotypical vs rest,svd_histgb,2,0,0.5715605835736888
ihc_stg2_stereotypical_vs_rest,ihc__implicit_class=stereotypical vs rest,svd_histgb,3,0,0.6608776076456685
ihc_stg2_stereotypical_vs_rest,ihc__implicit_class=stereotypical vs rest,svd_histgb,4,0,0.5926409116323651
ihc_stg2_stereotypical_vs_rest,ihc__implicit_class=stereotypical vs rest,svd_histgb,5,0,0.6212121212121212
ihc_stg2_stereotypical_vs_rest,ihc__implicit_class=stereotypical vs rest,svd_histgb,6,0,0.6022978347326557
ihc_stg2_stereotypical_vs_rest,ihc__implicit_class=stereotypical vs rest,svd_histgb,7,0,0.6419047619047619
ihc_stg2_stereotypical_vs_rest,ihc__implicit_class=stereotypical vs rest,svd_histgb,8,0,0.6051636750581053
ihc_stg2_stereotypical_vs_rest,ihc__implicit_class=stereotypical vs rest,svd_histgb,9,0,0.6054292929292929
ihc_stg2_stereotypical_vs_rest,ihc__implicit_class=stereotypical vs rest,svd_knn,0,0,0.59565962307253
ihc_stg2_stereotypical_vs_rest,ihc__implicit_class=stereotypical vs rest,svd_knn,1,0,0.6082764162314183
ihc_stg2_stereotypical_vs_rest,ihc__implicit_class=stereotypical vs rest,svd_knn,2,0,0.580952380952381
ihc_stg2_stereotypical_vs_rest,ihc__implicit_class=stereotypical vs rest,svd_knn,3,0,0.6916047972587094
ihc_stg2_stereotypical_vs_rest,ihc__implicit_class=stereotypical vs rest,svd_knn,4,0,0.6504854368932038
ihc_stg2_stereotypical_vs_rest,ihc__implicit_class=stereotypical vs rest,svd_knn,5,0,0.6200739986590846
ihc_stg2_stereotypical_vs_rest,ihc__implicit_class=stereotypical vs rest,svd_knn,6,0,0.663580993425537
ihc_stg2_stereotypical_vs_rest,ihc__implicit_class=stereotypical vs rest,svd_knn,7,0,0.6504854368932038
ihc_stg2_stereotypical_vs_rest,ihc__implicit_class=stereotypical vs rest,svd_knn,8,0,0.631594459180666
ihc_stg2_stereotypical_vs_rest,ihc__implicit_class=stereotypical vs rest,svd_knn,9,0,0.590275880906856
ihc_stg2_stereotypical_vs_rest,ihc__implicit_class=stereotypical vs rest,minilm_lr,0,0,0.7153159992408427
ihc_stg2_stereotypical_vs_rest,ihc__implicit_class=stereotypical vs rest,minilm_lr,1,0,0.6741022931888867
ihc_stg2_stereotypical_vs_rest,ihc__implicit_class=stereotypical vs rest,minilm_lr,2,0,0.6989247311827957
ihc_stg2_stereotypical_vs_rest,ihc__implicit_class=stereotypical vs rest,minilm_lr,3,0,0.7232302109600837
ihc_stg2_stereotypical_vs_rest,ihc__implicit_class=stereotypical vs rest,minilm_lr,4,0,0.7237784609622497
ihc_stg2_stereotypical_vs_rest,ihc__implicit_class=stereotypical vs rest,minilm_lr,5,0,0.6636986740119146
ihc_stg2_stereotypical_vs_rest,ihc__implicit_class=stereotypical vs rest,minilm_lr,6,0,0.6642020463180464
ihc_stg2_stereotypical_vs_rest,ihc__implicit_class=stereotypical vs rest,minilm_lr,7,0,0.649867374005305
ihc_stg2_stereotypical_vs_rest,ihc__implicit_class=stereotypical vs rest,minilm_lr,8,0,0.715370018975332
ihc_stg2_stereotypical_vs_rest,ihc__implicit_class=stereotypical vs rest,minilm_lr,9,0,0.6570655761459323
ihc_stg2_stereotypical_vs_rest,ihc__implicit_class=stereotypical vs rest,minilm_mlp,0,0,0.6767738956441434
ihc_stg2_stereotypical_vs_rest,ihc__implicit_class=stereotypical vs rest,minilm_mlp,1,0,0.7
ihc_stg2_stereotypical_vs_rest,ihc__implicit_class=stereotypical vs rest,minilm_mlp,2,0,0.7602016765387059
ihc_stg2_stereotypical_vs_rest,ihc__implicit_class=stereotypical vs rest,minilm_mlp,3,0,0.7271825396825397
ihc_stg2_stereotypical_vs_rest,ihc__implicit_class=stereotypical vs rest,minilm_mlp,4,0,0.7287157287157288
ihc_stg2_stereotypical_vs_rest,ihc__implicit_class=stereotypical vs rest,minilm_mlp,5,0,0.6918863402944198
ihc_stg2_stereotypical_vs_rest,ihc__implicit_class=stereotypical vs rest,minilm_mlp,6,0,0.6935904116727463
ihc_stg2_stereotypical_vs_rest,ihc__implicit_class=stereotypical vs rest,minilm_mlp,7,0,0.751285027358647
ihc_stg2_stereotypical_vs_rest,ihc__implicit_class=stereotypical vs rest,minilm_mlp,8,0,0.7304005477576172
ihc_stg2_stereotypical_vs_rest,ihc__implicit_class=stereotypical vs rest,minilm_mlp,9,0,0.7560766860664156
ihc_stg2_stereotypical_vs_rest,ihc__implicit_class=stereotypical vs rest,hatebert_lr,0,0,0.6698055521584934
ihc_stg2_stereotypical_vs_rest,ihc__implicit_class=stereotypical vs rest,hatebert_lr,1,0,0.7086851330667061
ihc_stg2_stereotypical_vs_rest,ihc__implicit_class=stereotypical vs rest,hatebert_lr,2,0,0.6835220479639919
ihc_stg2_stereotypical_vs_rest,ihc__implicit_class=stereotypical vs rest,hatebert_lr,3,0,0.7362683733033266
ihc_stg2_stereotypical_vs_rest,ihc__implicit_class=stereotypical vs rest,hatebert_lr,4,0,0.72095663003894
ihc_stg2_stereotypical_vs_rest,ihc__implicit_class=stereotypical vs rest,hatebert_lr,5,0,0.6698055521584934
ihc_stg2_stereotypical_vs_rest,ihc__implicit_class=stereotypical vs rest,hatebert_lr,6,0,0.6454195868222603
ihc_stg2_stereotypical_vs_rest,ihc__implicit_class=stereotypical vs rest,hatebert_lr,7,0,0.6517974778844344
ihc_stg2_stereotypical_vs_rest,ihc__implicit_class=stereotypical vs rest,hatebert_lr,8,0,0.7110719412694664
ihc_stg2_stereotypical_vs_rest,ihc__implicit_class=stereotypical vs rest,hatebert_lr,9,0,0.6268412438625205
ihc_stg2_stereotypical_vs_rest,ihc__implicit_class=stereotypical vs rest,mbert_lr,0,0,0.6062790816587411
ihc_stg2_stereotypical_vs_rest,ihc__implicit_class=stereotypical vs rest,mbert_lr,1,0,0.6212121212121212
ihc_stg2_stereotypical_vs_rest,ihc__implicit_class=stereotypical vs rest,mbert_lr,2,0,0.7183372183372183
ihc_stg2_stereotypical_vs_rest,ihc__implicit_class=stereotypical vs rest,mbert_lr,3,0,0.6604705398175458
ihc_stg2_stereotypical_vs_rest,ihc__implicit_class=stereotypical vs rest,mbert_lr,4,0,0.6210526315789473
ihc_stg2_stereotypical_vs_rest,ihc__implicit_class=stereotypical vs rest,mbert_lr,5,0,0.6468543881612138
ihc_stg2_stereotypical_vs_rest,ihc__implicit_class=stereotypical vs rest,mbert_lr,6,0,0.6917894736842105
ihc_stg2_stereotypical_vs_rest,ihc__implicit_class=stereotypical vs rest,mbert_lr,7,0,0.6440960490156328
ihc_stg2_stereotypical_vs_rest,ihc__implicit_class=stereotypical vs rest,mbert_lr,8,0,0.7187060478199718
ihc_stg2_stereotypical_vs_rest,ihc__implicit_class=stereotypical vs rest,mbert_lr,9,0,0.6940713130318588
ihc_stg2_threatening_vs_rest,ihc__implicit_class=threatening vs rest,tfidf_word_lr,0,0,0.7632575757575758
ihc_stg2_threatening_vs_rest,ihc__implicit_class=threatening vs rest,tfidf_word_lr,1,0,0.7461721116842708
ihc_stg2_threatening_vs_rest,ihc__implicit_class=threatening vs rest,tfidf_word_lr,2,0,0.7270671414831951
ihc_stg2_threatening_vs_rest,ihc__implicit_class=threatening vs rest,tfidf_word_lr,3,0,0.7789566755083996
ihc_stg2_threatening_vs_rest,ihc__implicit_class=threatening vs rest,tfidf_word_lr,4,0,0.791624655508503
ihc_stg2_threatening_vs_rest,ihc__implicit_class=threatening vs rest,tfidf_word_lr,5,0,0.7843393061583108
ihc_stg2_threatening_vs_rest,ihc__implicit_class=threatening vs rest,tfidf_word_lr,6,0,0.779047619047619
ihc_stg2_threatening_vs_rest,ihc__implicit_class=threatening vs rest,tfidf_word_lr,7,0,0.7115384615384616
ihc_stg2_threatening_vs_rest,ihc__implicit_class=threatening vs rest,tfidf_word_lr,8,0,0.7114709781393778
ihc_stg2_threatening_vs_rest,ihc__implicit_class=threatening vs rest,tfidf_word_lr,9,0,0.6905393457117595
ihc_stg2_threatening_vs_rest,ihc__implicit_class=threatening vs rest,tfidf_char_svm,0,0,0.7838278141545788
ihc_stg2_threatening_vs_rest,ihc__implicit_class=threatening vs rest,tfidf_char_svm,1,0,0.7462326513988533
ihc_stg2_threatening_vs_rest,ihc__implicit_class=threatening vs rest,tfidf_char_svm,2,0,0.7718908725934487
ihc_stg2_threatening_vs_rest,ihc__implicit_class=threatening vs rest,tfidf_char_svm,3,0,0.7843874391862008
ihc_stg2_threatening_vs_rest,ihc__implicit_class=threatening vs rest,tfidf_char_svm,4,0,0.7894517948584647
ihc_stg2_threatening_vs_rest,ihc__implicit_class=threatening vs rest,tfidf_char_svm,5,0,0.7962962962962963
ihc_stg2_threatening_vs_rest,ihc__implicit_class=threatening vs rest,tfidf_char_svm,6,0,0.7536421424009245
ihc_stg2_threatening_vs_rest,ihc__implicit_class=threatening vs rest,tfidf_char_svm,7,0,0.7201492537313433
ihc_stg2_threatening_vs_rest,ihc__implicit_class=threatening vs rest,tfidf_char_svm,8,0,0.7446373850868233
ihc_stg2_threatening_vs_rest,ihc__implicit_class=threatening vs rest,tfidf_char_svm,9,0,0.7086374886431279
ihc_stg2_threatening_vs_rest,ihc__implicit_class=threatening vs rest,tfidf_nb,0,0,0.6297819827231592
ihc_stg2_threatening_vs_rest,ihc__implicit_class=threatening vs rest,tfidf_nb,1,0,0.6276276276276276
ihc_stg2_threatening_vs_rest,ihc__implicit_class=threatening vs rest,tfidf_nb,2,0,0.6321124918247221
ihc_stg2_threatening_vs_rest,ihc__implicit_class=threatening vs rest,tfidf_nb,3,0,0.6159754224270353
ihc_stg2_threatening_vs_rest,ihc__implicit_class=threatening vs rest,tfidf_nb,4,0,0.6792107895553793
ihc_stg2_threatening_vs_rest,ihc__implicit_class=threatening vs rest,tfidf_nb,5,0,0.7302158273381295
ihc_stg2_threatening_vs_rest,ihc__implicit_class=threatening vs rest,tfidf_nb,6,0,0.6036036036036037
ihc_stg2_threatening_vs_rest,ihc__implicit_class=threatening vs rest,tfidf_nb,7,0,0.6516516516516516
ihc_stg2_threatening_vs_rest,ihc__implicit_class=threatening vs rest,tfidf_nb,8,0,0.6652687468739179
ihc_stg2_threatening_vs_rest,ihc__implicit_class=threatening vs rest,tfidf_nb,9,0,0.6075866579463702
ihc_stg2_threatening_vs_rest,ihc__implicit_class=threatening vs rest,svd_rf,0,0,0.6075866579463702
ihc_stg2_threatening_vs_rest,ihc__implicit_class=threatening vs rest,svd_rf,1,0,0.611707235606029
ihc_stg2_threatening_vs_rest,ihc__implicit_class=threatening vs rest,svd_rf,2,0,0.6603260869565217
ihc_stg2_threatening_vs_rest,ihc__implicit_class=threatening vs rest,svd_rf,3,0,0.7056159420289855
ihc_stg2_threatening_vs_rest,ihc__implicit_class=threatening vs rest,svd_rf,4,0,0.7576814965590772
ihc_stg2_threatening_vs_rest,ihc__implicit_class=threatening vs rest,svd_rf,5,0,0.7119118199657635
ihc_stg2_threatening_vs_rest,ihc__implicit_class=threatening vs rest,svd_rf,6,0,0.6892746169506054
ihc_stg2_threatening_vs_rest,ihc__implicit_class=threatening vs rest,svd_rf,7,0,0.6829710144927537
ihc_stg2_threatening_vs_rest,ihc__implicit_class=threatening vs rest,svd_rf,8,0,0.6190989188565272
ihc_stg2_threatening_vs_rest,ihc__implicit_class=threatening vs rest,svd_rf,9,0,0.6603260869565217
ihc_stg2_threatening_vs_rest,ihc__implicit_class=threatening vs rest,svd_histgb,0,0,0.6367583816959625
ihc_stg2_threatening_vs_rest,ihc__implicit_class=threatening vs rest,svd_histgb,1,0,0.5785727664356621
ihc_stg2_threatening_vs_rest,ihc__implicit_class=threatening vs rest,svd_histgb,2,0,0.6465814389807584
ihc_stg2_threatening_vs_rest,ihc__implicit_class=threatening vs rest,svd_histgb,3,0,0.6671786994367639
ihc_stg2_threatening_vs_rest,ihc__implicit_class=threatening vs rest,svd_histgb,4,0,0.6829710144927537
ihc_stg2_threatening_vs_rest,ihc__implicit_class=threatening vs rest,svd_histgb,5,0,0.6671786994367639
ihc_stg2_threatening_vs_rest,ihc__implicit_class=threatening vs rest,svd_histgb,6,0,0.6159754224270353
ihc_stg2_threatening_vs_rest,ihc__implicit_class=threatening vs rest,svd_histgb,7,0,0.6376811594202898
ihc_stg2_threatening_vs_rest,ihc__implicit_class=threatening vs rest,svd_histgb,8,0,0.590373783922171
ihc_stg2_threatening_vs_rest,ihc__implicit_class=threatening vs rest,svd_histgb,9,0,0.5982142857142857
ihc_stg2_threatening_vs_rest,ihc__implicit_class=threatening vs rest,svd_knn,0,0,0.6603260869565217
ihc_stg2_threatening_vs_rest,ihc__implicit_class=threatening vs rest,svd_knn,1,0,0.6367583816959625
ihc_stg2_threatening_vs_rest,ihc__implicit_class=threatening vs rest,svd_knn,2,0,0.6509090909090909
ihc_stg2_threatening_vs_rest,ihc__implicit_class=threatening vs rest,svd_knn,3,0,0.6841661987647389
ihc_stg2_threatening_vs_rest,ihc__implicit_class=threatening vs rest,svd_knn,4,0,0.7274350700209906
ihc_stg2_threatening_vs_rest,ihc__implicit_class=threatening vs rest,svd_knn,5,0,0.720602945741782
ihc_stg2_threatening_vs_rest,ihc__implicit_class=threatening vs rest,svd_knn,6,0,0.7327904313525895
ihc_stg2_threatening_vs_rest,ihc__implicit_class=threatening vs rest,svd_knn,7,0,0.611096707285455
ihc_stg2_threatening_vs_rest,ihc__implicit_class=threatening vs rest,svd_knn,8,0,0.633319752583429
ihc_stg2_threatening_vs_rest,ihc__implicit_class=threatening vs rest,svd_knn,9,0,0.6678452801885781
ihc_stg2_threatening_vs_rest,ihc__implicit_class=threatening vs rest,minilm_lr,0,0,0.7512162759840779
ihc_stg2_threatening_vs_rest,ihc__implicit_class=threatening vs rest,minilm_lr,1,0,0.7438730413820811
ihc_stg2_threatening_vs_rest,ihc__implicit_class=threatening vs rest,minilm_lr,2,0,0.7589393330654881
ihc_stg2_threatening_vs_rest,ihc__implicit_class=threatening vs rest,minilm_lr,3,0,0.7044649751058335
ihc_stg2_threatening_vs_rest,ihc__implicit_class=threatening vs rest,minilm_lr,4,0,0.778516057585825
ihc_stg2_threatening_vs_rest,ihc__implicit_class=threatening vs rest,minilm_lr,5,0,0.8003141723688064
ihc_stg2_threatening_vs_rest,ihc__implicit_class=threatening vs rest,minilm_lr,6,0,0.7133602106685931
ihc_stg2_threatening_vs_rest,ihc__implicit_class=threatening vs rest,minilm_lr,7,0,0.7632575757575758
ihc_stg2_threatening_vs_rest,ihc__implicit_class=threatening vs rest,minilm_lr,8,0,0.7273426394164666
ihc_stg2_threatening_vs_rest,ihc__implicit_class=threatening vs rest,minilm_lr,9,0,0.6843434343434343
ihc_stg2_threatening_vs_rest,ihc__implicit_class=threatening vs rest,minilm_mlp,0,0,0.7439600840336134
ihc_stg2_threatening_vs_rest,ihc__implicit_class=threatening vs rest,minilm_mlp,1,0,0.7826911800213859
ihc_stg2_threatening_vs_rest,ihc__implicit_class=threatening vs rest,minilm_mlp,2,0,0.770963226873648
ihc_stg2_threatening_vs_rest,ihc__implicit_class=threatening vs rest,minilm_mlp,3,0,0.789444132509826
ihc_stg2_threatening_vs_rest,ihc__implicit_class=threatening vs rest,minilm_mlp,4,0,0.8381100851421034
ihc_stg2_threatening_vs_rest,ihc__implicit_class=threatening vs rest,minilm_mlp,5,0,0.7321332904746598
ihc_stg2_threatening_vs_rest,ihc__implicit_class=threatening vs rest,minilm_mlp,6,0,0.7376399253731343
ihc_stg2_threatening_vs_rest,ihc__implicit_class=threatening vs rest,minilm_mlp,7,0,0.7327904313525895
ihc_stg2_threatening_vs_rest,ihc__implicit_class=threatening vs rest,minilm_mlp,8,0,0.7274350700209906
ihc_stg2_threatening_vs_rest,ihc__implicit_class=threatening vs rest,minilm_mlp,9,0,0.7557997557997558
ihc_stg2_threatening_vs_rest,ihc__implicit_class=threatening vs rest,hatebert_lr,0,0,0.7843278217109992
ihc_stg2_threatening_vs_rest,ihc__implicit_class=threatening vs rest,hatebert_lr,1,0,0.7153127246585191
ihc_stg2_threatening_vs_rest,ihc__implicit_class=threatening vs rest,hatebert_lr,2,0,0.7395760409957717
ihc_stg2_threatening_vs_rest,ihc__implicit_class=threatening vs rest,hatebert_lr,3,0,0.7740056247488951
ihc_stg2_threatening_vs_rest,ihc__implicit_class=threatening vs rest,hatebert_lr,4,0,0.7839636462963423
ihc_stg2_threatening_vs_rest,ihc__implicit_class=threatening vs rest,hatebert_lr,5,0,0.7670740474478792
ihc_stg2_threatening_vs_rest,ihc__implicit_class=threatening vs rest,hatebert_lr,6,0,0.7297961188897077
ihc_stg2_threatening_vs_rest,ihc__implicit_class=threatening vs rest,hatebert_lr,7,0,0.7692307692307692
ihc_stg2_threatening_vs_rest,ihc__implicit_class=threatening vs rest,hatebert_lr,8,0,0.7678018575851393
ihc_stg2_threatening_vs_rest,ihc__implicit_class=threatening vs rest,hatebert_lr,9,0,0.7843393061583108
ihc_stg2_threatening_vs_rest,ihc__implicit_class=threatening vs rest,mbert_lr,0,0,0.7364147075268244
ihc_stg2_threatening_vs_rest,ihc__implicit_class=threatening vs rest,mbert_lr,1,0,0.7250673854447439
ihc_stg2_threatening_vs_rest,ihc__implicit_class=threatening vs rest,mbert_lr,2,0,0.7412398921832883
ihc_stg2_threatening_vs_rest,ihc__implicit_class=threatening vs rest,mbert_lr,3,0,0.7225362244373651
ihc_stg2_threatening_vs_rest,ihc__implicit_class=threatening vs rest,mbert_lr,4,0,0.8084291187739463
ihc_stg2_threatening_vs_rest,ihc__implicit_class=threatening vs rest,mbert_lr,5,0,0.6851679104477613
ihc_stg2_threatening_vs_rest,ihc__implicit_class=threatening vs rest,mbert_lr,6,0,0.7028571428571428
ihc_stg2_threatening_vs_rest,ihc__implicit_class=threatening vs rest,mbert_lr,7,0,0.7159090909090908
ihc_stg2_threatening_vs_rest,ihc__implicit_class=threatening vs rest,mbert_lr,8,0,0.7426633048270126
ihc_stg2_threatening_vs_rest,ihc__implicit_class=threatening vs rest,mbert_lr,9,0,0.6896337678460583
ihc_stg2_white_grievance_vs_rest,ihc__implicit_class=white_grievance vs rest,tfidf_word_lr,0,0,0.7599359829287811
ihc_stg2_white_grievance_vs_rest,ihc__implicit_class=white_grievance vs rest,tfidf_word_lr,1,0,0.6705600479185385
ihc_stg2_white_grievance_vs_rest,ihc__implicit_class=white_grievance vs rest,tfidf_word_lr,2,0,0.7373461012311902
ihc_stg2_white_grievance_vs_rest,ihc__implicit_class=white_grievance vs rest,tfidf_word_lr,3,0,0.7251679529176615
ihc_stg2_white_grievance_vs_rest,ihc__implicit_class=white_grievance vs rest,tfidf_word_lr,4,0,0.7379302312037738
ihc_stg2_white_grievance_vs_rest,ihc__implicit_class=white_grievance vs rest,tfidf_word_lr,5,0,0.7366771159874608
ihc_stg2_white_grievance_vs_rest,ihc__implicit_class=white_grievance vs rest,tfidf_word_lr,6,0,0.7852058794625936
ihc_stg2_white_grievance_vs_rest,ihc__implicit_class=white_grievance vs rest,tfidf_word_lr,7,0,0.7247854945766554
ihc_stg2_white_grievance_vs_rest,ihc__implicit_class=white_grievance vs rest,tfidf_word_lr,8,0,0.7124978860138678
ihc_stg2_white_grievance_vs_rest,ihc__implicit_class=white_grievance vs rest,tfidf_word_lr,9,0,0.7220339920620652
ihc_stg2_white_grievance_vs_rest,ihc__implicit_class=white_grievance vs rest,tfidf_char_svm,0,0,0.7574497574497574
ihc_stg2_white_grievance_vs_rest,ihc__implicit_class=white_grievance vs rest,tfidf_char_svm,1,0,0.7589996210685865
ihc_stg2_white_grievance_vs_rest,ihc__implicit_class=white_grievance vs rest,tfidf_char_svm,2,0,0.7594363938369895
ihc_stg2_white_grievance_vs_rest,ihc__implicit_class=white_grievance vs rest,tfidf_char_svm,3,0,0.743385284523378
ihc_stg2_white_grievance_vs_rest,ihc__implicit_class=white_grievance vs rest,tfidf_char_svm,4,0,0.7199736805863721
ihc_stg2_white_grievance_vs_rest,ihc__implicit_class=white_grievance vs rest,tfidf_char_svm,5,0,0.7346660863949686
ihc_stg2_white_grievance_vs_rest,ihc__implicit_class=white_grievance vs rest,tfidf_char_svm,6,0,0.7607828923523016
ihc_stg2_white_grievance_vs_rest,ihc__implicit_class=white_grievance vs rest,tfidf_char_svm,7,0,0.7133444572797673
ihc_stg2_white_grievance_vs_rest,ihc__implicit_class=white_grievance vs rest,tfidf_char_svm,8,0,0.7544606318546407
ihc_stg2_white_grievance_vs_rest,ihc__implicit_class=white_grievance vs rest,tfidf_char_svm,9,0,0.7204589132840253
ihc_stg2_white_grievance_vs_rest,ihc__implicit_class=white_grievance vs rest,tfidf_nb,0,0,0.7184318821745723
ihc_stg2_white_grievance_vs_rest,ihc__implicit_class=white_grievance vs rest,tfidf_nb,1,0,0.6456542675946284
ihc_stg2_white_grievance_vs_rest,ihc__implicit_class=white_grievance vs rest,tfidf_nb,2,0,0.725325032045413
ihc_stg2_white_grievance_vs_rest,ihc__implicit_class=white_grievance vs rest,tfidf_nb,3,0,0.7395833333333334
ihc_stg2_white_grievance_vs_rest,ihc__implicit_class=white_grievance vs rest,tfidf_nb,4,0,0.6946117082765403
ihc_stg2_white_grievance_vs_rest,ihc__implicit_class=white_grievance vs rest,tfidf_nb,5,0,0.6802879155820333
ihc_stg2_white_grievance_vs_rest,ihc__implicit_class=white_grievance vs rest,tfidf_nb,6,0,0.6900826446280992
ihc_stg2_white_grievance_vs_rest,ihc__implicit_class=white_grievance vs rest,tfidf_nb,7,0,0.6396234872254595
ihc_stg2_white_grievance_vs_rest,ihc__implicit_class=white_grievance vs rest,tfidf_nb,8,0,0.6333358796119472
ihc_stg2_white_grievance_vs_rest,ihc__implicit_class=white_grievance vs rest,tfidf_nb,9,0,0.6426250812215724
ihc_stg2_white_grievance_vs_rest,ihc__implicit_class=white_grievance vs rest,svd_rf,0,0,0.7501761578374223
ihc_stg2_white_grievance_vs_rest,ihc__implicit_class=white_grievance vs rest,svd_rf,1,0,0.6698055521584934
ihc_stg2_white_grievance_vs_rest,ihc__implicit_class=white_grievance vs rest,svd_rf,2,0,0.717239141519492
ihc_stg2_white_grievance_vs_rest,ihc__implicit_class=white_grievance vs rest,svd_rf,3,0,0.7425053449648091
ihc_stg2_white_grievance_vs_rest,ihc__implicit_class=white_grievance vs rest,svd_rf,4,0,0.6986136226642556
ihc_stg2_white_grievance_vs_rest,ihc__implicit_class=white_grievance vs rest,svd_rf,5,0,0.6983177378943601
ihc_stg2_white_grievance_vs_rest,ihc__implicit_class=white_grievance vs rest,svd_rf,6,0,0.7383103737717869
ihc_stg2_white_grievance_vs_rest,ihc__implicit_class=white_grievance vs rest,svd_rf,7,0,0.6986136226642556
ihc_stg2_white_grievance_vs_rest,ihc__implicit_class=white_grievance vs rest,svd_rf,8,0,0.673907417312238
ihc_stg2_white_grievance_vs_rest,ihc__implicit_class=white_grievance vs rest,svd_rf,9,0,0.7084826762246117
ihc_stg2_white_grievance_vs_rest,ihc__implicit_class=white_grievance vs rest,svd_histgb,0,0,0.7504910548388809
ihc_stg2_white_grievance_vs_rest,ihc__implicit_class=white_grievance vs rest,svd_histgb,1,0,0.6849610346542863
ihc_stg2_white_grievance_vs_rest,ihc__implicit_class=white_grievance vs rest,svd_histgb,2,0,0.7423157894736843
ihc_stg2_white_grievance_vs_rest,ihc__implicit_class=white_grievance vs rest,svd_histgb,3,0,0.7383103737717869
ihc_stg2_white_grievance_vs_rest,ihc__implicit_class=white_grievance vs rest,svd_histgb,4,0,0.6761692413866327
ihc_stg2_white_grievance_vs_rest,ihc__implicit_class=white_grievance vs rest,svd_histgb,5,0,0.6960150334383464
ihc_stg2_white_grievance_vs_rest,ihc__implicit_class=white_grievance vs rest,svd_histgb,6,0,0.7530694835036696
ihc_stg2_white_grievance_vs_rest,ihc__implicit_class=white_grievance vs rest,svd_histgb,7,0,0.6804873035744315
ihc_stg2_white_grievance_vs_rest,ihc__implicit_class=white_grievance vs rest,svd_histgb,8,0,0.6761692413866327
ihc_stg2_white_grievance_vs_rest,ihc__implicit_class=white_grievance vs rest,svd_histgb,9,0,0.673907417312238
ihc_stg2_white_grievance_vs_rest,ihc__implicit_class=white_grievance vs rest,svd_knn,0,0,0.7524210526315789
ihc_stg2_white_grievance_vs_rest,ihc__implicit_class=white_grievance vs rest,svd_knn,1,0,0.6354166666666666
ihc_stg2_white_grievance_vs_rest,ihc__implicit_class=white_grievance vs rest,svd_knn,2,0,0.6798088410991636
ihc_stg2_white_grievance_vs_rest,ihc__implicit_class=white_grievance vs rest,svd_knn,3,0,0.6894409937888198
ihc_stg2_white_grievance_vs_rest,ihc__implicit_class=white_grievance vs rest,svd_knn,4,0,0.6925245019537505
ihc_stg2_white_grievance_vs_rest,ihc__implicit_class=white_grievance vs rest,svd_knn,5,0,0.7053661992239699
ihc_stg2_white_grievance_vs_rest,ihc__implicit_class=white_grievance vs rest,svd_knn,6,0,0.6810480828589067
ihc_stg2_white_grievance_vs_rest,ihc__implicit_class=white_grievance vs rest,svd_knn,7,0,0.6623411016949152
ihc_stg2_white_grievance_vs_rest,ihc__implicit_class=white_grievance vs rest,svd_knn,8,0,0.7086851330667061
ihc_stg2_white_grievance_vs_rest,ihc__implicit_class=white_grievance vs rest,svd_knn,9,0,0.6691848121265985
ihc_stg2_white_grievance_vs_rest,ihc__implicit_class=white_grievance vs rest,minilm_lr,0,0,0.7328800388538126
ihc_stg2_white_grievance_vs_rest,ihc__implicit_class=white_grievance vs rest,minilm_lr,1,0,0.6910995483188951
ihc_stg2_white_grievance_vs_rest,ihc__implicit_class=white_grievance vs rest,minilm_lr,2,0,0.7035372473636474
ihc_stg2_white_grievance_vs_rest,ihc__implicit_class=white_grievance vs rest,minilm_lr,3,0,0.756128866640996
ihc_stg2_white_grievance_vs_rest,ihc__implicit_class=white_grievance vs rest,minilm_lr,4,0,0.7409745831309698
ihc_stg2_white_grievance_vs_rest,ihc__implicit_class=white_grievance vs rest,minilm_lr,5,0,0.6972913472500688
ihc_stg2_white_grievance_vs_rest,ihc__implicit_class=white_grievance vs rest,minilm_lr,6,0,0.7683592817733851
ihc_stg2_white_grievance_vs_rest,ihc__implicit_class=white_grievance vs rest,minilm_lr,7,0,0.68749587942879
ihc_stg2_white_grievance_vs_rest,ihc__implicit_class=white_grievance vs rest,minilm_lr,8,0,0.7325938397543825
ihc_stg2_white_grievance_vs_rest,ihc__implicit_class=white_grievance vs rest,minilm_lr,9,0,0.7303809833930316
ihc_stg2_white_grievance_vs_rest,ihc__implicit_class=white_grievance vs rest,minilm_mlp,0,0,0.7391304347826086
ihc_stg2_white_grievance_vs_rest,ihc__implicit_class=white_grievance vs rest,minilm_mlp,1,0,0.7467144563918757
ihc_stg2_white_grievance_vs_rest,ihc__implicit_class=white_grievance vs rest,minilm_mlp,2,0,0.7398748246125711
ihc_stg2_white_grievance_vs_rest,ihc__implicit_class=white_grievance vs rest,minilm_mlp,3,0,0.7405675485234771
ihc_stg2_white_grievance_vs_rest,ihc__implicit_class=white_grievance vs rest,minilm_mlp,4,0,0.745906267645398
ihc_stg2_white_grievance_vs_rest,ihc__implicit_class=white_grievance vs rest,minilm_mlp,5,0,0.726509989338525
ihc_stg2_white_grievance_vs_rest,ihc__implicit_class=white_grievance vs rest,minilm_mlp,6,0,0.7863247863247863
ihc_stg2_white_grievance_vs_rest,ihc__implicit_class=white_grievance vs rest,minilm_mlp,7,0,0.7193892945507212
ihc_stg2_white_grievance_vs_rest,ihc__implicit_class=white_grievance vs rest,minilm_mlp,8,0,0.7545008183306056
ihc_stg2_white_grievance_vs_rest,ihc__implicit_class=white_grievance vs rest,minilm_mlp,9,0,0.7450516849765911
ihc_stg2_white_grievance_vs_rest,ihc__implicit_class=white_grievance vs rest,hatebert_lr,0,0,0.6948798328108673
ihc_stg2_white_grievance_vs_rest,ihc__implicit_class=white_grievance vs rest,hatebert_lr,1,0,0.6588563967935309
ihc_stg2_white_grievance_vs_rest,ihc__implicit_class=white_grievance vs rest,hatebert_lr,2,0,0.7047875754075215
ihc_stg2_white_grievance_vs_rest,ihc__implicit_class=white_grievance vs rest,hatebert_lr,3,0,0.6761363636363636
ihc_stg2_white_grievance_vs_rest,ihc__implicit_class=white_grievance vs rest,hatebert_lr,4,0,0.7314835533676438
ihc_stg2_white_grievance_vs_rest,ihc__implicit_class=white_grievance vs rest,hatebert_lr,5,0,0.6769312558786242
ihc_stg2_white_grievance_vs_rest,ihc__implicit_class=white_grievance vs rest,hatebert_lr,6,0,0.6981574086588278
ihc_stg2_white_grievance_vs_rest,ihc__implicit_class=white_grievance vs rest,hatebert_lr,7,0,0.6306429548563611
ihc_stg2_white_grievance_vs_rest,ihc__implicit_class=white_grievance vs rest,hatebert_lr,8,0,0.7346660863949686
ihc_stg2_white_grievance_vs_rest,ihc__implicit_class=white_grievance vs rest,hatebert_lr,9,0,0.7065855248858943
ihc_stg2_white_grievance_vs_rest,ihc__implicit_class=white_grievance vs rest,mbert_lr,0,0,0.687130052426856
ihc_stg2_white_grievance_vs_rest,ihc__implicit_class=white_grievance vs rest,mbert_lr,1,0,0.6462264150943396
ihc_stg2_white_grievance_vs_rest,ihc__implicit_class=white_grievance vs rest,mbert_lr,2,0,0.6353728412870137
ihc_stg2_white_grievance_vs_rest,ihc__implicit_class=white_grievance vs rest,mbert_lr,3,0,0.6858360742783818
ihc_stg2_white_grievance_vs_rest,ihc__implicit_class=white_grievance vs rest,mbert_lr,4,0,0.6751984898117818
ihc_stg2_white_grievance_vs_rest,ihc__implicit_class=white_grievance vs rest,mbert_lr,5,0,0.6805465281907317
ihc_stg2_white_grievance_vs_rest,ihc__implicit_class=white_grievance vs rest,mbert_lr,6,0,0.6321154023655375
ihc_stg2_white_grievance_vs_rest,ihc__implicit_class=white_grievance vs rest,mbert_lr,7,0,0.7096470780681308
ihc_stg2_white_grievance_vs_rest,ihc__implicit_class=white_grievance vs rest,mbert_lr,8,0,0.6830309974850817
ihc_stg2_white_grievance_vs_rest,ihc__implicit_class=white_grievance vs rest,mbert_lr,9,0,0.6523943892364945
ihc_target_black_vs_not,"ihc__target~=black (stg3, regex-normalized) vs stg1 not_hate",tfidf_word_lr,0,0,0.796037296037296
ihc_target_black_vs_not,"ihc__target~=black (stg3, regex-normalized) vs stg1 not_hate",tfidf_word_lr,1,0,0.8375233669351316
ihc_target_black_vs_not,"ihc__target~=black (stg3, regex-normalized) vs stg1 not_hate",tfidf_word_lr,2,0,0.8375233669351316
ihc_target_black_vs_not,"ihc__target~=black (stg3, regex-normalized) vs stg1 not_hate",tfidf_word_lr,3,0,0.8333333333333333
ihc_target_black_vs_not,"ihc__target~=black (stg3, regex-normalized) vs stg1 not_hate",tfidf_word_lr,4,0,0.8271860958870291
ihc_target_black_vs_not,"ihc__target~=black (stg3, regex-normalized) vs stg1 not_hate",tfidf_word_lr,5,0,0.7952422966156715
ihc_target_black_vs_not,"ihc__target~=black (stg3, regex-normalized) vs stg1 not_hate",tfidf_word_lr,6,0,0.8475196530224993
ihc_target_black_vs_not,"ihc__target~=black (stg3, regex-normalized) vs stg1 not_hate",tfidf_word_lr,7,0,0.8395417450266567
ihc_target_black_vs_not,"ihc__target~=black (stg3, regex-normalized) vs stg1 not_hate",tfidf_word_lr,8,0,0.8225011205737338
ihc_target_black_vs_not,"ihc__target~=black (stg3, regex-normalized) vs stg1 not_hate",tfidf_word_lr,9,0,0.7890146986426612
ihc_target_black_vs_not,"ihc__target~=black (stg3, regex-normalized) vs stg1 not_hate",tfidf_char_svm,0,0,0.8229166666666667
ihc_target_black_vs_not,"ihc__target~=black (stg3, regex-normalized) vs stg1 not_hate",tfidf_char_svm,1,0,0.8332586284177499
ihc_target_black_vs_not,"ihc__target~=black (stg3, regex-normalized) vs stg1 not_hate",tfidf_char_svm,2,0,0.8821603927986907
ihc_target_black_vs_not,"ihc__target~=black (stg3, regex-normalized) vs stg1 not_hate",tfidf_char_svm,3,0,0.8250908841484327
ihc_target_black_vs_not,"ihc__target~=black (stg3, regex-normalized) vs stg1 not_hate",tfidf_char_svm,4,0,0.8881810788831662
ihc_target_black_vs_not,"ihc__target~=black (stg3, regex-normalized) vs stg1 not_hate",tfidf_char_svm,5,0,0.7929606625258798
ihc_target_black_vs_not,"ihc__target~=black (stg3, regex-normalized) vs stg1 not_hate",tfidf_char_svm,6,0,0.849893890508808
ihc_target_black_vs_not,"ihc__target~=black (stg3, regex-normalized) vs stg1 not_hate",tfidf_char_svm,7,0,0.84375
ihc_target_black_vs_not,"ihc__target~=black (stg3, regex-normalized) vs stg1 not_hate",tfidf_char_svm,8,0,0.8165586400880519
ihc_target_black_vs_not,"ihc__target~=black (stg3, regex-normalized) vs stg1 not_hate",tfidf_char_svm,9,0,0.831211758914129
ihc_target_black_vs_not,"ihc__target~=black (stg3, regex-normalized) vs stg1 not_hate",tfidf_nb,0,0,0.724
ihc_target_black_vs_not,"ihc__target~=black (stg3, regex-normalized) vs stg1 not_hate",tfidf_nb,1,0,0.7464306110793832
ihc_target_black_vs_not,"ihc__target~=black (stg3, regex-normalized) vs stg1 not_hate",tfidf_nb,2,0,0.6935904116727463
ihc_target_black_vs_not,"ihc__target~=black (stg3, regex-normalized) vs stg1 not_hate",tfidf_nb,3,0,0.6846354385669835
ihc_target_black_vs_not,"ihc__target~=black (stg3, regex-normalized) vs stg1 not_hate",tfidf_nb,4,0,0.7399141111715961
ihc_target_black_vs_not,"ihc__target~=black (stg3, regex-normalized) vs stg1 not_hate",tfidf_nb,5,0,0.6882356683845517
ihc_target_black_vs_not,"ihc__target~=black (stg3, regex-normalized) vs stg1 not_hate",tfidf_nb,6,0,0.7479043266176139
ihc_target_black_vs_not,"ihc__target~=black (stg3, regex-normalized) vs stg1 not_hate",tfidf_nb,7,0,0.7350937683962662
ihc_target_black_vs_not,"ihc__target~=black (stg3, regex-normalized) vs stg1 not_hate",tfidf_nb,8,0,0.6775793650793651
ihc_target_black_vs_not,"ihc__target~=black (stg3, regex-normalized) vs stg1 not_hate",tfidf_nb,9,0,0.6878110578228215
ihc_target_black_vs_not,"ihc__target~=black (stg3, regex-normalized) vs stg1 not_hate",svd_rf,0,0,0.7224791859389454
ihc_target_black_vs_not,"ihc__target~=black (stg3, regex-normalized) vs stg1 not_hate",svd_rf,1,0,0.7936425221469516
ihc_target_black_vs_not,"ihc__target~=black (stg3, regex-normalized) vs stg1 not_hate",svd_rf,2,0,0.7391359674238086
ihc_target_black_vs_not,"ihc__target~=black (stg3, regex-normalized) vs stg1 not_hate",svd_rf,3,0,0.772
ihc_target_black_vs_not,"ihc__target~=black (stg3, regex-normalized) vs stg1 not_hate",svd_rf,4,0,0.7395833333333333
ihc_target_black_vs_not,"ihc__target~=black (stg3, regex-normalized) vs stg1 not_hate",svd_rf,5,0,0.7233096267754299
ihc_target_black_vs_not,"ihc__target~=black (stg3, regex-normalized) vs stg1 not_hate",svd_rf,6,0,0.7391359674238086
ihc_target_black_vs_not,"ihc__target~=black (stg3, regex-normalized) vs stg1 not_hate",svd_rf,7,0,0.7559313089557818
ihc_target_black_vs_not,"ihc__target~=black (stg3, regex-normalized) vs stg1 not_hate",svd_rf,8,0,0.7031597000813562
ihc_target_black_vs_not,"ihc__target~=black (stg3, regex-normalized) vs stg1 not_hate",svd_rf,9,0,0.700960743144366
ihc_target_black_vs_not,"ihc__target~=black (stg3, regex-normalized) vs stg1 not_hate",svd_histgb,0,0,0.7438816163915765
ihc_target_black_vs_not,"ihc__target~=black (stg3, regex-normalized) vs stg1 not_hate",svd_histgb,1,0,0.764586116943437
ihc_target_black_vs_not,"ihc__target~=black (stg3, regex-normalized) vs stg1 not_hate",svd_histgb,2,0,0.7304005477576172
ihc_target_black_vs_not,"ihc__target~=black (stg3, regex-normalized) vs stg1 not_hate",svd_histgb,3,0,0.7350937683962662
ihc_target_black_vs_not,"ihc__target~=black (stg3, regex-normalized) vs stg1 not_hate",svd_histgb,4,0,0.7311099531005733
ihc_target_black_vs_not,"ihc__target~=black (stg3, regex-normalized) vs stg1 not_hate",svd_histgb,5,0,0.7561229807191245
ihc_target_black_vs_not,"ihc__target~=black (stg3, regex-normalized) vs stg1 not_hate",svd_histgb,6,0,0.7603229333109074
ihc_target_black_vs_not,"ihc__target~=black (stg3, regex-normalized) vs stg1 not_hate",svd_histgb,7,0,0.7327241576242147
ihc_target_black_vs_not,"ihc__target~=black (stg3, regex-normalized) vs stg1 not_hate",svd_histgb,8,0,0.6937144886363636
ihc_target_black_vs_not,"ihc__target~=black (stg3, regex-normalized) vs stg1 not_hate",svd_histgb,9,0,0.6918863402944198
ihc_target_black_vs_not,"ihc__target~=black (stg3, regex-normalized) vs stg1 not_hate",svd_knn,0,0,0.7023809523809523
ihc_target_black_vs_not,"ihc__target~=black (stg3, regex-normalized) vs stg1 not_hate",svd_knn,1,0,0.6892362746021282
ihc_target_black_vs_not,"ihc__target~=black (stg3, regex-normalized) vs stg1 not_hate",svd_knn,2,0,0.7350937683962662
ihc_target_black_vs_not,"ihc__target~=black (stg3, regex-normalized) vs stg1 not_hate",svd_knn,3,0,0.6972500210243041
ihc_target_black_vs_not,"ihc__target~=black (stg3, regex-normalized) vs stg1 not_hate",svd_knn,4,0,0.7344502256093612
ihc_target_black_vs_not,"ihc__target~=black (stg3, regex-normalized) vs stg1 not_hate",svd_knn,5,0,0.6972500210243041
ihc_target_black_vs_not,"ihc__target~=black (stg3, regex-normalized) vs stg1 not_hate",svd_knn,6,0,0.6937144886363636
ihc_target_black_vs_not,"ihc__target~=black (stg3, regex-normalized) vs stg1 not_hate",svd_knn,7,0,0.7163526022999627
ihc_target_black_vs_not,"ihc__target~=black (stg3, regex-normalized) vs stg1 not_hate",svd_knn,8,0,0.6240022867697179
ihc_target_black_vs_not,"ihc__target~=black (stg3, regex-normalized) vs stg1 not_hate",svd_knn,9,0,0.643745378772602
ihc_target_black_vs_not,"ihc__target~=black (stg3, regex-normalized) vs stg1 not_hate",minilm_lr,0,0,0.7545008183306056
ihc_target_black_vs_not,"ihc__target~=black (stg3, regex-normalized) vs stg1 not_hate",minilm_lr,1,0,0.7741407528641571
ihc_target_black_vs_not,"ihc__target~=black (stg3, regex-normalized) vs stg1 not_hate",minilm_lr,2,0,0.8155476029070958
ihc_target_black_vs_not,"ihc__target~=black (stg3, regex-normalized) vs stg1 not_hate",minilm_lr,3,0,0.7852541159627774
ihc_target_black_vs_not,"ihc__target~=black (stg3, regex-normalized) vs stg1 not_hate",minilm_lr,4,0,0.811627569995653
ihc_target_black_vs_not,"ihc__target~=black (stg3, regex-normalized) vs stg1 not_hate",minilm_lr,5,0,0.7705956709686481
ihc_target_black_vs_not,"ihc__target~=black (stg3, regex-normalized) vs stg1 not_hate",minilm_lr,6,0,0.8494259363824581
ihc_target_black_vs_not,"ihc__target~=black (stg3, regex-normalized) vs stg1 not_hate",minilm_lr,7,0,0.7886105950932035
ihc_target_black_vs_not,"ihc__target~=black (stg3, regex-normalized) vs stg1 not_hate",minilm_lr,8,0,0.8078278137210941
ihc_target_black_vs_not,"ihc__target~=black (stg3, regex-normalized) vs stg1 not_hate",minilm_lr,9,0,0.7863247863247863
ihc_target_black_vs_not,"ihc__target~=black (stg3, regex-normalized) vs stg1 not_hate",minilm_mlp,0,0,0.8107606679035251
ihc_target_black_vs_not,"ihc__target~=black (stg3, regex-normalized) vs stg1 not_hate",minilm_mlp,1,0,0.8065550212789476
ihc_target_black_vs_not,"ihc__target~=black (stg3, regex-normalized) vs stg1 not_hate",minilm_mlp,2,0,0.8523102890498628
ihc_target_black_vs_not,"ihc__target~=black (stg3, regex-normalized) vs stg1 not_hate",minilm_mlp,3,0,0.8165586400880519
ihc_target_black_vs_not,"ihc__target~=black (stg3, regex-normalized) vs stg1 not_hate",minilm_mlp,4,0,0.8354302702128789
ihc_target_black_vs_not,"ihc__target~=black (stg3, regex-normalized) vs stg1 not_hate",minilm_mlp,5,0,0.7914227166276346
ihc_target_black_vs_not,"ihc__target~=black (stg3, regex-normalized) vs stg1 not_hate",minilm_mlp,6,0,0.8794528206292913
ihc_target_black_vs_not,"ihc__target~=black (stg3, regex-normalized) vs stg1 not_hate",minilm_mlp,7,0,0.8464484085609751
ihc_target_black_vs_not,"ihc__target~=black (stg3, regex-normalized) vs stg1 not_hate",minilm_mlp,8,0,0.8375568551007146
ihc_target_black_vs_not,"ihc__target~=black (stg3, regex-normalized) vs stg1 not_hate",minilm_mlp,9,0,0.8009516407271899
ihc_target_black_vs_not,"ihc__target~=black (stg3, regex-normalized) vs stg1 not_hate",hatebert_lr,0,0,0.7622971602434077
ihc_target_black_vs_not,"ihc__target~=black (stg3, regex-normalized) vs stg1 not_hate",hatebert_lr,1,0,0.725325032045413
ihc_target_black_vs_not,"ihc__target~=black (stg3, regex-normalized) vs stg1 not_hate",hatebert_lr,2,0,0.7536668223020077
ihc_target_black_vs_not,"ihc__target~=black (stg3, regex-normalized) vs stg1 not_hate",hatebert_lr,3,0,0.7417902542372881
ihc_target_black_vs_not,"ihc__target~=black (stg3, regex-normalized) vs stg1 not_hate",hatebert_lr,4,0,0.7377622377622377
ihc_target_black_vs_not,"ihc__target~=black (stg3, regex-normalized) vs stg1 not_hate",hatebert_lr,5,0,0.715370018975332
ihc_target_black_vs_not,"ihc__target~=black (stg3, regex-normalized) vs stg1 not_hate",hatebert_lr,6,0,0.7729870715332228
ihc_target_black_vs_not,"ihc__target~=black (stg3, regex-normalized) vs stg1 not_hate",hatebert_lr,7,0,0.78125
ihc_target_black_vs_not,"ihc__target~=black (stg3, regex-normalized) vs stg1 not_hate",hatebert_lr,8,0,0.7952422966156715
ihc_target_black_vs_not,"ihc__target~=black (stg3, regex-normalized) vs stg1 not_hate",hatebert_lr,9,0,0.7392238073324129
ihc_target_black_vs_not,"ihc__target~=black (stg3, regex-normalized) vs stg1 not_hate",mbert_lr,0,0,0.7232302109600837
ihc_target_black_vs_not,"ihc__target~=black (stg3, regex-normalized) vs stg1 not_hate",mbert_lr,1,0,0.7440066976864002
ihc_target_black_vs_not,"ihc__target~=black (stg3, regex-normalized) vs stg1 not_hate",mbert_lr,2,0,0.7111801242236024
ihc_target_black_vs_not,"ihc__target~=black (stg3, regex-normalized) vs stg1 not_hate",mbert_lr,3,0,0.7052484787018256
ihc_target_black_vs_not,"ihc__target~=black (stg3, regex-normalized) vs stg1 not_hate",mbert_lr,4,0,0.717673630717109
ihc_target_black_vs_not,"ihc__target~=black (stg3, regex-normalized) vs stg1 not_hate",mbert_lr,5,0,0.7086598352421137
ihc_target_black_vs_not,"ihc__target~=black (stg3, regex-normalized) vs stg1 not_hate",mbert_lr,6,0,0.707167635266027
ihc_target_black_vs_not,"ihc__target~=black (stg3, regex-normalized) vs stg1 not_hate",mbert_lr,7,0,0.7580605342418407
ihc_target_black_vs_not,"ihc__target~=black (stg3, regex-normalized) vs stg1 not_hate",mbert_lr,8,0,0.7851115498174321
ihc_target_black_vs_not,"ihc__target~=black (stg3, regex-normalized) vs stg1 not_hate",mbert_lr,9,0,0.6957060746083624
ihc_target_immigrant_vs_not,"ihc__target~=immigrant (stg3, regex-normalized) vs stg1 not_hate",tfidf_word_lr,0,0,0.8723404255319149
ihc_target_immigrant_vs_not,"ihc__target~=immigrant (stg3, regex-normalized) vs stg1 not_hate",tfidf_word_lr,1,0,0.8191681735985534
ihc_target_immigrant_vs_not,"ihc__target~=immigrant (stg3, regex-normalized) vs stg1 not_hate",tfidf_word_lr,2,0,0.7661968013011656
ihc_target_immigrant_vs_not,"ihc__target~=immigrant (stg3, regex-normalized) vs stg1 not_hate",tfidf_word_lr,3,0,0.8480057303586716
ihc_target_immigrant_vs_not,"ihc__target~=immigrant (stg3, regex-normalized) vs stg1 not_hate",tfidf_word_lr,4,0,0.8655311519497983
ihc_target_immigrant_vs_not,"ihc__target~=immigrant (stg3, regex-normalized) vs stg1 not_hate",tfidf_word_lr,5,0,0.8808750270738575
ihc_target_immigrant_vs_not,"ihc__target~=immigrant (stg3, regex-normalized) vs stg1 not_hate",tfidf_word_lr,6,0,0.8517154982870584
ihc_target_immigrant_vs_not,"ihc__target~=immigrant (stg3, regex-normalized) vs stg1 not_hate",tfidf_word_lr,7,0,0.8270410035115918
ihc_target_immigrant_vs_not,"ihc__target~=immigrant (stg3, regex-normalized) vs stg1 not_hate",tfidf_word_lr,8,0,0.811627569995653
ihc_target_immigrant_vs_not,"ihc__target~=immigrant (stg3, regex-normalized) vs stg1 not_hate",tfidf_word_lr,9,0,0.8091219610206952
ihc_target_immigrant_vs_not,"ihc__target~=immigrant (stg3, regex-normalized) vs stg1 not_hate",tfidf_char_svm,0,0,0.9130746024441376
ihc_target_immigrant_vs_not,"ihc__target~=immigrant (stg3, regex-normalized) vs stg1 not_hate",tfidf_char_svm,1,0,0.8705981814731103
ihc_target_immigrant_vs_not,"ihc__target~=immigrant (stg3, regex-normalized) vs stg1 not_hate",tfidf_char_svm,2,0,0.8902224824355971
ihc_target_immigrant_vs_not,"ihc__target~=immigrant (stg3, regex-normalized) vs stg1 not_hate",tfidf_char_svm,3,0,0.9182279079064528
ihc_target_immigrant_vs_not,"ihc__target~=immigrant (stg3, regex-normalized) vs stg1 not_hate",tfidf_char_svm,4,0,0.8958333333333334
ihc_target_immigrant_vs_not,"ihc__target~=immigrant (stg3, regex-normalized) vs stg1 not_hate",tfidf_char_svm,5,0,0.923155737704918
ihc_target_immigrant_vs_not,"ihc__target~=immigrant (stg3, regex-normalized) vs stg1 not_hate",tfidf_char_svm,6,0,0.900417547476371
ihc_target_immigrant_vs_not,"ihc__target~=immigrant (stg3, regex-normalized) vs stg1 not_hate",tfidf_char_svm,7,0,0.844016136261766
ihc_target_immigrant_vs_not,"ihc__target~=immigrant (stg3, regex-normalized) vs stg1 not_hate",tfidf_char_svm,8,0,0.8881810788831662
ihc_target_immigrant_vs_not,"ihc__target~=immigrant (stg3, regex-normalized) vs stg1 not_hate",tfidf_char_svm,9,0,0.8991346817433774
ihc_target_immigrant_vs_not,"ihc__target~=immigrant (stg3, regex-normalized) vs stg1 not_hate",tfidf_nb,0,0,0.8855190710690338
ihc_target_immigrant_vs_not,"ihc__target~=immigrant (stg3, regex-normalized) vs stg1 not_hate",tfidf_nb,1,0,0.8486518806405202
ihc_target_immigrant_vs_not,"ihc__target~=immigrant (stg3, regex-normalized) vs stg1 not_hate",tfidf_nb,2,0,0.8255272952853598
ihc_target_immigrant_vs_not,"ihc__target~=immigrant (stg3, regex-normalized) vs stg1 not_hate",tfidf_nb,3,0,0.8066066300716923
ihc_target_immigrant_vs_not,"ihc__target~=immigrant (stg3, regex-normalized) vs stg1 not_hate",tfidf_nb,4,0,0.8464446019371604
ihc_target_immigrant_vs_not,"ihc__target~=immigrant (stg3, regex-normalized) vs stg1 not_hate",tfidf_nb,5,0,0.8216884261441659
ihc_target_immigrant_vs_not,"ihc__target~=immigrant (stg3, regex-normalized) vs stg1 not_hate",tfidf_nb,6,0,0.826727312107429
ihc_target_immigrant_vs_not,"ihc__target~=immigrant (stg3, regex-normalized) vs stg1 not_hate",tfidf_nb,7,0,0.7755728797543113
ihc_target_immigrant_vs_not,"ihc__target~=immigrant (stg3, regex-normalized) vs stg1 not_hate",tfidf_nb,8,0,0.7518037518037518
ihc_target_immigrant_vs_not,"ihc__target~=immigrant (stg3, regex-normalized) vs stg1 not_hate",tfidf_nb,9,0,0.8009516407271899
ihc_target_immigrant_vs_not,"ihc__target~=immigrant (stg3, regex-normalized) vs stg1 not_hate",svd_rf,0,0,0.8273775273318915
ihc_target_immigrant_vs_not,"ihc__target~=immigrant (stg3, regex-normalized) vs stg1 not_hate",svd_rf,1,0,0.7873848334514528
ihc_target_immigrant_vs_not,"ihc__target~=immigrant (stg3, regex-normalized) vs stg1 not_hate",svd_rf,2,0,0.7316855028864135
ihc_target_immigrant_vs_not,"ihc__target~=immigrant (stg3, regex-normalized) vs stg1 not_hate",svd_rf,3,0,0.7214965780781105
ihc_target_immigrant_vs_not,"ihc__target~=immigrant (stg3, regex-normalized) vs stg1 not_hate",svd_rf,4,0,0.7992184632656145
ihc_target_immigrant_vs_not,"ihc__target~=immigrant (stg3, regex-normalized) vs stg1 not_hate",svd_rf,5,0,0.7862648157343639
ihc_target_immigrant_vs_not,"ihc__target~=immigrant (stg3, regex-normalized) vs stg1 not_hate",svd_rf,6,0,0.8170582974225546
ihc_target_immigrant_vs_not,"ihc__target~=immigrant (stg3, regex-normalized) vs stg1 not_hate",svd_rf,7,0,0.6972500210243041
ihc_target_immigrant_vs_not,"ihc__target~=immigrant (stg3, regex-normalized) vs stg1 not_hate",svd_rf,8,0,0.7479043266176139
ihc_target_immigrant_vs_not,"ihc__target~=immigrant (stg3, regex-normalized) vs stg1 not_hate",svd_rf,9,0,0.7603229333109074
ihc_target_immigrant_vs_not,"ihc__target~=immigrant (stg3, regex-normalized) vs stg1 not_hate",svd_histgb,0,0,0.8273775273318915
ihc_target_immigrant_vs_not,"ihc__target~=immigrant (stg3, regex-normalized) vs stg1 not_hate",svd_histgb,1,0,0.7682738434019025
ihc_target_immigrant_vs_not,"ihc__target~=immigrant (stg3, regex-normalized) vs stg1 not_hate",svd_histgb,2,0,0.7643849206349207
ihc_target_immigrant_vs_not,"ihc__target~=immigrant (stg3, regex-normalized) vs stg1 not_hate",svd_histgb,3,0,0.7378503730590844
ihc_target_immigrant_vs_not,"ihc__target~=immigrant (stg3, regex-normalized) vs stg1 not_hate",svd_histgb,4,0,0.7945908935296131
ihc_target_immigrant_vs_not,"ihc__target~=immigrant (stg3, regex-normalized) vs stg1 not_hate",svd_histgb,5,0,0.7733111682031132
ihc_target_immigrant_vs_not,"ihc__target~=immigrant (stg3, regex-normalized) vs stg1 not_hate",svd_histgb,6,0,0.8003992015968064
ihc_target_immigrant_vs_not,"ihc__target~=immigrant (stg3, regex-normalized) vs stg1 not_hate",svd_histgb,7,0,0.7163526022999627
ihc_target_immigrant_vs_not,"ihc__target~=immigrant (stg3, regex-normalized) vs stg1 not_hate",svd_histgb,8,0,0.76
ihc_target_immigrant_vs_not,"ihc__target~=immigrant (stg3, regex-normalized) vs stg1 not_hate",svd_histgb,9,0,0.7603229333109074
ihc_target_immigrant_vs_not,"ihc__target~=immigrant (stg3, regex-normalized) vs stg1 not_hate",svd_knn,0,0,0.8218923933209648
ihc_target_immigrant_vs_not,"ihc__target~=immigrant (stg3, regex-normalized) vs stg1 not_hate",svd_knn,1,0,0.7813860498140848
ihc_target_immigrant_vs_not,"ihc__target~=immigrant (stg3, regex-normalized) vs stg1 not_hate",svd_knn,2,0,0.7321375424115558
ihc_target_immigrant_vs_not,"ihc__target~=immigrant (stg3, regex-normalized) vs stg1 not_hate",svd_knn,3,0,0.724
ihc_target_immigrant_vs_not,"ihc__target~=immigrant (stg3, regex-normalized) vs stg1 not_hate",svd_knn,4,0,0.7603229333109074
ihc_target_immigrant_vs_not,"ihc__target~=immigrant (stg3, regex-normalized) vs stg1 not_hate",svd_knn,5,0,0.7767857142857143
ihc_target_immigrant_vs_not,"ihc__target~=immigrant (stg3, regex-normalized) vs stg1 not_hate",svd_knn,6,0,0.7682738434019025
ihc_target_immigrant_vs_not,"ihc__target~=immigrant (stg3, regex-normalized) vs stg1 not_hate",svd_knn,7,0,0.6829010488657614
ihc_target_immigrant_vs_not,"ihc__target~=immigrant (stg3, regex-normalized) vs stg1 not_hate",svd_knn,8,0,0.6810772501771793
ihc_target_immigrant_vs_not,"ihc__target~=immigrant (stg3, regex-normalized) vs stg1 not_hate",svd_knn,9,0,0.7356069766965219
ihc_target_immigrant_vs_not,"ihc__target~=immigrant (stg3, regex-normalized) vs stg1 not_hate",minilm_lr,0,0,0.8523894458453779
ihc_target_immigrant_vs_not,"ihc__target~=immigrant (stg3, regex-normalized) vs stg1 not_hate",minilm_lr,1,0,0.8609639830508475
ihc_target_immigrant_vs_not,"ihc__target~=immigrant (stg3, regex-normalized) vs stg1 not_hate",minilm_lr,2,0,0.8231780167264038
ihc_target_immigrant_vs_not,"ihc__target~=immigrant (stg3, regex-normalized) vs stg1 not_hate",minilm_lr,3,0,0.8433684210526315
ihc_target_immigrant_vs_not,"ihc__target~=immigrant (stg3, regex-normalized) vs stg1 not_hate",minilm_lr,4,0,0.8527004909983633
ihc_target_immigrant_vs_not,"ihc__target~=immigrant (stg3, regex-normalized) vs stg1 not_hate",minilm_lr,5,0,0.8375233669351316
ihc_target_immigrant_vs_not,"ihc__target~=immigrant (stg3, regex-normalized) vs stg1 not_hate",minilm_lr,6,0,0.870895127118644
ihc_target_immigrant_vs_not,"ihc__target~=immigrant (stg3, regex-normalized) vs stg1 not_hate",minilm_lr,7,0,0.8348873348873349
ihc_target_immigrant_vs_not,"ihc__target~=immigrant (stg3, regex-normalized) vs stg1 not_hate",minilm_lr,8,0,0.8052304772685654
ihc_target_immigrant_vs_not,"ihc__target~=immigrant (stg3, regex-normalized) vs stg1 not_hate",minilm_lr,9,0,0.8052304772685654
ihc_target_immigrant_vs_not,"ihc__target~=immigrant (stg3, regex-normalized) vs stg1 not_hate",minilm_mlp,0,0,0.9085117918134996
ihc_target_immigrant_vs_not,"ihc__target~=immigrant (stg3, regex-normalized) vs stg1 not_hate",minilm_mlp,1,0,0.8945073493213307
ihc_target_immigrant_vs_not,"ihc__target~=immigrant (stg3, regex-normalized) vs stg1 not_hate",minilm_mlp,2,0,0.8572892271662764
ihc_target_immigrant_vs_not,"ihc__target~=immigrant (stg3, regex-normalized) vs stg1 not_hate",minilm_mlp,3,0,0.8998144712430427
ihc_target_immigrant_vs_not,"ihc__target~=immigrant (stg3, regex-normalized) vs stg1 not_hate",minilm_mlp,4,0,0.8998144712430427
ihc_target_immigrant_vs_not,"ihc__target~=immigrant (stg3, regex-normalized) vs stg1 not_hate",minilm_mlp,5,0,0.8792447306791569
ihc_target_immigrant_vs_not,"ihc__target~=immigrant (stg3, regex-normalized) vs stg1 not_hate",minilm_mlp,6,0,0.8926215677251113
ihc_target_immigrant_vs_not,"ihc__target~=immigrant (stg3, regex-normalized) vs stg1 not_hate",minilm_mlp,7,0,0.9085611833258629
ihc_target_immigrant_vs_not,"ihc__target~=immigrant (stg3, regex-normalized) vs stg1 not_hate",minilm_mlp,8,0,0.8483863980940005
ihc_target_immigrant_vs_not,"ihc__target~=immigrant (stg3, regex-normalized) vs stg1 not_hate",minilm_mlp,9,0,0.8824451410658307
ihc_target_immigrant_vs_not,"ihc__target~=immigrant (stg3, regex-normalized) vs stg1 not_hate",hatebert_lr,0,0,0.8416149068322981
ihc_target_immigrant_vs_not,"ihc__target~=immigrant (stg3, regex-normalized) vs stg1 not_hate",hatebert_lr,1,0,0.8559571987104739
ihc_target_immigrant_vs_not,"ihc__target~=immigrant (stg3, regex-normalized) vs stg1 not_hate",hatebert_lr,2,0,0.806076276664512
ihc_target_immigrant_vs_not,"ihc__target~=immigrant (stg3, regex-normalized) vs stg1 not_hate",hatebert_lr,3,0,0.798133163098052
ihc_target_immigrant_vs_not,"ihc__target~=immigrant (stg3, regex-normalized) vs stg1 not_hate",hatebert_lr,4,0,0.8250908841484327
ihc_target_immigrant_vs_not,"ihc__target~=immigrant (stg3, regex-normalized) vs stg1 not_hate",hatebert_lr,5,0,0.8310043430066689
ihc_target_immigrant_vs_not,"ihc__target~=immigrant (stg3, regex-normalized) vs stg1 not_hate",hatebert_lr,6,0,0.8188374540623544
ihc_target_immigrant_vs_not,"ihc__target~=immigrant (stg3, regex-normalized) vs stg1 not_hate",hatebert_lr,7,0,0.7536668223020077
ihc_target_immigrant_vs_not,"ihc__target~=immigrant (stg3, regex-normalized) vs stg1 not_hate",hatebert_lr,8,0,0.8193329969563307
ihc_target_immigrant_vs_not,"ihc__target~=immigrant (stg3, regex-normalized) vs stg1 not_hate",hatebert_lr,9,0,0.8619420156465716
ihc_target_immigrant_vs_not,"ihc__target~=immigrant (stg3, regex-normalized) vs stg1 not_hate",mbert_lr,0,0,0.820966779391287
ihc_target_immigrant_vs_not,"ihc__target~=immigrant (stg3, regex-normalized) vs stg1 not_hate",mbert_lr,1,0,0.8013771186440678
ihc_target_immigrant_vs_not,"ihc__target~=immigrant (stg3, regex-normalized) vs stg1 not_hate",mbert_lr,2,0,0.8091219610206952
ihc_target_immigrant_vs_not,"ihc__target~=immigrant (stg3, regex-normalized) vs stg1 not_hate",mbert_lr,3,0,0.7689371107092626
ihc_target_immigrant_vs_not,"ihc__target~=immigrant (stg3, regex-normalized) vs stg1 not_hate",mbert_lr,4,0,0.7966928706966657
ihc_target_immigrant_vs_not,"ihc__target~=immigrant (stg3, regex-normalized) vs stg1 not_hate",mbert_lr,5,0,0.8188374540623544
ihc_target_immigrant_vs_not,"ihc__target~=immigrant (stg3, regex-normalized) vs stg1 not_hate",mbert_lr,6,0,0.8559571987104739
ihc_target_immigrant_vs_not,"ihc__target~=immigrant (stg3, regex-normalized) vs stg1 not_hate",mbert_lr,7,0,0.8095672130080243
ihc_target_immigrant_vs_not,"ihc__target~=immigrant (stg3, regex-normalized) vs stg1 not_hate",mbert_lr,8,0,0.7616525423728814
ihc_target_immigrant_vs_not,"ihc__target~=immigrant (stg3, regex-normalized) vs stg1 not_hate",mbert_lr,9,0,0.7952422966156715
ihc_target_jewish_vs_not,"ihc__target~=jewish (stg3, regex-normalized) vs stg1 not_hate",tfidf_word_lr,0,0,0.9282890007189073
ihc_target_jewish_vs_not,"ihc__target~=jewish (stg3, regex-normalized) vs stg1 not_hate",tfidf_word_lr,1,0,0.9095238095238095
ihc_target_jewish_vs_not,"ihc__target~=jewish (stg3, regex-normalized) vs stg1 not_hate",tfidf_word_lr,2,0,0.9321428571428572
ihc_target_jewish_vs_not,"ihc__target~=jewish (stg3, regex-normalized) vs stg1 not_hate",tfidf_word_lr,3,0,0.9197759586385179
ihc_target_jewish_vs_not,"ihc__target~=jewish (stg3, regex-normalized) vs stg1 not_hate",tfidf_word_lr,4,0,0.9043853342918764
ihc_target_jewish_vs_not,"ihc__target~=jewish (stg3, regex-normalized) vs stg1 not_hate",tfidf_word_lr,5,0,0.9571880264949573
ihc_target_jewish_vs_not,"ihc__target~=jewish (stg3, regex-normalized) vs stg1 not_hate",tfidf_word_lr,6,0,0.8890697674418604
ihc_target_jewish_vs_not,"ihc__target~=jewish (stg3, regex-normalized) vs stg1 not_hate",tfidf_word_lr,7,0,0.8584905660377359
ihc_target_jewish_vs_not,"ihc__target~=jewish (stg3, regex-normalized) vs stg1 not_hate",tfidf_word_lr,8,0,0.8715640794848716
ihc_target_jewish_vs_not,"ihc__target~=jewish (stg3, regex-normalized) vs stg1 not_hate",tfidf_word_lr,9,0,0.8748110355253212
ihc_target_jewish_vs_not,"ihc__target~=jewish (stg3, regex-normalized) vs stg1 not_hate",tfidf_char_svm,0,0,0.9337814289270601
ihc_target_jewish_vs_not,"ihc__target~=jewish (stg3, regex-normalized) vs stg1 not_hate",tfidf_char_svm,1,0,0.907058001397624
ihc_target_jewish_vs_not,"ihc__target~=jewish (stg3, regex-normalized) vs stg1 not_hate",tfidf_char_svm,2,0,0.9146177055915774
ihc_target_jewish_vs_not,"ihc__target~=jewish (stg3, regex-normalized) vs stg1 not_hate",tfidf_char_svm,3,0,0.9019237859760991
ihc_target_jewish_vs_not,"ihc__target~=jewish (stg3, regex-normalized) vs stg1 not_hate",tfidf_char_svm,4,0,0.9197759586385179
ihc_target_jewish_vs_not,"ihc__target~=jewish (stg3, regex-normalized) vs stg1 not_hate",tfidf_char_svm,5,0,0.9327240416349327
ihc_target_jewish_vs_not,"ihc__target~=jewish (stg3, regex-normalized) vs stg1 not_hate",tfidf_char_svm,6,0,0.8944198364151961
ihc_target_jewish_vs_not,"ihc__target~=jewish (stg3, regex-normalized) vs stg1 not_hate",tfidf_char_svm,7,0,0.8493667720151884
ihc_target_jewish_vs_not,"ihc__target~=jewish (stg3, regex-normalized) vs stg1 not_hate",tfidf_char_svm,8,0,0.8855187467315431
ihc_target_jewish_vs_not,"ihc__target~=jewish (stg3, regex-normalized) vs stg1 not_hate",tfidf_char_svm,9,0,0.8944198364151961
ihc_target_jewish_vs_not,"ihc__target~=jewish (stg3, regex-normalized) vs stg1 not_hate",tfidf_nb,0,0,0.7919491083533216
ihc_target_jewish_vs_not,"ihc__target~=jewish (stg3, regex-normalized) vs stg1 not_hate",tfidf_nb,1,0,0.7098942349151597
ihc_target_jewish_vs_not,"ihc__target~=jewish (stg3, regex-normalized) vs stg1 not_hate",tfidf_nb,2,0,0.8028656126482213
ihc_target_jewish_vs_not,"ihc__target~=jewish (stg3, regex-normalized) vs stg1 not_hate",tfidf_nb,3,0,0.736468870580874
ihc_target_jewish_vs_not,"ihc__target~=jewish (stg3, regex-normalized) vs stg1 not_hate",tfidf_nb,4,0,0.780336150782085
ihc_target_jewish_vs_not,"ihc__target~=jewish (stg3, regex-normalized) vs stg1 not_hate",tfidf_nb,5,0,0.8281051347915207
ihc_target_jewish_vs_not,"ihc__target~=jewish (stg3, regex-normalized) vs stg1 not_hate",tfidf_nb,6,0,0.7497222222222222
ihc_target_jewish_vs_not,"ihc__target~=jewish (stg3, regex-normalized) vs stg1 not_hate",tfidf_nb,7,0,0.7231776605773396
ihc_target_jewish_vs_not,"ihc__target~=jewish (stg3, regex-normalized) vs stg1 not_hate",tfidf_nb,8,0,0.6691635455680399
ihc_target_jewish_vs_not,"ihc__target~=jewish (stg3, regex-normalized) vs stg1 not_hate",tfidf_nb,9,0,0.7835910278745645
ihc_target_jewish_vs_not,"ihc__target~=jewish (stg3, regex-normalized) vs stg1 not_hate",svd_rf,0,0,0.8162202380952381
ihc_target_jewish_vs_not,"ihc__target~=jewish (stg3, regex-normalized) vs stg1 not_hate",svd_rf,1,0,0.7821457821457821
ihc_target_jewish_vs_not,"ihc__target~=jewish (stg3, regex-normalized) vs stg1 not_hate",svd_rf,2,0,0.8422924901185771
ihc_target_jewish_vs_not,"ihc__target~=jewish (stg3, regex-normalized) vs stg1 not_hate",svd_rf,3,0,0.7908539833109292
ihc_target_jewish_vs_not,"ihc__target~=jewish (stg3, regex-normalized) vs stg1 not_hate",svd_rf,4,0,0.8144905075552111
ihc_target_jewish_vs_not,"ihc__target~=jewish (stg3, regex-normalized) vs stg1 not_hate",svd_rf,5,0,0.8816259678379987
ihc_target_jewish_vs_not,"ihc__target~=jewish (stg3, regex-normalized) vs stg1 not_hate",svd_rf,6,0,0.81083939193655
ihc_target_jewish_vs_not,"ihc__target~=jewish (stg3, regex-normalized) vs stg1 not_hate",svd_rf,7,0,0.7640372931070605
ihc_target_jewish_vs_not,"ihc__target~=jewish (stg3, regex-normalized) vs stg1 not_hate",svd_rf,8,0,0.777917452336057
ihc_target_jewish_vs_not,"ihc__target~=jewish (stg3, regex-normalized) vs stg1 not_hate",svd_rf,9,0,0.7594735647832993
ihc_target_jewish_vs_not,"ihc__target~=jewish (stg3, regex-normalized) vs stg1 not_hate",svd_histgb,0,0,0.822993447993448
ihc_target_jewish_vs_not,"ihc__target~=jewish (stg3, regex-normalized) vs stg1 not_hate",svd_histgb,1,0,0.8210361067503925
ihc_target_jewish_vs_not,"ihc__target~=jewish (stg3, regex-normalized) vs stg1 not_hate",svd_histgb,2,0,0.8837073739434567
ihc_target_jewish_vs_not,"ihc__target~=jewish (stg3, regex-normalized) vs stg1 not_hate",svd_histgb,3,0,0.8398169336384439
ihc_target_jewish_vs_not,"ihc__target~=jewish (stg3, regex-normalized) vs stg1 not_hate",svd_histgb,4,0,0.8422924901185771
ihc_target_jewish_vs_not,"ihc__target~=jewish (stg3, regex-normalized) vs stg1 not_hate",svd_histgb,5,0,0.863739201974496
ihc_target_jewish_vs_not,"ihc__target~=jewish (stg3, regex-normalized) vs stg1 not_hate",svd_histgb,6,0,0.8228609625668449
ihc_target_jewish_vs_not,"ihc__target~=jewish (stg3, regex-normalized) vs stg1 not_hate",svd_histgb,7,0,0.7724747474747475
ihc_target_jewish_vs_not,"ihc__target~=jewish (stg3, regex-normalized) vs stg1 not_hate",svd_histgb,8,0,0.8126262626262626
ihc_target_jewish_vs_not,"ihc__target~=jewish (stg3, regex-normalized) vs stg1 not_hate",svd_histgb,9,0,0.7835910278745645
ihc_target_jewish_vs_not,"ihc__target~=jewish (stg3, regex-normalized) vs stg1 not_hate",svd_knn,0,0,0.6972357723577236
ihc_target_jewish_vs_not,"ihc__target~=jewish (stg3, regex-normalized) vs stg1 not_hate",svd_knn,1,0,0.6763274336283186
ihc_target_jewish_vs_not,"ihc__target~=jewish (stg3, regex-normalized) vs stg1 not_hate",svd_knn,2,0,0.7685298935298935
ihc_target_jewish_vs_not,"ihc__target~=jewish (stg3, regex-normalized) vs stg1 not_hate",svd_knn,3,0,0.7160220087049356
ihc_target_jewish_vs_not,"ihc__target~=jewish (stg3, regex-normalized) vs stg1 not_hate",svd_knn,4,0,0.7313988095238095
ihc_target_jewish_vs_not,"ihc__target~=jewish (stg3, regex-normalized) vs stg1 not_hate",svd_knn,5,0,0.725881968641115
ihc_target_jewish_vs_not,"ihc__target~=jewish (stg3, regex-normalized) vs stg1 not_hate",svd_knn,6,0,0.754730563554093
ihc_target_jewish_vs_not,"ihc__target~=jewish (stg3, regex-normalized) vs stg1 not_hate",svd_knn,7,0,0.7055555555555555
ihc_target_jewish_vs_not,"ihc__target~=jewish (stg3, regex-normalized) vs stg1 not_hate",svd_knn,8,0,0.7138523241464418
ihc_target_jewish_vs_not,"ihc__target~=jewish (stg3, regex-normalized) vs stg1 not_hate",svd_knn,9,0,0.6801762609110555
ihc_target_jewish_vs_not,"ihc__target~=jewish (stg3, regex-normalized) vs stg1 not_hate",minilm_lr,0,0,0.88562246814674
ihc_target_jewish_vs_not,"ihc__target~=jewish (stg3, regex-normalized) vs stg1 not_hate",minilm_lr,1,0,0.8802096127077704
ihc_target_jewish_vs_not,"ihc__target~=jewish (stg3, regex-normalized) vs stg1 not_hate",minilm_lr,2,0,0.9032333996704542
ihc_target_jewish_vs_not,"ihc__target~=jewish (stg3, regex-normalized) vs stg1 not_hate",minilm_lr,3,0,0.8707837877795848
ihc_target_jewish_vs_not,"ihc__target~=jewish (stg3, regex-normalized) vs stg1 not_hate",minilm_lr,4,0,0.8630419112346823
ihc_target_jewish_vs_not,"ihc__target~=jewish (stg3, regex-normalized) vs stg1 not_hate",minilm_lr,5,0,0.9249275425483232
ihc_target_jewish_vs_not,"ihc__target~=jewish (stg3, regex-normalized) vs stg1 not_hate",minilm_lr,6,0,0.8493667720151884
ihc_target_jewish_vs_not,"ihc__target~=jewish (stg3, regex-normalized) vs stg1 not_hate",minilm_lr,7,0,0.8421751878321422
ihc_target_jewish_vs_not,"ihc__target~=jewish (stg3, regex-normalized) vs stg1 not_hate",minilm_lr,8,0,0.8440802806772865
ihc_target_jewish_vs_not,"ihc__target~=jewish (stg3, regex-normalized) vs stg1 not_hate",minilm_lr,9,0,0.8488239424258381
ihc_target_jewish_vs_not,"ihc__target~=jewish (stg3, regex-normalized) vs stg1 not_hate",minilm_mlp,0,0,0.8945109291529615
ihc_target_jewish_vs_not,"ihc__target~=jewish (stg3, regex-normalized) vs stg1 not_hate",minilm_mlp,1,0,0.8968548039638087
ihc_target_jewish_vs_not,"ihc__target~=jewish (stg3, regex-normalized) vs stg1 not_hate",minilm_mlp,2,0,0.9356569543705333
ihc_target_jewish_vs_not,"ihc__target~=jewish (stg3, regex-normalized) vs stg1 not_hate",minilm_mlp,3,0,0.9057489591637877
ihc_target_jewish_vs_not,"ihc__target~=jewish (stg3, regex-normalized) vs stg1 not_hate",minilm_mlp,4,0,0.9146177055915774
ihc_target_jewish_vs_not,"ihc__target~=jewish (stg3, regex-normalized) vs stg1 not_hate",minilm_mlp,5,0,0.9418553624714763
ihc_target_jewish_vs_not,"ihc__target~=jewish (stg3, regex-normalized) vs stg1 not_hate",minilm_mlp,6,0,0.8873299319727892
ihc_target_jewish_vs_not,"ihc__target~=jewish (stg3, regex-normalized) vs stg1 not_hate",minilm_mlp,7,0,0.8855187467315431
ihc_target_jewish_vs_not,"ihc__target~=jewish (stg3, regex-normalized) vs stg1 not_hate",minilm_mlp,8,0,0.9282231852654388
ihc_target_jewish_vs_not,"ihc__target~=jewish (stg3, regex-normalized) vs stg1 not_hate",minilm_mlp,9,0,0.897569404970328
ihc_target_jewish_vs_not,"ihc__target~=jewish (stg3, regex-normalized) vs stg1 not_hate",hatebert_lr,0,0,0.823279298432102
ihc_target_jewish_vs_not,"ihc__target~=jewish (stg3, regex-normalized) vs stg1 not_hate",hatebert_lr,1,0,0.8437001594896332
ihc_target_jewish_vs_not,"ihc__target~=jewish (stg3, regex-normalized) vs stg1 not_hate",hatebert_lr,2,0,0.8918490937493313
ihc_target_jewish_vs_not,"ihc__target~=jewish (stg3, regex-normalized) vs stg1 not_hate",hatebert_lr,3,0,0.8557702734942634
ihc_target_jewish_vs_not,"ihc__target~=jewish (stg3, regex-normalized) vs stg1 not_hate",hatebert_lr,4,0,0.8416666666666667
ihc_target_jewish_vs_not,"ihc__target~=jewish (stg3, regex-normalized) vs stg1 not_hate",hatebert_lr,5,0,0.9004661850157973
ihc_target_jewish_vs_not,"ihc__target~=jewish (stg3, regex-normalized) vs stg1 not_hate",hatebert_lr,6,0,0.8543155579989005
ihc_target_jewish_vs_not,"ihc__target~=jewish (stg3, regex-normalized) vs stg1 not_hate",hatebert_lr,7,0,0.8040336134453782
ihc_target_jewish_vs_not,"ihc__target~=jewish (stg3, regex-normalized) vs stg1 not_hate",hatebert_lr,8,0,0.864149008885851
ihc_target_jewish_vs_not,"ihc__target~=jewish (stg3, regex-normalized) vs stg1 not_hate",hatebert_lr,9,0,0.8837107249429523
ihc_target_jewish_vs_not,"ihc__target~=jewish (stg3, regex-normalized) vs stg1 not_hate",mbert_lr,0,0,0.832535885167464
ihc_target_jewish_vs_not,"ihc__target~=jewish (stg3, regex-normalized) vs stg1 not_hate",mbert_lr,1,0,0.8114979183275755
ihc_target_jewish_vs_not,"ihc__target~=jewish (stg3, regex-normalized) vs stg1 not_hate",mbert_lr,2,0,0.8510995601759297
ihc_target_jewish_vs_not,"ihc__target~=jewish (stg3, regex-normalized) vs stg1 not_hate",mbert_lr,3,0,0.7947659263893233
ihc_target_jewish_vs_not,"ihc__target~=jewish (stg3, regex-normalized) vs stg1 not_hate",mbert_lr,4,0,0.7804839968774395
ihc_target_jewish_vs_not,"ihc__target~=jewish (stg3, regex-normalized) vs stg1 not_hate",mbert_lr,5,0,0.855629889516006
ihc_target_jewish_vs_not,"ihc__target~=jewish (stg3, regex-normalized) vs stg1 not_hate",mbert_lr,6,0,0.8302070214975366
ihc_target_jewish_vs_not,"ihc__target~=jewish (stg3, regex-normalized) vs stg1 not_hate",mbert_lr,7,0,0.7806710383905265
ihc_target_jewish_vs_not,"ihc__target~=jewish (stg3, regex-normalized) vs stg1 not_hate",mbert_lr,8,0,0.847375349679118
ihc_target_jewish_vs_not,"ihc__target~=jewish (stg3, regex-normalized) vs stg1 not_hate",mbert_lr,9,0,0.813937159908724
ihc_target_lgbt_vs_not,"ihc__target~=lgbt (stg3, regex-normalized) vs stg1 not_hate",tfidf_word_lr,0,0,0.6964285714285714
ihc_target_lgbt_vs_not,"ihc__target~=lgbt (stg3, regex-normalized) vs stg1 not_hate",tfidf_word_lr,1,0,0.7548076923076923
ihc_target_lgbt_vs_not,"ihc__target~=lgbt (stg3, regex-normalized) vs stg1 not_hate",tfidf_word_lr,2,0,0.6482758620689655
ihc_target_lgbt_vs_not,"ihc__target~=lgbt (stg3, regex-normalized) vs stg1 not_hate",tfidf_word_lr,3,0,0.6482758620689655
ihc_target_lgbt_vs_not,"ihc__target~=lgbt (stg3, regex-normalized) vs stg1 not_hate",tfidf_word_lr,4,0,0.7301587301587301
ihc_target_lgbt_vs_not,"ihc__target~=lgbt (stg3, regex-normalized) vs stg1 not_hate",tfidf_word_lr,5,0,0.7288676236044657
ihc_target_lgbt_vs_not,"ihc__target~=lgbt (stg3, regex-normalized) vs stg1 not_hate",tfidf_word_lr,6,0,0.620414673046252
ihc_target_lgbt_vs_not,"ihc__target~=lgbt (stg3, regex-normalized) vs stg1 not_hate",tfidf_word_lr,7,0,0.91005291005291
ihc_target_lgbt_vs_not,"ihc__target~=lgbt (stg3, regex-normalized) vs stg1 not_hate",tfidf_word_lr,8,0,0.6964285714285714
ihc_target_lgbt_vs_not,"ihc__target~=lgbt (stg3, regex-normalized) vs stg1 not_hate",tfidf_word_lr,9,0,0.7301587301587301
ihc_target_lgbt_vs_not,"ihc__target~=lgbt (stg3, regex-normalized) vs stg1 not_hate",tfidf_char_svm,0,0,0.7622377622377623
ihc_target_lgbt_vs_not,"ihc__target~=lgbt (stg3, regex-normalized) vs stg1 not_hate",tfidf_char_svm,1,0,0.8573426573426574
ihc_target_lgbt_vs_not,"ihc__target~=lgbt (stg3, regex-normalized) vs stg1 not_hate",tfidf_char_svm,2,0,0.7655172413793103
ihc_target_lgbt_vs_not,"ihc__target~=lgbt (stg3, regex-normalized) vs stg1 not_hate",tfidf_char_svm,3,0,0.67984934086629
ihc_target_lgbt_vs_not,"ihc__target~=lgbt (stg3, regex-normalized) vs stg1 not_hate",tfidf_char_svm,4,0,0.7288676236044657
ihc_target_lgbt_vs_not,"ihc__target~=lgbt (stg3, regex-normalized) vs stg1 not_hate",tfidf_char_svm,5,0,0.67984934086629
ihc_target_lgbt_vs_not,"ihc__target~=lgbt (stg3, regex-normalized) vs stg1 not_hate",tfidf_char_svm,6,0,0.67984934086629
ihc_target_lgbt_vs_not,"ihc__target~=lgbt (stg3, regex-normalized) vs stg1 not_hate",tfidf_char_svm,7,0,0.8573426573426574
ihc_target_lgbt_vs_not,"ihc__target~=lgbt (stg3, regex-normalized) vs stg1 not_hate",tfidf_char_svm,8,0,0.7655172413793103
ihc_target_lgbt_vs_not,"ihc__target~=lgbt (stg3, regex-normalized) vs stg1 not_hate",tfidf_char_svm,9,0,0.6964285714285714
ihc_target_lgbt_vs_not,"ihc__target~=lgbt (stg3, regex-normalized) vs stg1 not_hate",tfidf_nb,0,0,0.7288676236044657
ihc_target_lgbt_vs_not,"ihc__target~=lgbt (stg3, regex-normalized) vs stg1 not_hate",tfidf_nb,1,0,0.6964285714285714
ihc_target_lgbt_vs_not,"ihc__target~=lgbt (stg3, regex-normalized) vs stg1 not_hate",tfidf_nb,2,0,0.423728813559322
ihc_target_lgbt_vs_not,"ihc__target~=lgbt (stg3, regex-normalized) vs stg1 not_hate",tfidf_nb,3,0,0.575
ihc_target_lgbt_vs_not,"ihc__target~=lgbt (stg3, regex-normalized) vs stg1 not_hate",tfidf_nb,4,0,0.7006289308176101
ihc_target_lgbt_vs_not,"ihc__target~=lgbt (stg3, regex-normalized) vs stg1 not_hate",tfidf_nb,5,0,0.5310344827586206
ihc_target_lgbt_vs_not,"ihc__target~=lgbt (stg3, regex-normalized) vs stg1 not_hate",tfidf_nb,6,0,0.620414673046252
ihc_target_lgbt_vs_not,"ihc__target~=lgbt (stg3, regex-normalized) vs stg1 not_hate",tfidf_nb,7,0,0.6671328671328671
ihc_target_lgbt_vs_not,"ihc__target~=lgbt (stg3, regex-normalized) vs stg1 not_hate",tfidf_nb,8,0,0.620414673046252
ihc_target_lgbt_vs_not,"ihc__target~=lgbt (stg3, regex-normalized) vs stg1 not_hate",tfidf_nb,9,0,0.5952380952380952
ihc_target_lgbt_vs_not,"ihc__target~=lgbt (stg3, regex-normalized) vs stg1 not_hate",svd_rf,0,0,0.43333333333333335
ihc_target_lgbt_vs_not,"ihc__target~=lgbt (stg3, regex-normalized) vs stg1 not_hate",svd_rf,1,0,0.67984934086629
ihc_target_lgbt_vs_not,"ihc__target~=lgbt (stg3, regex-normalized) vs stg1 not_hate",svd_rf,2,0,0.43333333333333335
ihc_target_lgbt_vs_not,"ihc__target~=lgbt (stg3, regex-normalized) vs stg1 not_hate",svd_rf,3,0,0.43333333333333335
ihc_target_lgbt_vs_not,"ihc__target~=lgbt (stg3, regex-normalized) vs stg1 not_hate",svd_rf,4,0,0.575
ihc_target_lgbt_vs_not,"ihc__target~=lgbt (stg3, regex-normalized) vs stg1 not_hate",svd_rf,5,0,0.575
ihc_target_lgbt_vs_not,"ihc__target~=lgbt (stg3, regex-normalized) vs stg1 not_hate",svd_rf,6,0,0.551789077212806
ihc_target_lgbt_vs_not,"ihc__target~=lgbt (stg3, regex-normalized) vs stg1 not_hate",svd_rf,7,0,0.67984934086629
ihc_target_lgbt_vs_not,"ihc__target~=lgbt (stg3, regex-normalized) vs stg1 not_hate",svd_rf,8,0,0.45161290322580644
ihc_target_lgbt_vs_not,"ihc__target~=lgbt (stg3, regex-normalized) vs stg1 not_hate",svd_rf,9,0,0.575
ihc_target_lgbt_vs_not,"ihc__target~=lgbt (stg3, regex-normalized) vs stg1 not_hate",svd_histgb,0,0,0.6964285714285714
ihc_target_lgbt_vs_not,"ihc__target~=lgbt (stg3, regex-normalized) vs stg1 not_hate",svd_histgb,1,0,0.575
ihc_target_lgbt_vs_not,"ihc__target~=lgbt (stg3, regex-normalized) vs stg1 not_hate",svd_histgb,2,0,0.43333333333333335
ihc_target_lgbt_vs_not,"ihc__target~=lgbt (stg3, regex-normalized) vs stg1 not_hate",svd_histgb,3,0,0.6482758620689655
ihc_target_lgbt_vs_not,"ihc__target~=lgbt (stg3, regex-normalized) vs stg1 not_hate",svd_histgb,4,0,0.575
ihc_target_lgbt_vs_not,"ihc__target~=lgbt (stg3, regex-normalized) vs stg1 not_hate",svd_histgb,5,0,0.575
ihc_target_lgbt_vs_not,"ihc__target~=lgbt (stg3, regex-normalized) vs stg1 not_hate",svd_histgb,6,0,0.575
ihc_target_lgbt_vs_not,"ihc__target~=lgbt (stg3, regex-normalized) vs stg1 not_hate",svd_histgb,7,0,0.7655172413793103
ihc_target_lgbt_vs_not,"ihc__target~=lgbt (stg3, regex-normalized) vs stg1 not_hate",svd_histgb,8,0,0.575
ihc_target_lgbt_vs_not,"ihc__target~=lgbt (stg3, regex-normalized) vs stg1 not_hate",svd_histgb,9,0,0.575
ihc_target_lgbt_vs_not,"ihc__target~=lgbt (stg3, regex-normalized) vs stg1 not_hate",svd_knn,0,0,0.6482758620689655
ihc_target_lgbt_vs_not,"ihc__target~=lgbt (stg3, regex-normalized) vs stg1 not_hate",svd_knn,1,0,0.6482758620689655
ihc_target_lgbt_vs_not,"ihc__target~=lgbt (stg3, regex-normalized) vs stg1 not_hate",svd_knn,2,0,0.551789077212806
ihc_target_lgbt_vs_not,"ihc__target~=lgbt (stg3, regex-normalized) vs stg1 not_hate",svd_knn,3,0,0.43333333333333335
ihc_target_lgbt_vs_not,"ihc__target~=lgbt (stg3, regex-normalized) vs stg1 not_hate",svd_knn,4,0,0.620414673046252
ihc_target_lgbt_vs_not,"ihc__target~=lgbt (stg3, regex-normalized) vs stg1 not_hate",svd_knn,5,0,0.4426229508196721
ihc_target_lgbt_vs_not,"ihc__target~=lgbt (stg3, regex-normalized) vs stg1 not_hate",svd_knn,6,0,0.551789077212806
ihc_target_lgbt_vs_not,"ihc__target~=lgbt (stg3, regex-normalized) vs stg1 not_hate",svd_knn,7,0,0.575
ihc_target_lgbt_vs_not,"ihc__target~=lgbt (stg3, regex-normalized) vs stg1 not_hate",svd_knn,8,0,0.7166666666666667
ihc_target_lgbt_vs_not,"ihc__target~=lgbt (stg3, regex-normalized) vs stg1 not_hate",svd_knn,9,0,0.575
ihc_target_lgbt_vs_not,"ihc__target~=lgbt (stg3, regex-normalized) vs stg1 not_hate",minilm_lr,0,0,0.9524475524475524
ihc_target_lgbt_vs_not,"ihc__target~=lgbt (stg3, regex-normalized) vs stg1 not_hate",minilm_lr,1,0,1.0
ihc_target_lgbt_vs_not,"ihc__target~=lgbt (stg3, regex-normalized) vs stg1 not_hate",minilm_lr,2,0,0.91005291005291
ihc_target_lgbt_vs_not,"ihc__target~=lgbt (stg3, regex-normalized) vs stg1 not_hate",minilm_lr,3,0,0.91005291005291
ihc_target_lgbt_vs_not,"ihc__target~=lgbt (stg3, regex-normalized) vs stg1 not_hate",minilm_lr,4,0,0.91005291005291
ihc_target_lgbt_vs_not,"ihc__target~=lgbt (stg3, regex-normalized) vs stg1 not_hate",minilm_lr,5,0,0.9524475524475524
ihc_target_lgbt_vs_not,"ihc__target~=lgbt (stg3, regex-normalized) vs stg1 not_hate",minilm_lr,6,0,0.7976190476190477
ihc_target_lgbt_vs_not,"ihc__target~=lgbt (stg3, regex-normalized) vs stg1 not_hate",minilm_lr,7,0,0.9524475524475524
ihc_target_lgbt_vs_not,"ihc__target~=lgbt (stg3, regex-normalized) vs stg1 not_hate",minilm_lr,8,0,0.8573426573426574
ihc_target_lgbt_vs_not,"ihc__target~=lgbt (stg3, regex-normalized) vs stg1 not_hate",minilm_lr,9,0,0.8573426573426574
ihc_target_lgbt_vs_not,"ihc__target~=lgbt (stg3, regex-normalized) vs stg1 not_hate",minilm_mlp,0,0,0.8573426573426574
ihc_target_lgbt_vs_not,"ihc__target~=lgbt (stg3, regex-normalized) vs stg1 not_hate",minilm_mlp,1,0,1.0
ihc_target_lgbt_vs_not,"ihc__target~=lgbt (stg3, regex-normalized) vs stg1 not_hate",minilm_mlp,2,0,0.91005291005291
ihc_target_lgbt_vs_not,"ihc__target~=lgbt (stg3, regex-normalized) vs stg1 not_hate",minilm_mlp,3,0,0.9524475524475524
ihc_target_lgbt_vs_not,"ihc__target~=lgbt (stg3, regex-normalized) vs stg1 not_hate",minilm_mlp,4,0,0.91005291005291
ihc_target_lgbt_vs_not,"ihc__target~=lgbt (stg3, regex-normalized) vs stg1 not_hate",minilm_mlp,5,0,0.9524475524475524
ihc_target_lgbt_vs_not,"ihc__target~=lgbt (stg3, regex-normalized) vs stg1 not_hate",minilm_mlp,6,0,0.7976190476190477
ihc_target_lgbt_vs_not,"ihc__target~=lgbt (stg3, regex-normalized) vs stg1 not_hate",minilm_mlp,7,0,0.9524475524475524
ihc_target_lgbt_vs_not,"ihc__target~=lgbt (stg3, regex-normalized) vs stg1 not_hate",minilm_mlp,8,0,0.8988095238095238
ihc_target_lgbt_vs_not,"ihc__target~=lgbt (stg3, regex-normalized) vs stg1 not_hate",minilm_mlp,9,0,0.8201058201058201
ihc_target_lgbt_vs_not,"ihc__target~=lgbt (stg3, regex-normalized) vs stg1 not_hate",hatebert_lr,0,0,0.7976190476190477
ihc_target_lgbt_vs_not,"ihc__target~=lgbt (stg3, regex-normalized) vs stg1 not_hate",hatebert_lr,1,0,0.8988095238095238
ihc_target_lgbt_vs_not,"ihc__target~=lgbt (stg3, regex-normalized) vs stg1 not_hate",hatebert_lr,2,0,0.8573426573426574
ihc_target_lgbt_vs_not,"ihc__target~=lgbt (stg3, regex-normalized) vs stg1 not_hate",hatebert_lr,3,0,0.8988095238095238
ihc_target_lgbt_vs_not,"ihc__target~=lgbt (stg3, regex-normalized) vs stg1 not_hate",hatebert_lr,4,0,0.7548076923076923
ihc_target_lgbt_vs_not,"ihc__target~=lgbt (stg3, regex-normalized) vs stg1 not_hate",hatebert_lr,5,0,0.8201058201058201
ihc_target_lgbt_vs_not,"ihc__target~=lgbt (stg3, regex-normalized) vs stg1 not_hate",hatebert_lr,6,0,0.6671328671328671
ihc_target_lgbt_vs_not,"ihc__target~=lgbt (stg3, regex-normalized) vs stg1 not_hate",hatebert_lr,7,0,0.6964285714285714
ihc_target_lgbt_vs_not,"ihc__target~=lgbt (stg3, regex-normalized) vs stg1 not_hate",hatebert_lr,8,0,0.8716981132075472
ihc_target_lgbt_vs_not,"ihc__target~=lgbt (stg3, regex-normalized) vs stg1 not_hate",hatebert_lr,9,0,0.7976190476190477
ihc_target_lgbt_vs_not,"ihc__target~=lgbt (stg3, regex-normalized) vs stg1 not_hate",mbert_lr,0,0,0.6964285714285714
ihc_target_lgbt_vs_not,"ihc__target~=lgbt (stg3, regex-normalized) vs stg1 not_hate",mbert_lr,1,0,0.9182692307692308
ihc_target_lgbt_vs_not,"ihc__target~=lgbt (stg3, regex-normalized) vs stg1 not_hate",mbert_lr,2,0,0.6671328671328671
ihc_target_lgbt_vs_not,"ihc__target~=lgbt (stg3, regex-normalized) vs stg1 not_hate",mbert_lr,3,0,0.8988095238095238
ihc_target_lgbt_vs_not,"ihc__target~=lgbt (stg3, regex-normalized) vs stg1 not_hate",mbert_lr,4,0,0.7861635220125787
ihc_target_lgbt_vs_not,"ihc__target~=lgbt (stg3, regex-normalized) vs stg1 not_hate",mbert_lr,5,0,0.7301587301587301
ihc_target_lgbt_vs_not,"ihc__target~=lgbt (stg3, regex-normalized) vs stg1 not_hate",mbert_lr,6,0,0.5119617224880383
ihc_target_lgbt_vs_not,"ihc__target~=lgbt (stg3, regex-normalized) vs stg1 not_hate",mbert_lr,7,0,0.7548076923076923
ihc_target_lgbt_vs_not,"ihc__target~=lgbt (stg3, regex-normalized) vs stg1 not_hate",mbert_lr,8,0,0.7301587301587301
ihc_target_lgbt_vs_not,"ihc__target~=lgbt (stg3, regex-normalized) vs stg1 not_hate",mbert_lr,9,0,0.5913461538461539
ihc_target_muslim_vs_not,"ihc__target~=muslim (stg3, regex-normalized) vs stg1 not_hate",tfidf_word_lr,0,0,0.849893890508808
ihc_target_muslim_vs_not,"ihc__target~=muslim (stg3, regex-normalized) vs stg1 not_hate",tfidf_word_lr,1,0,0.8480057303586716
ihc_target_muslim_vs_not,"ihc__target~=muslim (stg3, regex-normalized) vs stg1 not_hate",tfidf_word_lr,2,0,0.8527004909983633
ihc_target_muslim_vs_not,"ihc__target~=muslim (stg3, regex-normalized) vs stg1 not_hate",tfidf_word_lr,3,0,0.882395050365598
ihc_target_muslim_vs_not,"ihc__target~=muslim (stg3, regex-normalized) vs stg1 not_hate",tfidf_word_lr,4,0,0.8889085669205132
ihc_target_muslim_vs_not,"ihc__target~=muslim (stg3, regex-normalized) vs stg1 not_hate",tfidf_word_lr,5,0,0.8610715303505272
ihc_target_muslim_vs_not,"ihc__target~=muslim (stg3, regex-normalized) vs stg1 not_hate",tfidf_word_lr,6,0,0.8682669789227166
ihc_target_muslim_vs_not,"ihc__target~=muslim (stg3, regex-normalized) vs stg1 not_hate",tfidf_word_lr,7,0,0.8765347417518348
ihc_target_muslim_vs_not,"ihc__target~=muslim (stg3, regex-normalized) vs stg1 not_hate",tfidf_word_lr,8,0,0.8705981814731103
ihc_target_muslim_vs_not,"ihc__target~=muslim (stg3, regex-normalized) vs stg1 not_hate",tfidf_word_lr,9,0,0.8419072886191419
ihc_target_muslim_vs_not,"ihc__target~=muslim (stg3, regex-normalized) vs stg1 not_hate",tfidf_char_svm,0,0,0.8854166666666667
ihc_target_muslim_vs_not,"ihc__target~=muslim (stg3, regex-normalized) vs stg1 not_hate",tfidf_char_svm,1,0,0.875
ihc_target_muslim_vs_not,"ihc__target~=muslim (stg3, regex-normalized) vs stg1 not_hate",tfidf_char_svm,2,0,0.9186771482786663
ihc_target_muslim_vs_not,"ihc__target~=muslim (stg3, regex-normalized) vs stg1 not_hate",tfidf_char_svm,3,0,0.9061867377672443
ihc_target_muslim_vs_not,"ihc__target~=muslim (stg3, regex-normalized) vs stg1 not_hate",tfidf_char_svm,4,0,0.882395050365598
ihc_target_muslim_vs_not,"ihc__target~=muslim (stg3, regex-normalized) vs stg1 not_hate",tfidf_char_svm,5,0,0.8728790139833085
ihc_target_muslim_vs_not,"ihc__target~=muslim (stg3, regex-normalized) vs stg1 not_hate",tfidf_char_svm,6,0,0.8839330127673686
ihc_target_muslim_vs_not,"ihc__target~=muslim (stg3, regex-normalized) vs stg1 not_hate",tfidf_char_svm,7,0,0.9156058794570645
ihc_target_muslim_vs_not,"ihc__target~=muslim (stg3, regex-normalized) vs stg1 not_hate",tfidf_char_svm,8,0,0.8958333333333334
ihc_target_muslim_vs_not,"ihc__target~=muslim (stg3, regex-normalized) vs stg1 not_hate",tfidf_char_svm,9,0,0.844016136261766
ihc_target_muslim_vs_not,"ihc__target~=muslim (stg3, regex-normalized) vs stg1 not_hate",tfidf_nb,0,0,0.7557382133995036
ihc_target_muslim_vs_not,"ihc__target~=muslim (stg3, regex-normalized) vs stg1 not_hate",tfidf_nb,1,0,0.7884972170686456
ihc_target_muslim_vs_not,"ihc__target~=muslim (stg3, regex-normalized) vs stg1 not_hate",tfidf_nb,2,0,0.802400468384075
ihc_target_muslim_vs_not,"ihc__target~=muslim (stg3, regex-normalized) vs stg1 not_hate",tfidf_nb,3,0,0.7873848334514528
ihc_target_muslim_vs_not,"ihc__target~=muslim (stg3, regex-normalized) vs stg1 not_hate",tfidf_nb,4,0,0.8107606679035251
ihc_target_muslim_vs_not,"ihc__target~=muslim (stg3, regex-normalized) vs stg1 not_hate",tfidf_nb,5,0,0.8245932377668905
ihc_target_muslim_vs_not,"ihc__target~=muslim (stg3, regex-normalized) vs stg1 not_hate",tfidf_nb,6,0,0.8371588089330024
ihc_target_muslim_vs_not,"ihc__target~=muslim (stg3, regex-normalized) vs stg1 not_hate",tfidf_nb,7,0,0.714781746031746
ihc_target_muslim_vs_not,"ihc__target~=muslim (stg3, regex-normalized) vs stg1 not_hate",tfidf_nb,8,0,0.7479043266176139
ihc_target_muslim_vs_not,"ihc__target~=muslim (stg3, regex-normalized) vs stg1 not_hate",tfidf_nb,9,0,0.7401370186628868
ihc_target_muslim_vs_not,"ihc__target~=muslim (stg3, regex-normalized) vs stg1 not_hate",svd_rf,0,0,0.7136858179041802
ihc_target_muslim_vs_not,"ihc__target~=muslim (stg3, regex-normalized) vs stg1 not_hate",svd_rf,1,0,0.7560777298967396
ihc_target_muslim_vs_not,"ihc__target~=muslim (stg3, regex-normalized) vs stg1 not_hate",svd_rf,2,0,0.7436164669098488
ihc_target_muslim_vs_not,"ihc__target~=muslim (stg3, regex-normalized) vs stg1 not_hate",svd_rf,3,0,0.7643849206349207
ihc_target_muslim_vs_not,"ihc__target~=muslim (stg3, regex-normalized) vs stg1 not_hate",svd_rf,4,0,0.8066066300716923
ihc_target_muslim_vs_not,"ihc__target~=muslim (stg3, regex-normalized) vs stg1 not_hate",svd_rf,5,0,0.7926660704122286
ihc_target_muslim_vs_not,"ihc__target~=muslim (stg3, regex-normalized) vs stg1 not_hate",svd_rf,6,0,0.7603575206718625
ihc_target_muslim_vs_not,"ihc__target~=muslim (stg3, regex-normalized) vs stg1 not_hate",svd_rf,7,0,0.7285313546285404
ihc_target_muslim_vs_not,"ihc__target~=muslim (stg3, regex-normalized) vs stg1 not_hate",svd_rf,8,0,0.7350937683962662
ihc_target_muslim_vs_not,"ihc__target~=muslim (stg3, regex-normalized) vs stg1 not_hate",svd_rf,9,0,0.7344502256093612
ihc_target_muslim_vs_not,"ihc__target~=muslim (stg3, regex-normalized) vs stg1 not_hate",svd_histgb,0,0,0.7350937683962662
ihc_target_muslim_vs_not,"ihc__target~=muslim (stg3, regex-normalized) vs stg1 not_hate",svd_histgb,1,0,0.7474038731406119
ihc_target_muslim_vs_not,"ihc__target~=muslim (stg3, regex-normalized) vs stg1 not_hate",svd_histgb,2,0,0.7520111292566383
ihc_target_muslim_vs_not,"ihc__target~=muslim (stg3, regex-normalized) vs stg1 not_hate",svd_histgb,3,0,0.808
ihc_target_muslim_vs_not,"ihc__target~=muslim (stg3, regex-normalized) vs stg1 not_hate",svd_histgb,4,0,0.7831650094743217
ihc_target_muslim_vs_not,"ihc__target~=muslim (stg3, regex-normalized) vs stg1 not_hate",svd_histgb,5,0,0.781752824375214
ihc_target_muslim_vs_not,"ihc__target~=muslim (stg3, regex-normalized) vs stg1 not_hate",svd_histgb,6,0,0.7689147552208149
ihc_target_muslim_vs_not,"ihc__target~=muslim (stg3, regex-normalized) vs stg1 not_hate",svd_histgb,7,0,0.729545504518569
ihc_target_muslim_vs_not,"ihc__target~=muslim (stg3, regex-normalized) vs stg1 not_hate",svd_histgb,8,0,0.7561229807191245
ihc_target_muslim_vs_not,"ihc__target~=muslim (stg3, regex-normalized) vs stg1 not_hate",svd_histgb,9,0,0.7432386169120164
ihc_target_muslim_vs_not,"ihc__target~=muslim (stg3, regex-normalized) vs stg1 not_hate",svd_knn,0,0,0.7557382133995036
ihc_target_muslim_vs_not,"ihc__target~=muslim (stg3, regex-normalized) vs stg1 not_hate",svd_knn,1,0,0.714781746031746
ihc_target_muslim_vs_not,"ihc__target~=muslim (stg3, regex-normalized) vs stg1 not_hate",svd_knn,2,0,0.6677106408983271
ihc_target_muslim_vs_not,"ihc__target~=muslim (stg3, regex-normalized) vs stg1 not_hate",svd_knn,3,0,0.748
ihc_target_muslim_vs_not,"ihc__target~=muslim (stg3, regex-normalized) vs stg1 not_hate",svd_knn,4,0,0.7479184172332136
ihc_target_muslim_vs_not,"ihc__target~=muslim (stg3, regex-normalized) vs stg1 not_hate",svd_knn,5,0,0.6987149269332459
ihc_target_muslim_vs_not,"ihc__target~=muslim (stg3, regex-normalized) vs stg1 not_hate",svd_knn,6,0,0.7970937263019819
ihc_target_muslim_vs_not,"ihc__target~=muslim (stg3, regex-normalized) vs stg1 not_hate",svd_knn,7,0,0.6504854368932038
ihc_target_muslim_vs_not,"ihc__target~=muslim (stg3, regex-normalized) vs stg1 not_hate",svd_knn,8,0,0.7110122768543379
ihc_target_muslim_vs_not,"ihc__target~=muslim (stg3, regex-normalized) vs stg1 not_hate",svd_knn,9,0,0.7124183006535947
ihc_target_muslim_vs_not,"ihc__target~=muslim (stg3, regex-normalized) vs stg1 not_hate",minilm_lr,0,0,0.8534736842105264
ihc_target_muslim_vs_not,"ihc__target~=muslim (stg3, regex-normalized) vs stg1 not_hate",minilm_lr,1,0,0.8517154982870584
ihc_target_muslim_vs_not,"ihc__target~=muslim (stg3, regex-normalized) vs stg1 not_hate",minilm_lr,2,0,0.8765614970621636
ihc_target_muslim_vs_not,"ihc__target~=muslim (stg3, regex-normalized) vs stg1 not_hate",minilm_lr,3,0,0.870895127118644
ihc_target_muslim_vs_not,"ihc__target~=muslim (stg3, regex-normalized) vs stg1 not_hate",minilm_lr,4,0,0.8486303488012501
ihc_target_muslim_vs_not,"ihc__target~=muslim (stg3, regex-normalized) vs stg1 not_hate",minilm_lr,5,0,0.8736842105263158
ihc_target_muslim_vs_not,"ihc__target~=muslim (stg3, regex-normalized) vs stg1 not_hate",minilm_lr,6,0,0.8619420156465716
ihc_target_muslim_vs_not,"ihc__target~=muslim (stg3, regex-normalized) vs stg1 not_hate",minilm_lr,7,0,0.9051122837975063
ihc_target_muslim_vs_not,"ihc__target~=muslim (stg3, regex-normalized) vs stg1 not_hate",minilm_lr,8,0,0.8091219610206952
ihc_target_muslim_vs_not,"ihc__target~=muslim (stg3, regex-normalized) vs stg1 not_hate",minilm_lr,9,0,0.8534736842105264
ihc_target_muslim_vs_not,"ihc__target~=muslim (stg3, regex-normalized) vs stg1 not_hate",minilm_mlp,0,0,0.9050566143891976
ihc_target_muslim_vs_not,"ihc__target~=muslim (stg3, regex-normalized) vs stg1 not_hate",minilm_mlp,1,0,0.8705981814731103
ihc_target_muslim_vs_not,"ihc__target~=muslim (stg3, regex-normalized) vs stg1 not_hate",minilm_mlp,2,0,0.8854166666666667
ihc_target_muslim_vs_not,"ihc__target~=muslim (stg3, regex-normalized) vs stg1 not_hate",minilm_mlp,3,0,0.8736842105263158
ihc_target_muslim_vs_not,"ihc__target~=muslim (stg3, regex-normalized) vs stg1 not_hate",minilm_mlp,4,0,0.8721685330060848
ihc_target_muslim_vs_not,"ihc__target~=muslim (stg3, regex-normalized) vs stg1 not_hate",minilm_mlp,5,0,0.8917045700671431
ihc_target_muslim_vs_not,"ihc__target~=muslim (stg3, regex-normalized) vs stg1 not_hate",minilm_mlp,6,0,0.8664192949907236
ihc_target_muslim_vs_not,"ihc__target~=muslim (stg3, regex-normalized) vs stg1 not_hate",minilm_mlp,7,0,0.9130746024441376
ihc_target_muslim_vs_not,"ihc__target~=muslim (stg3, regex-normalized) vs stg1 not_hate",minilm_mlp,8,0,0.8547736441057822
ihc_target_muslim_vs_not,"ihc__target~=muslim (stg3, regex-normalized) vs stg1 not_hate",minilm_mlp,9,0,0.8794528206292913
ihc_target_muslim_vs_not,"ihc__target~=muslim (stg3, regex-normalized) vs stg1 not_hate",hatebert_lr,0,0,0.8351950192272477
ihc_target_muslim_vs_not,"ihc__target~=muslim (stg3, regex-normalized) vs stg1 not_hate",hatebert_lr,1,0,0.8098377281947262
ihc_target_muslim_vs_not,"ihc__target~=muslim (stg3, regex-normalized) vs stg1 not_hate",hatebert_lr,2,0,0.798133163098052
ihc_target_muslim_vs_not,"ihc__target~=muslim (stg3, regex-normalized) vs stg1 not_hate",hatebert_lr,3,0,0.799075748442837
ihc_target_muslim_vs_not,"ihc__target~=muslim (stg3, regex-normalized) vs stg1 not_hate",hatebert_lr,4,0,0.823240589198036
ihc_target_muslim_vs_not,"ihc__target~=muslim (stg3, regex-normalized) vs stg1 not_hate",hatebert_lr,5,0,0.7752659353098833
ihc_target_muslim_vs_not,"ihc__target~=muslim (stg3, regex-normalized) vs stg1 not_hate",hatebert_lr,6,0,0.8243559718969555
ihc_target_muslim_vs_not,"ihc__target~=muslim (stg3, regex-normalized) vs stg1 not_hate",hatebert_lr,7,0,0.8130526315789474
ihc_target_muslim_vs_not,"ihc__target~=muslim (stg3, regex-normalized) vs stg1 not_hate",hatebert_lr,8,0,0.7326997326997327
ihc_target_muslim_vs_not,"ihc__target~=muslim (stg3, regex-normalized) vs stg1 not_hate",hatebert_lr,9,0,0.8154623154623155
ihc_target_muslim_vs_not,"ihc__target~=muslim (stg3, regex-normalized) vs stg1 not_hate",mbert_lr,0,0,0.7802698611631049
ihc_target_muslim_vs_not,"ihc__target~=muslim (stg3, regex-normalized) vs stg1 not_hate",mbert_lr,1,0,0.8130526315789474
ihc_target_muslim_vs_not,"ihc__target~=muslim (stg3, regex-normalized) vs stg1 not_hate",mbert_lr,2,0,0.8091219610206952
ihc_target_muslim_vs_not,"ihc__target~=muslim (stg3, regex-normalized) vs stg1 not_hate",mbert_lr,3,0,0.8136200716845878
ihc_target_muslim_vs_not,"ihc__target~=muslim (stg3, regex-normalized) vs stg1 not_hate",mbert_lr,4,0,0.7863247863247863
ihc_target_muslim_vs_not,"ihc__target~=muslim (stg3, regex-normalized) vs stg1 not_hate",mbert_lr,5,0,0.8250908841484327
ihc_target_muslim_vs_not,"ihc__target~=muslim (stg3, regex-normalized) vs stg1 not_hate",mbert_lr,6,0,0.7916666666666666
ihc_target_muslim_vs_not,"ihc__target~=muslim (stg3, regex-normalized) vs stg1 not_hate",mbert_lr,7,0,0.7633269469176152
ihc_target_muslim_vs_not,"ihc__target~=muslim (stg3, regex-normalized) vs stg1 not_hate",mbert_lr,8,0,0.8076375035622685
ihc_target_muslim_vs_not,"ihc__target~=muslim (stg3, regex-normalized) vs stg1 not_hate",mbert_lr,9,0,0.7823432606041302
mlma_ar_hate_vs_normal,mlma__lang=ar (heuristic),tfidf_word_lr,0,0,0.816317952549972
mlma_ar_hate_vs_normal,mlma__lang=ar (heuristic),tfidf_word_lr,1,0,0.7868376708481557
mlma_ar_hate_vs_normal,mlma__lang=ar (heuristic),tfidf_word_lr,2,0,0.7643020594965675
mlma_ar_hate_vs_normal,mlma__lang=ar (heuristic),tfidf_word_lr,3,0,0.7277447370905314
mlma_ar_hate_vs_normal,mlma__lang=ar (heuristic),tfidf_word_lr,4,0,0.7078014184397163
mlma_ar_hate_vs_normal,mlma__lang=ar (heuristic),tfidf_word_lr,5,0,0.797995742747124
mlma_ar_hate_vs_normal,mlma__lang=ar (heuristic),tfidf_word_lr,6,0,0.7749810030395137
mlma_ar_hate_vs_normal,mlma__lang=ar (heuristic),tfidf_word_lr,7,0,0.7854166666666667
mlma_ar_hate_vs_normal,mlma__lang=ar (heuristic),tfidf_word_lr,8,0,0.7745741745170807
mlma_ar_hate_vs_normal,mlma__lang=ar (heuristic),tfidf_word_lr,9,0,0.7643020594965675
mlma_ar_hate_vs_normal,mlma__lang=ar (heuristic),tfidf_char_svm,0,0,0.7825274904863073
mlma_ar_hate_vs_normal,mlma__lang=ar (heuristic),tfidf_char_svm,1,0,0.7816097343680397
mlma_ar_hate_vs_normal,mlma__lang=ar (heuristic),tfidf_char_svm,2,0,0.7782880103322092
mlma_ar_hate_vs_normal,mlma__lang=ar (heuristic),tfidf_char_svm,3,0,0.7473584905660378
mlma_ar_hate_vs_normal,mlma__lang=ar (heuristic),tfidf_char_svm,4,0,0.7131470277537693
mlma_ar_hate_vs_normal,mlma__lang=ar (heuristic),tfidf_char_svm,5,0,0.7757999371175659
mlma_ar_hate_vs_normal,mlma__lang=ar (heuristic),tfidf_char_svm,6,0,0.7611848486999313
mlma_ar_hate_vs_normal,mlma__lang=ar (heuristic),tfidf_char_svm,7,0,0.7999099760725877
mlma_ar_hate_vs_normal,mlma__lang=ar (heuristic),tfidf_char_svm,8,0,0.7890701273961186
mlma_ar_hate_vs_normal,mlma__lang=ar (heuristic),tfidf_char_svm,9,0,0.7626044367617402
mlma_ar_hate_vs_normal,mlma__lang=ar (heuristic),tfidf_nb,0,0,0.7913159683961268
mlma_ar_hate_vs_normal,mlma__lang=ar (heuristic),tfidf_nb,1,0,0.7791240841296564
mlma_ar_hate_vs_normal,mlma__lang=ar (heuristic),tfidf_nb,2,0,0.7718605546995377
mlma_ar_hate_vs_normal,mlma__lang=ar (heuristic),tfidf_nb,3,0,0.7105845934039767
mlma_ar_hate_vs_normal,mlma__lang=ar (heuristic),tfidf_nb,4,0,0.704044610027516
mlma_ar_hate_vs_normal,mlma__lang=ar (heuristic),tfidf_nb,5,0,0.7811262436008886
mlma_ar_hate_vs_normal,mlma__lang=ar (heuristic),tfidf_nb,6,0,0.7850573875906918
mlma_ar_hate_vs_normal,mlma__lang=ar (heuristic),tfidf_nb,7,0,0.7886271983200897
mlma_ar_hate_vs_normal,mlma__lang=ar (heuristic),tfidf_nb,8,0,0.7619414483821263
mlma_ar_hate_vs_normal,mlma__lang=ar (heuristic),tfidf_nb,9,0,0.7382214016831707
mlma_ar_hate_vs_normal,mlma__lang=ar (heuristic),svd_rf,0,0,0.8062160644074143
mlma_ar_hate_vs_normal,mlma__lang=ar (heuristic),svd_rf,1,0,0.8000659615067494
mlma_ar_hate_vs_normal,mlma__lang=ar (heuristic),svd_rf,2,0,0.7350707335420155
mlma_ar_hate_vs_normal,mlma__lang=ar (heuristic),svd_rf,3,0,0.746040777619725
mlma_ar_hate_vs_normal,mlma__lang=ar (heuristic),svd_rf,4,0,0.7405038759689923
mlma_ar_hate_vs_normal,mlma__lang=ar (heuristic),svd_rf,5,0,0.7341417683298025
mlma_ar_hate_vs_normal,mlma__lang=ar (heuristic),svd_rf,6,0,0.7870417117442
mlma_ar_hate_vs_normal,mlma__lang=ar (heuristic),svd_rf,7,0,0.7851114272166904
mlma_ar_hate_vs_normal,mlma__lang=ar (heuristic),svd_rf,8,0,0.7487264117098371
mlma_ar_hate_vs_normal,mlma__lang=ar (heuristic),svd_rf,9,0,0.7573266017550186
mlma_ar_hate_vs_normal,mlma__lang=ar (heuristic),svd_histgb,0,0,0.7719035003399526
mlma_ar_hate_vs_normal,mlma__lang=ar (heuristic),svd_histgb,1,0,0.7903130815802493
mlma_ar_hate_vs_normal,mlma__lang=ar (heuristic),svd_histgb,2,0,0.7367570825798674
mlma_ar_hate_vs_normal,mlma__lang=ar (heuristic),svd_histgb,3,0,0.701853038175908
mlma_ar_hate_vs_normal,mlma__lang=ar (heuristic),svd_histgb,4,0,0.7259777009214695
mlma_ar_hate_vs_normal,mlma__lang=ar (heuristic),svd_histgb,5,0,0.7331540999633386
mlma_ar_hate_vs_normal,mlma__lang=ar (heuristic),svd_histgb,6,0,0.7704457364341085
mlma_ar_hate_vs_normal,mlma__lang=ar (heuristic),svd_histgb,7,0,0.7796791443850268
mlma_ar_hate_vs_normal,mlma__lang=ar (heuristic),svd_histgb,8,0,0.7632183908045977
mlma_ar_hate_vs_normal,mlma__lang=ar (heuristic),svd_histgb,9,0,0.7350707335420155
mlma_ar_hate_vs_normal,mlma__lang=ar (heuristic),svd_knn,0,0,0.7687150837988828
mlma_ar_hate_vs_normal,mlma__lang=ar (heuristic),svd_knn,1,0,0.7437630927442391
mlma_ar_hate_vs_normal,mlma__lang=ar (heuristic),svd_knn,2,0,0.7015357867284845
mlma_ar_hate_vs_normal,mlma__lang=ar (heuristic),svd_knn,3,0,0.7099768535089603
mlma_ar_hate_vs_normal,mlma__lang=ar (heuristic),svd_knn,4,0,0.6338179073221808
mlma_ar_hate_vs_normal,mlma__lang=ar (heuristic),svd_knn,5,0,0.6861199119645924
mlma_ar_hate_vs_normal,mlma__lang=ar (heuristic),svd_knn,6,0,0.706955997588909
mlma_ar_hate_vs_normal,mlma__lang=ar (heuristic),svd_knn,7,0,0.6874348032242769
mlma_ar_hate_vs_normal,mlma__lang=ar (heuristic),svd_knn,8,0,0.6884270101483216
mlma_ar_hate_vs_normal,mlma__lang=ar (heuristic),svd_knn,9,0,0.7060488064430309
mlma_ar_hate_vs_normal,mlma__lang=ar (heuristic),minilm_lr,0,0,0.7086148648648649
mlma_ar_hate_vs_normal,mlma__lang=ar (heuristic),minilm_lr,1,0,0.6738624338624338
mlma_ar_hate_vs_normal,mlma__lang=ar (heuristic),minilm_lr,2,0,0.6307170542635658
mlma_ar_hate_vs_normal,mlma__lang=ar (heuristic),minilm_lr,3,0,0.6551366390794842
mlma_ar_hate_vs_normal,mlma__lang=ar (heuristic),minilm_lr,4,0,0.7069701280227596
mlma_ar_hate_vs_normal,mlma__lang=ar (heuristic),minilm_lr,5,0,0.719164813087465
mlma_ar_hate_vs_normal,mlma__lang=ar (heuristic),minilm_lr,6,0,0.6667618231991626
mlma_ar_hate_vs_normal,mlma__lang=ar (heuristic),minilm_lr,7,0,0.7564551215359879
mlma_ar_hate_vs_normal,mlma__lang=ar (heuristic),minilm_lr,8,0,0.7651975683890577
mlma_ar_hate_vs_normal,mlma__lang=ar (heuristic),minilm_lr,9,0,0.6477963525835866
mlma_ar_hate_vs_normal,mlma__lang=ar (heuristic),minilm_mlp,0,0,0.7143091066457694
mlma_ar_hate_vs_normal,mlma__lang=ar (heuristic),minilm_mlp,1,0,0.6364594309799789
mlma_ar_hate_vs_normal,mlma__lang=ar (heuristic),minilm_mlp,2,0,0.6206261510128913
mlma_ar_hate_vs_normal,mlma__lang=ar (heuristic),minilm_mlp,3,0,0.6929519483284832
mlma_ar_hate_vs_normal,mlma__lang=ar (heuristic),minilm_mlp,4,0,0.6695187165775401
mlma_ar_hate_vs_normal,mlma__lang=ar (heuristic),minilm_mlp,5,0,0.7085860886661711
mlma_ar_hate_vs_normal,mlma__lang=ar (heuristic),minilm_mlp,6,0,0.6978963817766558
mlma_ar_hate_vs_normal,mlma__lang=ar (heuristic),minilm_mlp,7,0,0.7405109922756982
mlma_ar_hate_vs_normal,mlma__lang=ar (heuristic),minilm_mlp,8,0,0.7032555459521752
mlma_ar_hate_vs_normal,mlma__lang=ar (heuristic),minilm_mlp,9,0,0.666094584286804
mlma_ar_hate_vs_normal,mlma__lang=ar (heuristic),hatebert_lr,0,0,0.716304347826087
mlma_ar_hate_vs_normal,mlma__lang=ar (heuristic),hatebert_lr,1,0,0.6327731092436975
mlma_ar_hate_vs_normal,mlma__lang=ar (heuristic),hatebert_lr,2,0,0.7205426356589147
mlma_ar_hate_vs_normal,mlma__lang=ar (heuristic),hatebert_lr,3,0,0.678125
mlma_ar_hate_vs_normal,mlma__lang=ar (heuristic),hatebert_lr,4,0,0.637420132610006
mlma_ar_hate_vs_normal,mlma__lang=ar (heuristic),hatebert_lr,5,0,0.7265054528212422
mlma_ar_hate_vs_normal,mlma__lang=ar (heuristic),hatebert_lr,6,0,0.6667618231991626
mlma_ar_hate_vs_normal,mlma__lang=ar (heuristic),hatebert_lr,7,0,0.7268939393939394
mlma_ar_hate_vs_normal,mlma__lang=ar (heuristic),hatebert_lr,8,0,0.6948877209746775
mlma_ar_hate_vs_normal,mlma__lang=ar (heuristic),hatebert_lr,9,0,0.726063829787234
mlma_ar_hate_vs_normal,mlma__lang=ar (heuristic),mbert_lr,0,0,0.7646835922697992
mlma_ar_hate_vs_normal,mlma__lang=ar (heuristic),mbert_lr,1,0,0.6122400588053969
mlma_ar_hate_vs_normal,mlma__lang=ar (heuristic),mbert_lr,2,0,0.6789507756491716
mlma_ar_hate_vs_normal,mlma__lang=ar (heuristic),mbert_lr,3,0,0.6644079801676307
mlma_ar_hate_vs_normal,mlma__lang=ar (heuristic),mbert_lr,4,0,0.671689365401333
mlma_ar_hate_vs_normal,mlma__lang=ar (heuristic),mbert_lr,5,0,0.6483641536273115
mlma_ar_hate_vs_normal,mlma__lang=ar (heuristic),mbert_lr,6,0,0.6653607262302914
mlma_ar_hate_vs_normal,mlma__lang=ar (heuristic),mbert_lr,7,0,0.6464530892448512
mlma_ar_hate_vs_normal,mlma__lang=ar (heuristic),mbert_lr,8,0,0.678125
mlma_ar_hate_vs_normal,mlma__lang=ar (heuristic),mbert_lr,9,0,0.7120655753239676
mlma_en_hate_vs_normal,mlma__lang=en (heuristic),tfidf_word_lr,0,0,0.6864548494983278
mlma_en_hate_vs_normal,mlma__lang=en (heuristic),tfidf_word_lr,1,0,0.685
mlma_en_hate_vs_normal,mlma__lang=en (heuristic),tfidf_word_lr,2,0,0.6219016944405545
mlma_en_hate_vs_normal,mlma__lang=en (heuristic),tfidf_word_lr,3,0,0.6351719812081568
mlma_en_hate_vs_normal,mlma__lang=en (heuristic),tfidf_word_lr,4,0,0.6534017971758665
mlma_en_hate_vs_normal,mlma__lang=en (heuristic),tfidf_word_lr,5,0,0.7221364618709478
mlma_en_hate_vs_normal,mlma__lang=en (heuristic),tfidf_word_lr,6,0,0.6532489069802503
mlma_en_hate_vs_normal,mlma__lang=en (heuristic),tfidf_word_lr,7,0,0.6666666666666667
mlma_en_hate_vs_normal,mlma__lang=en (heuristic),tfidf_word_lr,8,0,0.6716254540026867
mlma_en_hate_vs_normal,mlma__lang=en (heuristic),tfidf_word_lr,9,0,0.6758631086989295
mlma_en_hate_vs_normal,mlma__lang=en (heuristic),tfidf_char_svm,0,0,0.7602979680643139
mlma_en_hate_vs_normal,mlma__lang=en (heuristic),tfidf_char_svm,1,0,0.7361676466154079
mlma_en_hate_vs_normal,mlma__lang=en (heuristic),tfidf_char_svm,2,0,0.719141866322077
mlma_en_hate_vs_normal,mlma__lang=en (heuristic),tfidf_char_svm,3,0,0.627650963250769
mlma_en_hate_vs_normal,mlma__lang=en (heuristic),tfidf_char_svm,4,0,0.6649524700015583
mlma_en_hate_vs_normal,mlma__lang=en (heuristic),tfidf_char_svm,5,0,0.7499494847443928
mlma_en_hate_vs_normal,mlma__lang=en (heuristic),tfidf_char_svm,6,0,0.6893311780157607
mlma_en_hate_vs_normal,mlma__lang=en (heuristic),tfidf_char_svm,7,0,0.7155106783667908
mlma_en_hate_vs_normal,mlma__lang=en (heuristic),tfidf_char_svm,8,0,0.7069358515141648
mlma_en_hate_vs_normal,mlma__lang=en (heuristic),tfidf_char_svm,9,0,0.7242040113425956
mlma_en_hate_vs_normal,mlma__lang=en (heuristic),tfidf_nb,0,0,0.6260755958012344
mlma_en_hate_vs_normal,mlma__lang=en (heuristic),tfidf_nb,1,0,0.5926618791865307
mlma_en_hate_vs_normal,mlma__lang=en (heuristic),tfidf_nb,2,0,0.5964384088142977
mlma_en_hate_vs_normal,mlma__lang=en (heuristic),tfidf_nb,3,0,0.573963388941775
mlma_en_hate_vs_normal,mlma__lang=en (heuristic),tfidf_nb,4,0,0.5979883653103373
mlma_en_hate_vs_normal,mlma__lang=en (heuristic),tfidf_nb,5,0,0.6757029944827393
mlma_en_hate_vs_normal,mlma__lang=en (heuristic),tfidf_nb,6,0,0.6331023236852833
mlma_en_hate_vs_normal,mlma__lang=en (heuristic),tfidf_nb,7,0,0.626365657170784
mlma_en_hate_vs_normal,mlma__lang=en (heuristic),tfidf_nb,8,0,0.5705409356725146
mlma_en_hate_vs_normal,mlma__lang=en (heuristic),tfidf_nb,9,0,0.5848152502269379
mlma_en_hate_vs_normal,mlma__lang=en (heuristic),svd_rf,0,0,0.6129032258064516
mlma_en_hate_vs_normal,mlma__lang=en (heuristic),svd_rf,1,0,0.6452838517444153
mlma_en_hate_vs_normal,mlma__lang=en (heuristic),svd_rf,2,0,0.642386598908338
mlma_en_hate_vs_normal,mlma__lang=en (heuristic),svd_rf,3,0,0.5874472720530293
mlma_en_hate_vs_normal,mlma__lang=en (heuristic),svd_rf,4,0,0.5868297995003523
mlma_en_hate_vs_normal,mlma__lang=en (heuristic),svd_rf,5,0,0.6345029239766082
mlma_en_hate_vs_normal,mlma__lang=en (heuristic),svd_rf,6,0,0.5900346893724377
mlma_en_hate_vs_normal,mlma__lang=en (heuristic),svd_rf,7,0,0.630144040949453
mlma_en_hate_vs_normal,mlma__lang=en (heuristic),svd_rf,8,0,0.5911111111111111
mlma_en_hate_vs_normal,mlma__lang=en (heuristic),svd_rf,9,0,0.6465241541827975
mlma_en_hate_vs_normal,mlma__lang=en (heuristic),svd_histgb,0,0,0.6027542372881356
mlma_en_hate_vs_normal,mlma__lang=en (heuristic),svd_histgb,1,0,0.5040139080636089
mlma_en_hate_vs_normal,mlma__lang=en (heuristic),svd_histgb,2,0,0.5654226143003629
mlma_en_hate_vs_normal,mlma__lang=en (heuristic),svd_histgb,3,0,0.5947199661452823
mlma_en_hate_vs_normal,mlma__lang=en (heuristic),svd_histgb,4,0,0.5781603676521023
mlma_en_hate_vs_normal,mlma__lang=en (heuristic),svd_histgb,5,0,0.592823093220339
mlma_en_hate_vs_normal,mlma__lang=en (heuristic),svd_histgb,6,0,0.6047430830039526
mlma_en_hate_vs_normal,mlma__lang=en (heuristic),svd_histgb,7,0,0.5803090900113563
mlma_en_hate_vs_normal,mlma__lang=en (heuristic),svd_histgb,8,0,0.5765104460756635
mlma_en_hate_vs_normal,mlma__lang=en (heuristic),svd_histgb,9,0,0.6017871017871017
mlma_en_hate_vs_normal,mlma__lang=en (heuristic),svd_knn,0,0,0.6101871101871101
mlma_en_hate_vs_normal,mlma__lang=en (heuristic),svd_knn,1,0,0.5888157894736843
mlma_en_hate_vs_normal,mlma__lang=en (heuristic),svd_knn,2,0,0.6021049929405724
mlma_en_hate_vs_normal,mlma__lang=en (heuristic),svd_knn,3,0,0.5444096133751306
mlma_en_hate_vs_normal,mlma__lang=en (heuristic),svd_knn,4,0,0.5564540462253333
mlma_en_hate_vs_normal,mlma__lang=en (heuristic),svd_knn,5,0,0.566200109502885
mlma_en_hate_vs_normal,mlma__lang=en (heuristic),svd_knn,6,0,0.6448503297818367
mlma_en_hate_vs_normal,mlma__lang=en (heuristic),svd_knn,7,0,0.5797903196140296
mlma_en_hate_vs_normal,mlma__lang=en (heuristic),svd_knn,8,0,0.608572539003942
mlma_en_hate_vs_normal,mlma__lang=en (heuristic),svd_knn,9,0,0.6303008336353751
mlma_en_hate_vs_normal,mlma__lang=en (heuristic),minilm_lr,0,0,0.6253166966016819
mlma_en_hate_vs_normal,mlma__lang=en (heuristic),minilm_lr,1,0,0.635058048210131
mlma_en_hate_vs_normal,mlma__lang=en (heuristic),minilm_lr,2,0,0.6498735654541918
mlma_en_hate_vs_normal,mlma__lang=en (heuristic),minilm_lr,3,0,0.5776732321834654
mlma_en_hate_vs_normal,mlma__lang=en (heuristic),minilm_lr,4,0,0.6381534862754177
mlma_en_hate_vs_normal,mlma__lang=en (heuristic),minilm_lr,5,0,0.6480395183698673
mlma_en_hate_vs_normal,mlma__lang=en (heuristic),minilm_lr,6,0,0.5809405556417817
mlma_en_hate_vs_normal,mlma__lang=en (heuristic),minilm_lr,7,0,0.6137849079025549
mlma_en_hate_vs_normal,mlma__lang=en (heuristic),minilm_lr,8,0,0.5737771463365131
mlma_en_hate_vs_normal,mlma__lang=en (heuristic),minilm_lr,9,0,0.6744791666666667
mlma_en_hate_vs_normal,mlma__lang=en (heuristic),minilm_mlp,0,0,0.7814473045167557
mlma_en_hate_vs_normal,mlma__lang=en (heuristic),minilm_mlp,1,0,0.7539495798319328
mlma_en_hate_vs_normal,mlma__lang=en (heuristic),minilm_mlp,2,0,0.7360263161457135
mlma_en_hate_vs_normal,mlma__lang=en (heuristic),minilm_mlp,3,0,0.6968121968121967
mlma_en_hate_vs_normal,mlma__lang=en (heuristic),minilm_mlp,4,0,0.6732773109243697
mlma_en_hate_vs_normal,mlma__lang=en (heuristic),minilm_mlp,5,0,0.7315382457827464
mlma_en_hate_vs_normal,mlma__lang=en (heuristic),minilm_mlp,6,0,0.6594141924109469
mlma_en_hate_vs_normal,mlma__lang=en (heuristic),minilm_mlp,7,0,0.7391871332319061
mlma_en_hate_vs_normal,mlma__lang=en (heuristic),minilm_mlp,8,0,0.6472617056856187
mlma_en_hate_vs_normal,mlma__lang=en (heuristic),minilm_mlp,9,0,0.7310367311454031
mlma_en_hate_vs_normal,mlma__lang=en (heuristic),hatebert_lr,0,0,0.5583206686930091
mlma_en_hate_vs_normal,mlma__lang=en (heuristic),hatebert_lr,1,0,0.5539484483353356
mlma_en_hate_vs_normal,mlma__lang=en (heuristic),hatebert_lr,2,0,0.5658359497645212
mlma_en_hate_vs_normal,mlma__lang=en (heuristic),hatebert_lr,3,0,0.5423950414023534
mlma_en_hate_vs_normal,mlma__lang=en (heuristic),hatebert_lr,4,0,0.564185753716527
mlma_en_hate_vs_normal,mlma__lang=en (heuristic),hatebert_lr,5,0,0.6555023923444976
mlma_en_hate_vs_normal,mlma__lang=en (heuristic),hatebert_lr,6,0,0.5457875457875458
mlma_en_hate_vs_normal,mlma__lang=en (heuristic),hatebert_lr,7,0,0.5814681369872985
mlma_en_hate_vs_normal,mlma__lang=en (heuristic),hatebert_lr,8,0,0.5638495638495639
mlma_en_hate_vs_normal,mlma__lang=en (heuristic),hatebert_lr,9,0,0.5550476560980354
mlma_en_hate_vs_normal,mlma__lang=en (heuristic),mbert_lr,0,0,0.5696362575374441
mlma_en_hate_vs_normal,mlma__lang=en (heuristic),mbert_lr,1,0,0.5697777777777777
mlma_en_hate_vs_normal,mlma__lang=en (heuristic),mbert_lr,2,0,0.539894512400404
mlma_en_hate_vs_normal,mlma__lang=en (heuristic),mbert_lr,3,0,0.5893174504058792
mlma_en_hate_vs_normal,mlma__lang=en (heuristic),mbert_lr,4,0,0.6061077611359658
mlma_en_hate_vs_normal,mlma__lang=en (heuristic),mbert_lr,5,0,0.5854063018242123
mlma_en_hate_vs_normal,mlma__lang=en (heuristic),mbert_lr,6,0,0.5002337036637543
mlma_en_hate_vs_normal,mlma__lang=en (heuristic),mbert_lr,7,0,0.6201644724711436
mlma_en_hate_vs_normal,mlma__lang=en (heuristic),mbert_lr,8,0,0.5732060185185186
mlma_en_hate_vs_normal,mlma__lang=en (heuristic),mbert_lr,9,0,0.5820687596397831
mlma_fr_hate_vs_normal,mlma__lang=fr (heuristic),tfidf_word_lr,0,0,0.6402318905836664
mlma_fr_hate_vs_normal,mlma__lang=fr (heuristic),tfidf_word_lr,1,0,0.6135485337576723
mlma_fr_hate_vs_normal,mlma__lang=fr (heuristic),tfidf_word_lr,2,0,0.6044482463644141
mlma_fr_hate_vs_normal,mlma__lang=fr (heuristic),tfidf_word_lr,3,0,0.622543188898329
mlma_fr_hate_vs_normal,mlma__lang=fr (heuristic),tfidf_word_lr,4,0,0.6141508887730878
mlma_fr_hate_vs_normal,mlma__lang=fr (heuristic),tfidf_word_lr,5,0,0.6613977187192404
mlma_fr_hate_vs_normal,mlma__lang=fr (heuristic),tfidf_word_lr,6,0,0.6263736263736264
mlma_fr_hate_vs_normal,mlma__lang=fr (heuristic),tfidf_word_lr,7,0,0.6234462444771722
mlma_fr_hate_vs_normal,mlma__lang=fr (heuristic),tfidf_word_lr,8,0,0.5987654320987654
mlma_fr_hate_vs_normal,mlma__lang=fr (heuristic),tfidf_word_lr,9,0,0.6345864661654135
mlma_fr_hate_vs_normal,mlma__lang=fr (heuristic),tfidf_char_svm,0,0,0.5889364128885087
mlma_fr_hate_vs_normal,mlma__lang=fr (heuristic),tfidf_char_svm,1,0,0.5641025641025641
mlma_fr_hate_vs_normal,mlma__lang=fr (heuristic),tfidf_char_svm,2,0,0.592156862745098
mlma_fr_hate_vs_normal,mlma__lang=fr (heuristic),tfidf_char_svm,3,0,0.5984019454577036
mlma_fr_hate_vs_normal,mlma__lang=fr (heuristic),tfidf_char_svm,4,0,0.5146983857264231
mlma_fr_hate_vs_normal,mlma__lang=fr (heuristic),tfidf_char_svm,5,0,0.6683913172762415
mlma_fr_hate_vs_normal,mlma__lang=fr (heuristic),tfidf_char_svm,6,0,0.5016519493001742
mlma_fr_hate_vs_normal,mlma__lang=fr (heuristic),tfidf_char_svm,7,0,0.5875111507582516
mlma_fr_hate_vs_normal,mlma__lang=fr (heuristic),tfidf_char_svm,8,0,0.516345723242275
mlma_fr_hate_vs_normal,mlma__lang=fr (heuristic),tfidf_char_svm,9,0,0.5464550509731232
mlma_fr_hate_vs_normal,mlma__lang=fr (heuristic),tfidf_nb,0,0,0.5632411067193676
mlma_fr_hate_vs_normal,mlma__lang=fr (heuristic),tfidf_nb,1,0,0.5810012836970475
mlma_fr_hate_vs_normal,mlma__lang=fr (heuristic),tfidf_nb,2,0,0.5692586128886303
mlma_fr_hate_vs_normal,mlma__lang=fr (heuristic),tfidf_nb,3,0,0.5859583721652688
mlma_fr_hate_vs_normal,mlma__lang=fr (heuristic),tfidf_nb,4,0,0.597860962566845
mlma_fr_hate_vs_normal,mlma__lang=fr (heuristic),tfidf_nb,5,0,0.6599149787446861
mlma_fr_hate_vs_normal,mlma__lang=fr (heuristic),tfidf_nb,6,0,0.6136363636363636
mlma_fr_hate_vs_normal,mlma__lang=fr (heuristic),tfidf_nb,7,0,0.5694022289766971
mlma_fr_hate_vs_normal,mlma__lang=fr (heuristic),tfidf_nb,8,0,0.5223167173629648
mlma_fr_hate_vs_normal,mlma__lang=fr (heuristic),tfidf_nb,9,0,0.5845110231769362
mlma_fr_hate_vs_normal,mlma__lang=fr (heuristic),svd_rf,0,0,0.5935931149892422
mlma_fr_hate_vs_normal,mlma__lang=fr (heuristic),svd_rf,1,0,0.5975378787878788
mlma_fr_hate_vs_normal,mlma__lang=fr (heuristic),svd_rf,2,0,0.5464426877470356
mlma_fr_hate_vs_normal,mlma__lang=fr (heuristic),svd_rf,3,0,0.6098493903896725
mlma_fr_hate_vs_normal,mlma__lang=fr (heuristic),svd_rf,4,0,0.5066309842402617
mlma_fr_hate_vs_normal,mlma__lang=fr (heuristic),svd_rf,5,0,0.667887667887668
mlma_fr_hate_vs_normal,mlma__lang=fr (heuristic),svd_rf,6,0,0.5565217391304348
mlma_fr_hate_vs_normal,mlma__lang=fr (heuristic),svd_rf,7,0,0.5636363636363637
mlma_fr_hate_vs_normal,mlma__lang=fr (heuristic),svd_rf,8,0,0.6735976789168279
mlma_fr_hate_vs_normal,mlma__lang=fr (heuristic),svd_rf,9,0,0.6409574468085106
mlma_fr_hate_vs_normal,mlma__lang=fr (heuristic),svd_histgb,0,0,0.6044211751018034
mlma_fr_hate_vs_normal,mlma__lang=fr (heuristic),svd_histgb,1,0,0.597860962566845
mlma_fr_hate_vs_normal,mlma__lang=fr (heuristic),svd_histgb,2,0,0.5139793987807442
mlma_fr_hate_vs_normal,mlma__lang=fr (heuristic),svd_histgb,3,0,0.5572916666666667
mlma_fr_hate_vs_normal,mlma__lang=fr (heuristic),svd_histgb,4,0,0.5450908375418115
mlma_fr_hate_vs_normal,mlma__lang=fr (heuristic),svd_histgb,5,0,0.6682926829268293
mlma_fr_hate_vs_normal,mlma__lang=fr (heuristic),svd_histgb,6,0,0.6104166666666667
mlma_fr_hate_vs_normal,mlma__lang=fr (heuristic),svd_histgb,7,0,0.5924075924075924
mlma_fr_hate_vs_normal,mlma__lang=fr (heuristic),svd_histgb,8,0,0.5679723502304148
mlma_fr_hate_vs_normal,mlma__lang=fr (heuristic),svd_histgb,9,0,0.5914473684210526
mlma_fr_hate_vs_normal,mlma__lang=fr (heuristic),svd_knn,0,0,0.5632411067193676
mlma_fr_hate_vs_normal,mlma__lang=fr (heuristic),svd_knn,1,0,0.6098493903896725
mlma_fr_hate_vs_normal,mlma__lang=fr (heuristic),svd_knn,2,0,0.5788962418796673
mlma_fr_hate_vs_normal,mlma__lang=fr (heuristic),svd_knn,3,0,0.6119239876145953
mlma_fr_hate_vs_normal,mlma__lang=fr (heuristic),svd_knn,4,0,0.5610805641883816
mlma_fr_hate_vs_normal,mlma__lang=fr (heuristic),svd_knn,5,0,0.6136363636363636
mlma_fr_hate_vs_normal,mlma__lang=fr (heuristic),svd_knn,6,0,0.5073371400503469
mlma_fr_hate_vs_normal,mlma__lang=fr (heuristic),svd_knn,7,0,0.5748937234308578
mlma_fr_hate_vs_normal,mlma__lang=fr (heuristic),svd_knn,8,0,0.5414456826172457
mlma_fr_hate_vs_normal,mlma__lang=fr (heuristic),svd_knn,9,0,0.5785464535464535
mlma_fr_hate_vs_normal,mlma__lang=fr (heuristic),minilm_lr,0,0,0.5700090334236676
mlma_fr_hate_vs_normal,mlma__lang=fr (heuristic),minilm_lr,1,0,0.575
mlma_fr_hate_vs_normal,mlma__lang=fr (heuristic),minilm_lr,2,0,0.5659255998239049
mlma_fr_hate_vs_normal,mlma__lang=fr (heuristic),minilm_lr,3,0,0.572615039281706
mlma_fr_hate_vs_normal,mlma__lang=fr (heuristic),minilm_lr,4,0,0.4895613417780905
mlma_fr_hate_vs_normal,mlma__lang=fr (heuristic),minilm_lr,5,0,0.5208001818595136
mlma_fr_hate_vs_normal,mlma__lang=fr (heuristic),minilm_lr,6,0,0.5510044205696379
mlma_fr_hate_vs_normal,mlma__lang=fr (heuristic),minilm_lr,7,0,0.5362582405092067
mlma_fr_hate_vs_normal,mlma__lang=fr (heuristic),minilm_lr,8,0,0.6347058823529412
mlma_fr_hate_vs_normal,mlma__lang=fr (heuristic),minilm_lr,9,0,0.555052790346908
mlma_fr_hate_vs_normal,mlma__lang=fr (heuristic),minilm_mlp,0,0,0.5852685901946986
mlma_fr_hate_vs_normal,mlma__lang=fr (heuristic),minilm_mlp,1,0,0.6222222222222222
mlma_fr_hate_vs_normal,mlma__lang=fr (heuristic),minilm_mlp,2,0,0.5888372093023255
mlma_fr_hate_vs_normal,mlma__lang=fr (heuristic),minilm_mlp,3,0,0.5893719806763285
mlma_fr_hate_vs_normal,mlma__lang=fr (heuristic),minilm_mlp,4,0,0.47807486631016044
mlma_fr_hate_vs_normal,mlma__lang=fr (heuristic),minilm_mlp,5,0,0.5448242887879512
mlma_fr_hate_vs_normal,mlma__lang=fr (heuristic),minilm_mlp,6,0,0.5506697903526161
mlma_fr_hate_vs_normal,mlma__lang=fr (heuristic),minilm_mlp,7,0,0.6036871840618495
mlma_fr_hate_vs_normal,mlma__lang=fr (heuristic),minilm_mlp,8,0,0.5878114313629702
mlma_fr_hate_vs_normal,mlma__lang=fr (heuristic),minilm_mlp,9,0,0.5161290322580645
mlma_fr_hate_vs_normal,mlma__lang=fr (heuristic),hatebert_lr,0,0,0.5952380952380952
mlma_fr_hate_vs_normal,mlma__lang=fr (heuristic),hatebert_lr,1,0,0.5268237934904602
mlma_fr_hate_vs_normal,mlma__lang=fr (heuristic),hatebert_lr,2,0,0.6442366560917236
mlma_fr_hate_vs_normal,mlma__lang=fr (heuristic),hatebert_lr,3,0,0.5607843137254902
mlma_fr_hate_vs_normal,mlma__lang=fr (heuristic),hatebert_lr,4,0,0.4810325476992144
mlma_fr_hate_vs_normal,mlma__lang=fr (heuristic),hatebert_lr,5,0,0.5753755522827688
mlma_fr_hate_vs_normal,mlma__lang=fr (heuristic),hatebert_lr,6,0,0.5546522131887985
mlma_fr_hate_vs_normal,mlma__lang=fr (heuristic),hatebert_lr,7,0,0.6007754084741068
mlma_fr_hate_vs_normal,mlma__lang=fr (heuristic),hatebert_lr,8,0,0.558798234046213
mlma_fr_hate_vs_normal,mlma__lang=fr (heuristic),hatebert_lr,9,0,0.5840358118714029
mlma_fr_hate_vs_normal,mlma__lang=fr (heuristic),mbert_lr,0,0,0.5425420457678523
mlma_fr_hate_vs_normal,mlma__lang=fr (heuristic),mbert_lr,1,0,0.6402318905836664
mlma_fr_hate_vs_normal,mlma__lang=fr (heuristic),mbert_lr,2,0,0.5713351174546536
mlma_fr_hate_vs_normal,mlma__lang=fr (heuristic),mbert_lr,3,0,0.6171655081289136
mlma_fr_hate_vs_normal,mlma__lang=fr (heuristic),mbert_lr,4,0,0.511377245508982
mlma_fr_hate_vs_normal,mlma__lang=fr (heuristic),mbert_lr,5,0,0.5473813277281485
mlma_fr_hate_vs_normal,mlma__lang=fr (heuristic),mbert_lr,6,0,0.5485347985347986
mlma_fr_hate_vs_normal,mlma__lang=fr (heuristic),mbert_lr,7,0,0.5268890789848873
mlma_fr_hate_vs_normal,mlma__lang=fr (heuristic),mbert_lr,8,0,0.6076699527038578
mlma_fr_hate_vs_normal,mlma__lang=fr (heuristic),mbert_lr,9,0,0.5461279845005413
sbic_hf_group_targeted,sbic_hf__all platforms pooled,tfidf_word_lr,0,0,0.7394325419803127
sbic_hf_group_targeted,sbic_hf__all platforms pooled,tfidf_word_lr,1,0,0.7235209494695198
sbic_hf_group_targeted,sbic_hf__all platforms pooled,tfidf_word_lr,2,0,0.6654623310584772
sbic_hf_group_targeted,sbic_hf__all platforms pooled,tfidf_word_lr,3,0,0.6797722825120085
sbic_hf_group_targeted,sbic_hf__all platforms pooled,tfidf_word_lr,4,0,0.6823132057384267
sbic_hf_group_targeted,sbic_hf__all platforms pooled,tfidf_word_lr,5,0,0.7189883580891208
sbic_hf_group_targeted,sbic_hf__all platforms pooled,tfidf_word_lr,6,0,0.7228128374391913
sbic_hf_group_targeted,sbic_hf__all platforms pooled,tfidf_word_lr,7,0,0.6884735202492211
sbic_hf_group_targeted,sbic_hf__all platforms pooled,tfidf_word_lr,8,0,0.7133333333333334
sbic_hf_group_targeted,sbic_hf__all platforms pooled,tfidf_word_lr,9,0,0.6622487766271694
sbic_hf_group_targeted,sbic_hf__all platforms pooled,tfidf_char_svm,0,0,0.6993452407465146
sbic_hf_group_targeted,sbic_hf__all platforms pooled,tfidf_char_svm,1,0,0.6814610320662562
sbic_hf_group_targeted,sbic_hf__all platforms pooled,tfidf_char_svm,2,0,0.6632996632996633
sbic_hf_group_targeted,sbic_hf__all platforms pooled,tfidf_char_svm,3,0,0.6666073968705548
sbic_hf_group_targeted,sbic_hf__all platforms pooled,tfidf_char_svm,4,0,0.6693791675479511
sbic_hf_group_targeted,sbic_hf__all platforms pooled,tfidf_char_svm,5,0,0.7161336287027864
sbic_hf_group_targeted,sbic_hf__all platforms pooled,tfidf_char_svm,6,0,0.6833298147757197
sbic_hf_group_targeted,sbic_hf__all platforms pooled,tfidf_char_svm,7,0,0.6563573883161512
sbic_hf_group_targeted,sbic_hf__all platforms pooled,tfidf_char_svm,8,0,0.6823132057384267
sbic_hf_group_targeted,sbic_hf__all platforms pooled,tfidf_char_svm,9,0,0.6424394319131161
sbic_hf_group_targeted,sbic_hf__all platforms pooled,tfidf_nb,0,0,0.7363121530057077
sbic_hf_group_targeted,sbic_hf__all platforms pooled,tfidf_nb,1,0,0.6888528138528138
sbic_hf_group_targeted,sbic_hf__all platforms pooled,tfidf_nb,2,0,0.6695557360451273
sbic_hf_group_targeted,sbic_hf__all platforms pooled,tfidf_nb,3,0,0.6797722825120085
sbic_hf_group_targeted,sbic_hf__all platforms pooled,tfidf_nb,4,0,0.6689369196642552
sbic_hf_group_targeted,sbic_hf__all platforms pooled,tfidf_nb,5,0,0.7213986013986013
sbic_hf_group_targeted,sbic_hf__all platforms pooled,tfidf_nb,6,0,0.7431021252460548
sbic_hf_group_targeted,sbic_hf__all platforms pooled,tfidf_nb,7,0,0.6823132057384267
sbic_hf_group_targeted,sbic_hf__all platforms pooled,tfidf_nb,8,0,0.7065492863812192
sbic_hf_group_targeted,sbic_hf__all platforms pooled,tfidf_nb,9,0,0.6724014975931538
sbic_hf_group_targeted,sbic_hf__all platforms pooled,svd_rf,0,0,0.7076023391812865
sbic_hf_group_targeted,sbic_hf__all platforms pooled,svd_rf,1,0,0.6419437340153453
sbic_hf_group_targeted,sbic_hf__all platforms pooled,svd_rf,2,0,0.6285099119802764
sbic_hf_group_targeted,sbic_hf__all platforms pooled,svd_rf,3,0,0.672706414279448
sbic_hf_group_targeted,sbic_hf__all platforms pooled,svd_rf,4,0,0.6442255062944718
sbic_hf_group_targeted,sbic_hf__all platforms pooled,svd_rf,5,0,0.6538461538461537
sbic_hf_group_targeted,sbic_hf__all platforms pooled,svd_rf,6,0,0.6466985946455209
sbic_hf_group_targeted,sbic_hf__all platforms pooled,svd_rf,7,0,0.6445938779885142
sbic_hf_group_targeted,sbic_hf__all platforms pooled,svd_rf,8,0,0.6887515478753667
sbic_hf_group_targeted,sbic_hf__all platforms pooled,svd_rf,9,0,0.6586876936074345
sbic_hf_group_targeted,sbic_hf__all platforms pooled,svd_histgb,0,0,0.6753246753246753
sbic_hf_group_targeted,sbic_hf__all platforms pooled,svd_histgb,1,0,0.619267961230472
sbic_hf_group_targeted,sbic_hf__all platforms pooled,svd_histgb,2,0,0.6616755434964661
sbic_hf_group_targeted,sbic_hf__all platforms pooled,svd_histgb,3,0,0.70560685133146
sbic_hf_group_targeted,sbic_hf__all platforms pooled,svd_histgb,4,0,0.6228956228956228
sbic_hf_group_targeted,sbic_hf__all platforms pooled,svd_histgb,5,0,0.6996996996996997
sbic_hf_group_targeted,sbic_hf__all platforms pooled,svd_histgb,6,0,0.6443907675791734
sbic_hf_group_targeted,sbic_hf__all platforms pooled,svd_histgb,7,0,0.6279761904761905
sbic_hf_group_targeted,sbic_hf__all platforms pooled,svd_histgb,8,0,0.6866109530583215
sbic_hf_group_targeted,sbic_hf__all platforms pooled,svd_histgb,9,0,0.6538629566152502
sbic_hf_group_targeted,sbic_hf__all platforms pooled,svd_knn,0,0,0.6666518511933863
sbic_hf_group_targeted,sbic_hf__all platforms pooled,svd_knn,1,0,0.6325330720235178
sbic_hf_group_targeted,sbic_hf__all platforms pooled,svd_knn,2,0,0.6659391563850162
sbic_hf_group_targeted,sbic_hf__all platforms pooled,svd_knn,3,0,0.6833298147757197
sbic_hf_group_targeted,sbic_hf__all platforms pooled,svd_knn,4,0,0.630558416550983
sbic_hf_group_targeted,sbic_hf__all platforms pooled,svd_knn,5,0,0.6488724905529979
sbic_hf_group_targeted,sbic_hf__all platforms pooled,svd_knn,6,0,0.6796440489432702
sbic_hf_group_targeted,sbic_hf__all platforms pooled,svd_knn,7,0,0.5896306676008407
sbic_hf_group_targeted,sbic_hf__all platforms pooled,svd_knn,8,0,0.6262513904338154
sbic_hf_group_targeted,sbic_hf__all platforms pooled,svd_knn,9,0,0.6366626295847732
sbic_hf_group_targeted,sbic_hf__all platforms pooled,minilm_lr,0,0,0.6892230576441103
sbic_hf_group_targeted,sbic_hf__all platforms pooled,minilm_lr,1,0,0.6628800943490694
sbic_hf_group_targeted,sbic_hf__all platforms pooled,minilm_lr,2,0,0.7033036636997033
sbic_hf_group_targeted,sbic_hf__all platforms pooled,minilm_lr,3,0,0.7120535714285714
sbic_hf_group_targeted,sbic_hf__all platforms pooled,minilm_lr,4,0,0.7166635184835387
sbic_hf_group_targeted,sbic_hf__all platforms pooled,minilm_lr,5,0,0.6827375850207613
sbic_hf_group_targeted,sbic_hf__all platforms pooled,minilm_lr,6,0,0.6966632962588473
sbic_hf_group_targeted,sbic_hf__all platforms pooled,minilm_lr,7,0,0.7133205920263123
sbic_hf_group_targeted,sbic_hf__all platforms pooled,minilm_lr,8,0,0.7064579256360078
sbic_hf_group_targeted,sbic_hf__all platforms pooled,minilm_lr,9,0,0.7260701082357133
sbic_hf_group_targeted,sbic_hf__all platforms pooled,minilm_mlp,0,0,0.726618065433855
sbic_hf_group_targeted,sbic_hf__all platforms pooled,minilm_mlp,1,0,0.7030660928168685
sbic_hf_group_targeted,sbic_hf__all platforms pooled,minilm_mlp,2,0,0.6965823839955543
sbic_hf_group_targeted,sbic_hf__all platforms pooled,minilm_mlp,3,0,0.7429877947017658
sbic_hf_group_targeted,sbic_hf__all platforms pooled,minilm_mlp,4,0,0.7266545179785768
sbic_hf_group_targeted,sbic_hf__all platforms pooled,minilm_mlp,5,0,0.6887515478753667
sbic_hf_group_targeted,sbic_hf__all platforms pooled,minilm_mlp,6,0,0.7066145092460883
sbic_hf_group_targeted,sbic_hf__all platforms pooled,minilm_mlp,7,0,0.7432620172270075
sbic_hf_group_targeted,sbic_hf__all platforms pooled,minilm_mlp,8,0,0.7299969999666662
sbic_hf_group_targeted,sbic_hf__all platforms pooled,minilm_mlp,9,0,0.7159565580618212
sbic_hf_group_targeted,sbic_hf__all platforms pooled,hatebert_lr,0,0,0.6861645299145299
sbic_hf_group_targeted,sbic_hf__all platforms pooled,hatebert_lr,1,0,0.6733333333333333
sbic_hf_group_targeted,sbic_hf__all platforms pooled,hatebert_lr,2,0,0.6332681365576103
sbic_hf_group_targeted,sbic_hf__all platforms pooled,hatebert_lr,3,0,0.6830480766022754
sbic_hf_group_targeted,sbic_hf__all platforms pooled,hatebert_lr,4,0,0.6297984458205023
sbic_hf_group_targeted,sbic_hf__all platforms pooled,hatebert_lr,5,0,0.6525767226404169
sbic_hf_group_targeted,sbic_hf__all platforms pooled,hatebert_lr,6,0,0.6399839992888572
sbic_hf_group_targeted,sbic_hf__all platforms pooled,hatebert_lr,7,0,0.669820235461529
sbic_hf_group_targeted,sbic_hf__all platforms pooled,hatebert_lr,8,0,0.6630300603876822
sbic_hf_group_targeted,sbic_hf__all platforms pooled,hatebert_lr,9,0,0.6398559423769508
sbic_hf_group_targeted,sbic_hf__all platforms pooled,mbert_lr,0,0,0.6566323298996566
sbic_hf_group_targeted,sbic_hf__all platforms pooled,mbert_lr,1,0,0.6159454976567109
sbic_hf_group_targeted,sbic_hf__all platforms pooled,mbert_lr,2,0,0.5879811074263892
sbic_hf_group_targeted,sbic_hf__all platforms pooled,mbert_lr,3,0,0.6389730789802104
sbic_hf_group_targeted,sbic_hf__all platforms pooled,mbert_lr,4,0,0.6661324786324787
sbic_hf_group_targeted,sbic_hf__all platforms pooled,mbert_lr,5,0,0.6929922135706341
sbic_hf_group_targeted,sbic_hf__all platforms pooled,mbert_lr,6,0,0.6426623326023311
sbic_hf_group_targeted,sbic_hf__all platforms pooled,mbert_lr,7,0,0.6599395448079659
sbic_hf_group_targeted,sbic_hf__all platforms pooled,mbert_lr,8,0,0.6666518511933863
sbic_hf_group_targeted,sbic_hf__all platforms pooled,mbert_lr,9,0,0.6966632962588473
sbic_hf_offensive_gab,sbic_hf__dataSource~=gab,tfidf_word_lr,0,0,0.6580547112462005
sbic_hf_offensive_gab,sbic_hf__dataSource~=gab,tfidf_word_lr,1,0,0.6696964017991005
sbic_hf_offensive_gab,sbic_hf__dataSource~=gab,tfidf_word_lr,2,0,0.6726850385386971
sbic_hf_offensive_gab,sbic_hf__dataSource~=gab,tfidf_word_lr,3,0,0.6764444444444444
sbic_hf_offensive_gab,sbic_hf__dataSource~=gab,tfidf_word_lr,4,0,0.6533672891907187
sbic_hf_offensive_gab,sbic_hf__dataSource~=gab,tfidf_word_lr,5,0,0.6395903462549513
sbic_hf_offensive_gab,sbic_hf__dataSource~=gab,tfidf_word_lr,6,0,0.6716063042173284
sbic_hf_offensive_gab,sbic_hf__dataSource~=gab,tfidf_word_lr,7,0,0.603906222121778
sbic_hf_offensive_gab,sbic_hf__dataSource~=gab,tfidf_word_lr,8,0,0.6656239887822242
sbic_hf_offensive_gab,sbic_hf__dataSource~=gab,tfidf_word_lr,9,0,0.7262222222222222
sbic_hf_offensive_gab,sbic_hf__dataSource~=gab,tfidf_char_svm,0,0,0.6732705980249392
sbic_hf_offensive_gab,sbic_hf__dataSource~=gab,tfidf_char_svm,1,0,0.7488038277511961
sbic_hf_offensive_gab,sbic_hf__dataSource~=gab,tfidf_char_svm,2,0,0.7139796843183182
sbic_hf_offensive_gab,sbic_hf__dataSource~=gab,tfidf_char_svm,3,0,0.7118017195830731
sbic_hf_offensive_gab,sbic_hf__dataSource~=gab,tfidf_char_svm,4,0,0.7018598267947564
sbic_hf_offensive_gab,sbic_hf__dataSource~=gab,tfidf_char_svm,5,0,0.6812282859155434
sbic_hf_offensive_gab,sbic_hf__dataSource~=gab,tfidf_char_svm,6,0,0.7130068146118506
sbic_hf_offensive_gab,sbic_hf__dataSource~=gab,tfidf_char_svm,7,0,0.6469571064892646
sbic_hf_offensive_gab,sbic_hf__dataSource~=gab,tfidf_char_svm,8,0,0.651242224858879
sbic_hf_offensive_gab,sbic_hf__dataSource~=gab,tfidf_char_svm,9,0,0.7180954193479321
sbic_hf_offensive_gab,sbic_hf__dataSource~=gab,tfidf_nb,0,0,0.6223145754084823
sbic_hf_offensive_gab,sbic_hf__dataSource~=gab,tfidf_nb,1,0,0.6853595058978907
sbic_hf_offensive_gab,sbic_hf__dataSource~=gab,tfidf_nb,2,0,0.6080685618729097
sbic_hf_offensive_gab,sbic_hf__dataSource~=gab,tfidf_nb,3,0,0.6479383958121812
sbic_hf_offensive_gab,sbic_hf__dataSource~=gab,tfidf_nb,4,0,0.6706495098039216
sbic_hf_offensive_gab,sbic_hf__dataSource~=gab,tfidf_nb,5,0,0.6600455877564311
sbic_hf_offensive_gab,sbic_hf__dataSource~=gab,tfidf_nb,6,0,0.6159071906354515
sbic_hf_offensive_gab,sbic_hf__dataSource~=gab,tfidf_nb,7,0,0.6058864900011942
sbic_hf_offensive_gab,sbic_hf__dataSource~=gab,tfidf_nb,8,0,0.5846464220256069
sbic_hf_offensive_gab,sbic_hf__dataSource~=gab,tfidf_nb,9,0,0.727286894187315
sbic_hf_offensive_gab,sbic_hf__dataSource~=gab,svd_rf,0,0,0.5133856158573789
sbic_hf_offensive_gab,sbic_hf__dataSource~=gab,svd_rf,1,0,0.5481861648462517
sbic_hf_offensive_gab,sbic_hf__dataSource~=gab,svd_rf,2,0,0.6087394957983193
sbic_hf_offensive_gab,sbic_hf__dataSource~=gab,svd_rf,3,0,0.5422068198348522
sbic_hf_offensive_gab,sbic_hf__dataSource~=gab,svd_rf,4,0,0.5869627448574817
sbic_hf_offensive_gab,sbic_hf__dataSource~=gab,svd_rf,5,0,0.5384681744331498
sbic_hf_offensive_gab,sbic_hf__dataSource~=gab,svd_rf,6,0,0.513093828135281
sbic_hf_offensive_gab,sbic_hf__dataSource~=gab,svd_rf,7,0,0.5495495495495495
sbic_hf_offensive_gab,sbic_hf__dataSource~=gab,svd_rf,8,0,0.5784501315474767
sbic_hf_offensive_gab,sbic_hf__dataSource~=gab,svd_rf,9,0,0.5919160513019821
sbic_hf_offensive_gab,sbic_hf__dataSource~=gab,svd_histgb,0,0,0.5858787593984962
sbic_hf_offensive_gab,sbic_hf__dataSource~=gab,svd_histgb,1,0,0.5713012351617878
sbic_hf_offensive_gab,sbic_hf__dataSource~=gab,svd_histgb,2,0,0.5738636363636364
sbic_hf_offensive_gab,sbic_hf__dataSource~=gab,svd_histgb,3,0,0.5360559023999083
sbic_hf_offensive_gab,sbic_hf__dataSource~=gab,svd_histgb,4,0,0.5593205835793437
sbic_hf_offensive_gab,sbic_hf__dataSource~=gab,svd_histgb,5,0,0.544647459762873
sbic_hf_offensive_gab,sbic_hf__dataSource~=gab,svd_histgb,6,0,0.52
sbic_hf_offensive_gab,sbic_hf__dataSource~=gab,svd_histgb,7,0,0.5212146482437348
sbic_hf_offensive_gab,sbic_hf__dataSource~=gab,svd_histgb,8,0,0.5457457340865413
sbic_hf_offensive_gab,sbic_hf__dataSource~=gab,svd_histgb,9,0,0.6334381306717556
sbic_hf_offensive_gab,sbic_hf__dataSource~=gab,svd_knn,0,0,0.5790368053141776
sbic_hf_offensive_gab,sbic_hf__dataSource~=gab,svd_knn,1,0,0.5712625716231918
sbic_hf_offensive_gab,sbic_hf__dataSource~=gab,svd_knn,2,0,0.59898664561877
sbic_hf_offensive_gab,sbic_hf__dataSource~=gab,svd_knn,3,0,0.5404411764705883
sbic_hf_offensive_gab,sbic_hf__dataSource~=gab,svd_knn,4,0,0.5530004351323198
sbic_hf_offensive_gab,sbic_hf__dataSource~=gab,svd_knn,5,0,0.49813825481625384
sbic_hf_offensive_gab,sbic_hf__dataSource~=gab,svd_knn,6,0,0.6011396011396011
sbic_hf_offensive_gab,sbic_hf__dataSource~=gab,svd_knn,7,0,0.5662650602409638
sbic_hf_offensive_gab,sbic_hf__dataSource~=gab,svd_knn,8,0,0.5581151554558845
sbic_hf_offensive_gab,sbic_hf__dataSource~=gab,svd_knn,9,0,0.597525236079453
sbic_hf_offensive_gab,sbic_hf__dataSource~=gab,minilm_lr,0,0,0.7048350824587706
sbic_hf_offensive_gab,sbic_hf__dataSource~=gab,minilm_lr,1,0,0.719136836995342
sbic_hf_offensive_gab,sbic_hf__dataSource~=gab,minilm_lr,2,0,0.7197702115734903
sbic_hf_offensive_gab,sbic_hf__dataSource~=gab,minilm_lr,3,0,0.7364171732522796
sbic_hf_offensive_gab,sbic_hf__dataSource~=gab,minilm_lr,4,0,0.7494250506298699
sbic_hf_offensive_gab,sbic_hf__dataSource~=gab,minilm_lr,5,0,0.7188905547226387
sbic_hf_offensive_gab,sbic_hf__dataSource~=gab,minilm_lr,6,0,0.7144714239286876
sbic_hf_offensive_gab,sbic_hf__dataSource~=gab,minilm_lr,7,0,0.7144200662912457
sbic_hf_offensive_gab,sbic_hf__dataSource~=gab,minilm_lr,8,0,0.6792181661396953
sbic_hf_offensive_gab,sbic_hf__dataSource~=gab,minilm_lr,9,0,0.7752187294670955
sbic_hf_offensive_gab,sbic_hf__dataSource~=gab,minilm_mlp,0,0,0.6924976844705155
sbic_hf_offensive_gab,sbic_hf__dataSource~=gab,minilm_mlp,1,0,0.7519937755300525
sbic_hf_offensive_gab,sbic_hf__dataSource~=gab,minilm_mlp,2,0,0.7262116336039195
sbic_hf_offensive_gab,sbic_hf__dataSource~=gab,minilm_mlp,3,0,0.7313299169112891
sbic_hf_offensive_gab,sbic_hf__dataSource~=gab,minilm_mlp,4,0,0.7301108733709395
sbic_hf_offensive_gab,sbic_hf__dataSource~=gab,minilm_mlp,5,0,0.7118017195830731
sbic_hf_offensive_gab,sbic_hf__dataSource~=gab,minilm_mlp,6,0,0.7148391909614853
sbic_hf_offensive_gab,sbic_hf__dataSource~=gab,minilm_mlp,7,0,0.7211497211497211
sbic_hf_offensive_gab,sbic_hf__dataSource~=gab,minilm_mlp,8,0,0.706433101781939
sbic_hf_offensive_gab,sbic_hf__dataSource~=gab,minilm_mlp,9,0,0.808689583809604
sbic_hf_offensive_gab,sbic_hf__dataSource~=gab,hatebert_lr,0,0,0.6740648766102747
sbic_hf_offensive_gab,sbic_hf__dataSource~=gab,hatebert_lr,1,0,0.7038777908343126
sbic_hf_offensive_gab,sbic_hf__dataSource~=gab,hatebert_lr,2,0,0.7461723014870363
sbic_hf_offensive_gab,sbic_hf__dataSource~=gab,hatebert_lr,3,0,0.661000820734855
sbic_hf_offensive_gab,sbic_hf__dataSource~=gab,hatebert_lr,4,0,0.6692848284415047
sbic_hf_offensive_gab,sbic_hf__dataSource~=gab,hatebert_lr,5,0,0.6687240645813719
sbic_hf_offensive_gab,sbic_hf__dataSource~=gab,hatebert_lr,6,0,0.6234118185337698
sbic_hf_offensive_gab,sbic_hf__dataSource~=gab,hatebert_lr,7,0,0.6837518740629684
sbic_hf_offensive_gab,sbic_hf__dataSource~=gab,hatebert_lr,8,0,0.6737261872741519
sbic_hf_offensive_gab,sbic_hf__dataSource~=gab,hatebert_lr,9,0,0.7109585945212975
sbic_hf_offensive_gab,sbic_hf__dataSource~=gab,mbert_lr,0,0,0.6349053651525864
sbic_hf_offensive_gab,sbic_hf__dataSource~=gab,mbert_lr,1,0,0.6546325290108675
sbic_hf_offensive_gab,sbic_hf__dataSource~=gab,mbert_lr,2,0,0.6462931522354273
sbic_hf_offensive_gab,sbic_hf__dataSource~=gab,mbert_lr,3,0,0.6486151302190988
sbic_hf_offensive_gab,sbic_hf__dataSource~=gab,mbert_lr,4,0,0.6846618086475889
sbic_hf_offensive_gab,sbic_hf__dataSource~=gab,mbert_lr,5,0,0.6117749927134946
sbic_hf_offensive_gab,sbic_hf__dataSource~=gab,mbert_lr,6,0,0.6745002077658249
sbic_hf_offensive_gab,sbic_hf__dataSource~=gab,mbert_lr,7,0,0.6488137321943925
sbic_hf_offensive_gab,sbic_hf__dataSource~=gab,mbert_lr,8,0,0.6556409295352323
sbic_hf_offensive_gab,sbic_hf__dataSource~=gab,mbert_lr,9,0,0.7013888888888888
sbic_hf_offensive_reddit,sbic_hf__dataSource~=reddit,tfidf_word_lr,0,0,0.6670781431189915
sbic_hf_offensive_reddit,sbic_hf__dataSource~=reddit,tfidf_word_lr,1,0,0.6944682675814752
sbic_hf_offensive_reddit,sbic_hf__dataSource~=reddit,tfidf_word_lr,2,0,0.7133856641189837
sbic_hf_offensive_reddit,sbic_hf__dataSource~=reddit,tfidf_word_lr,3,0,0.7075742390752207
sbic_hf_offensive_reddit,sbic_hf__dataSource~=reddit,tfidf_word_lr,4,0,0.6964694605676554
sbic_hf_offensive_reddit,sbic_hf__dataSource~=reddit,tfidf_word_lr,5,0,0.6904761904761905
sbic_hf_offensive_reddit,sbic_hf__dataSource~=reddit,tfidf_word_lr,6,0,0.6456996148908858
sbic_hf_offensive_reddit,sbic_hf__dataSource~=reddit,tfidf_word_lr,7,0,0.6522305437968089
sbic_hf_offensive_reddit,sbic_hf__dataSource~=reddit,tfidf_word_lr,8,0,0.6629389632107023
sbic_hf_offensive_reddit,sbic_hf__dataSource~=reddit,tfidf_word_lr,9,0,0.7002997002997003
sbic_hf_offensive_reddit,sbic_hf__dataSource~=reddit,tfidf_char_svm,0,0,0.6548036441905484
sbic_hf_offensive_reddit,sbic_hf__dataSource~=reddit,tfidf_char_svm,1,0,0.6968121968121967
sbic_hf_offensive_reddit,sbic_hf__dataSource~=reddit,tfidf_char_svm,2,0,0.6937499101378845
sbic_hf_offensive_reddit,sbic_hf__dataSource~=reddit,tfidf_char_svm,3,0,0.6858360742783818
sbic_hf_offensive_reddit,sbic_hf__dataSource~=reddit,tfidf_char_svm,4,0,0.7463216641298833
sbic_hf_offensive_reddit,sbic_hf__dataSource~=reddit,tfidf_char_svm,5,0,0.6971415137392651
sbic_hf_offensive_reddit,sbic_hf__dataSource~=reddit,tfidf_char_svm,6,0,0.627359057579036
sbic_hf_offensive_reddit,sbic_hf__dataSource~=reddit,tfidf_char_svm,7,0,0.6865203761755485
sbic_hf_offensive_reddit,sbic_hf__dataSource~=reddit,tfidf_char_svm,8,0,0.650616094664347
sbic_hf_offensive_reddit,sbic_hf__dataSource~=reddit,tfidf_char_svm,9,0,0.6821123775703075
sbic_hf_offensive_reddit,sbic_hf__dataSource~=reddit,tfidf_nb,0,0,0.6494346516565448
sbic_hf_offensive_reddit,sbic_hf__dataSource~=reddit,tfidf_nb,1,0,0.6317955382282867
sbic_hf_offensive_reddit,sbic_hf__dataSource~=reddit,tfidf_nb,2,0,0.7052484787018256
sbic_hf_offensive_reddit,sbic_hf__dataSource~=reddit,tfidf_nb,3,0,0.5993069092484298
sbic_hf_offensive_reddit,sbic_hf__dataSource~=reddit,tfidf_nb,4,0,0.641324987692524
sbic_hf_offensive_reddit,sbic_hf__dataSource~=reddit,tfidf_nb,5,0,0.6880912205348468
sbic_hf_offensive_reddit,sbic_hf__dataSource~=reddit,tfidf_nb,6,0,0.6513684210526316
sbic_hf_offensive_reddit,sbic_hf__dataSource~=reddit,tfidf_nb,7,0,0.6584287723528229
sbic_hf_offensive_reddit,sbic_hf__dataSource~=reddit,tfidf_nb,8,0,0.6062790816587411
sbic_hf_offensive_reddit,sbic_hf__dataSource~=reddit,tfidf_nb,9,0,0.6336996336996337
sbic_hf_offensive_reddit,sbic_hf__dataSource~=reddit,svd_rf,0,0,0.6858360742783818
sbic_hf_offensive_reddit,sbic_hf__dataSource~=reddit,svd_rf,1,0,0.6125222953441172
sbic_hf_offensive_reddit,sbic_hf__dataSource~=reddit,svd_rf,2,0,0.6791169297907842
sbic_hf_offensive_reddit,sbic_hf__dataSource~=reddit,svd_rf,3,0,0.6863275724214282
sbic_hf_offensive_reddit,sbic_hf__dataSource~=reddit,svd_rf,4,0,0.6710093433346493
sbic_hf_offensive_reddit,sbic_hf__dataSource~=reddit,svd_rf,5,0,0.6294587717079123
sbic_hf_offensive_reddit,sbic_hf__dataSource~=reddit,svd_rf,6,0,0.6156310057655349
sbic_hf_offensive_reddit,sbic_hf__dataSource~=reddit,svd_rf,7,0,0.6307898858805102
sbic_hf_offensive_reddit,sbic_hf__dataSource~=reddit,svd_rf,8,0,0.6303008336353751
sbic_hf_offensive_reddit,sbic_hf__dataSource~=reddit,svd_rf,9,0,0.6407730200833649
sbic_hf_offensive_reddit,sbic_hf__dataSource~=reddit,svd_histgb,0,0,0.6254432255164721
sbic_hf_offensive_reddit,sbic_hf__dataSource~=reddit,svd_histgb,1,0,0.6014423989371798
sbic_hf_offensive_reddit,sbic_hf__dataSource~=reddit,svd_histgb,2,0,0.588105284307816
sbic_hf_offensive_reddit,sbic_hf__dataSource~=reddit,svd_histgb,3,0,0.6209659952350011
sbic_hf_offensive_reddit,sbic_hf__dataSource~=reddit,svd_histgb,4,0,0.6383363471971066
sbic_hf_offensive_reddit,sbic_hf__dataSource~=reddit,svd_histgb,5,0,0.6182439220413903
sbic_hf_offensive_reddit,sbic_hf__dataSource~=reddit,svd_histgb,6,0,0.5678715961314219
sbic_hf_offensive_reddit,sbic_hf__dataSource~=reddit,svd_histgb,7,0,0.6169065598839684
sbic_hf_offensive_reddit,sbic_hf__dataSource~=reddit,svd_histgb,8,0,0.5884491391727827
sbic_hf_offensive_reddit,sbic_hf__dataSource~=reddit,svd_histgb,9,0,0.5858260469397147
sbic_hf_offensive_reddit,sbic_hf__dataSource~=reddit,svd_knn,0,0,0.6134899583175445
sbic_hf_offensive_reddit,sbic_hf__dataSource~=reddit,svd_knn,1,0,0.6616140546052937
sbic_hf_offensive_reddit,sbic_hf__dataSource~=reddit,svd_knn,2,0,0.577221190186407
sbic_hf_offensive_reddit,sbic_hf__dataSource~=reddit,svd_knn,3,0,0.573055028462998
sbic_hf_offensive_reddit,sbic_hf__dataSource~=reddit,svd_knn,4,0,0.6114996114996115
sbic_hf_offensive_reddit,sbic_hf__dataSource~=reddit,svd_knn,5,0,0.5973813420621932
sbic_hf_offensive_reddit,sbic_hf__dataSource~=reddit,svd_knn,6,0,0.5991048284522871
sbic_hf_offensive_reddit,sbic_hf__dataSource~=reddit,svd_knn,7,0,0.5676125808724617
sbic_hf_offensive_reddit,sbic_hf__dataSource~=reddit,svd_knn,8,0,0.5937439545231328
sbic_hf_offensive_reddit,sbic_hf__dataSource~=reddit,svd_knn,9,0,0.6027542372881356
sbic_hf_offensive_reddit,sbic_hf__dataSource~=reddit,minilm_lr,0,0,0.6406298240197592
sbic_hf_offensive_reddit,sbic_hf__dataSource~=reddit,minilm_lr,1,0,0.6939199657391896
sbic_hf_offensive_reddit,sbic_hf__dataSource~=reddit,minilm_lr,2,0,0.6982851905131697
sbic_hf_offensive_reddit,sbic_hf__dataSource~=reddit,minilm_lr,3,0,0.7023809523809523
sbic_hf_offensive_reddit,sbic_hf__dataSource~=reddit,minilm_lr,4,0,0.6815662224318906
sbic_hf_offensive_reddit,sbic_hf__dataSource~=reddit,minilm_lr,5,0,0.7086662091647136
sbic_hf_offensive_reddit,sbic_hf__dataSource~=reddit,minilm_lr,6,0,0.6343507186024071
sbic_hf_offensive_reddit,sbic_hf__dataSource~=reddit,minilm_lr,7,0,0.6924128503075871
sbic_hf_offensive_reddit,sbic_hf__dataSource~=reddit,minilm_lr,8,0,0.6182016518622409
sbic_hf_offensive_reddit,sbic_hf__dataSource~=reddit,minilm_lr,9,0,0.6716728859821464
sbic_hf_offensive_reddit,sbic_hf__dataSource~=reddit,minilm_mlp,0,0,0.6711267288372302
sbic_hf_offensive_reddit,sbic_hf__dataSource~=reddit,minilm_mlp,1,0,0.6911924610366075
sbic_hf_offensive_reddit,sbic_hf__dataSource~=reddit,minilm_mlp,2,0,0.7374932110313197
sbic_hf_offensive_reddit,sbic_hf__dataSource~=reddit,minilm_mlp,3,0,0.6925793381784932
sbic_hf_offensive_reddit,sbic_hf__dataSource~=reddit,minilm_mlp,4,0,0.6710526315789473
sbic_hf_offensive_reddit,sbic_hf__dataSource~=reddit,minilm_mlp,5,0,0.6911924610366075
sbic_hf_offensive_reddit,sbic_hf__dataSource~=reddit,minilm_mlp,6,0,0.6415876340359002
sbic_hf_offensive_reddit,sbic_hf__dataSource~=reddit,minilm_mlp,7,0,0.6771504357711254
sbic_hf_offensive_reddit,sbic_hf__dataSource~=reddit,minilm_mlp,8,0,0.642478813559322
sbic_hf_offensive_reddit,sbic_hf__dataSource~=reddit,minilm_mlp,9,0,0.689327485380117
sbic_hf_offensive_reddit,sbic_hf__dataSource~=reddit,hatebert_lr,0,0,0.677543491819159
sbic_hf_offensive_reddit,sbic_hf__dataSource~=reddit,hatebert_lr,1,0,0.7074968946588132
sbic_hf_offensive_reddit,sbic_hf__dataSource~=reddit,hatebert_lr,2,0,0.6663875121844067
sbic_hf_offensive_reddit,sbic_hf__dataSource~=reddit,hatebert_lr,3,0,0.6872927129726144
sbic_hf_offensive_reddit,sbic_hf__dataSource~=reddit,hatebert_lr,4,0,0.6963064295485636
sbic_hf_offensive_reddit,sbic_hf__dataSource~=reddit,hatebert_lr,5,0,0.6629389632107023
sbic_hf_offensive_reddit,sbic_hf__dataSource~=reddit,hatebert_lr,6,0,0.6388508891928865
sbic_hf_offensive_reddit,sbic_hf__dataSource~=reddit,hatebert_lr,7,0,0.6465150004531859
sbic_hf_offensive_reddit,sbic_hf__dataSource~=reddit,hatebert_lr,8,0,0.6428571428571428
sbic_hf_offensive_reddit,sbic_hf__dataSource~=reddit,hatebert_lr,9,0,0.6523943892364945
sbic_hf_offensive_reddit,sbic_hf__dataSource~=reddit,mbert_lr,0,0,0.648543585920443
sbic_hf_offensive_reddit,sbic_hf__dataSource~=reddit,mbert_lr,1,0,0.6131553239986975
sbic_hf_offensive_reddit,sbic_hf__dataSource~=reddit,mbert_lr,2,0,0.6932891669733775
sbic_hf_offensive_reddit,sbic_hf__dataSource~=reddit,mbert_lr,3,0,0.6248739495798319
sbic_hf_offensive_reddit,sbic_hf__dataSource~=reddit,mbert_lr,4,0,0.6674279761189246
sbic_hf_offensive_reddit,sbic_hf__dataSource~=reddit,mbert_lr,5,0,0.6582137508160627
sbic_hf_offensive_reddit,sbic_hf__dataSource~=reddit,mbert_lr,6,0,0.637997432605905
sbic_hf_offensive_reddit,sbic_hf__dataSource~=reddit,mbert_lr,7,0,0.6280041797283177
sbic_hf_offensive_reddit,sbic_hf__dataSource~=reddit,mbert_lr,8,0,0.6608654503391346
sbic_hf_offensive_reddit,sbic_hf__dataSource~=reddit,mbert_lr,9,0,0.6590220246514448
sbic_hf_offensive_stormfront,sbic_hf__dataSource~=stormfront,tfidf_word_lr,0,0,0.7400475341651812
sbic_hf_offensive_stormfront,sbic_hf__dataSource~=stormfront,tfidf_word_lr,1,0,0.6806128317771877
sbic_hf_offensive_stormfront,sbic_hf__dataSource~=stormfront,tfidf_word_lr,2,0,0.7838512896873049
sbic_hf_offensive_stormfront,sbic_hf__dataSource~=stormfront,tfidf_word_lr,3,0,0.7216117216117216
sbic_hf_offensive_stormfront,sbic_hf__dataSource~=stormfront,tfidf_word_lr,4,0,0.7258738532389527
sbic_hf_offensive_stormfront,sbic_hf__dataSource~=stormfront,tfidf_word_lr,5,0,0.734323252174546
sbic_hf_offensive_stormfront,sbic_hf__dataSource~=stormfront,tfidf_word_lr,6,0,0.7087692805522597
sbic_hf_offensive_stormfront,sbic_hf__dataSource~=stormfront,tfidf_word_lr,7,0,0.7057416267942584
sbic_hf_offensive_stormfront,sbic_hf__dataSource~=stormfront,tfidf_word_lr,8,0,0.728937728937729
sbic_hf_offensive_stormfront,sbic_hf__dataSource~=stormfront,tfidf_word_lr,9,0,0.7499494847443928
sbic_hf_offensive_stormfront,sbic_hf__dataSource~=stormfront,tfidf_char_svm,0,0,0.7651040614265507
sbic_hf_offensive_stormfront,sbic_hf__dataSource~=stormfront,tfidf_char_svm,1,0,0.7044857546979189
sbic_hf_offensive_stormfront,sbic_hf__dataSource~=stormfront,tfidf_char_svm,2,0,0.757162480376766
sbic_hf_offensive_stormfront,sbic_hf__dataSource~=stormfront,tfidf_char_svm,3,0,0.7043024000788527
sbic_hf_offensive_stormfront,sbic_hf__dataSource~=stormfront,tfidf_char_svm,4,0,0.7663199155736469
sbic_hf_offensive_stormfront,sbic_hf__dataSource~=stormfront,tfidf_char_svm,5,0,0.728629579375848
sbic_hf_offensive_stormfront,sbic_hf__dataSource~=stormfront,tfidf_char_svm,6,0,0.728937728937729
sbic_hf_offensive_stormfront,sbic_hf__dataSource~=stormfront,tfidf_char_svm,7,0,0.7136816671700392
sbic_hf_offensive_stormfront,sbic_hf__dataSource~=stormfront,tfidf_char_svm,8,0,0.7634419200630822
sbic_hf_offensive_stormfront,sbic_hf__dataSource~=stormfront,tfidf_char_svm,9,0,0.76
sbic_hf_offensive_stormfront,sbic_hf__dataSource~=stormfront,tfidf_nb,0,0,0.6477029952319642
sbic_hf_offensive_stormfront,sbic_hf__dataSource~=stormfront,tfidf_nb,1,0,0.6419893315696396
sbic_hf_offensive_stormfront,sbic_hf__dataSource~=stormfront,tfidf_nb,2,0,0.7085114652157015
sbic_hf_offensive_stormfront,sbic_hf__dataSource~=stormfront,tfidf_nb,3,0,0.6617622188398444
sbic_hf_offensive_stormfront,sbic_hf__dataSource~=stormfront,tfidf_nb,4,0,0.650616094664347
sbic_hf_offensive_stormfront,sbic_hf__dataSource~=stormfront,tfidf_nb,5,0,0.6504330979489267
sbic_hf_offensive_stormfront,sbic_hf__dataSource~=stormfront,tfidf_nb,6,0,0.6335227272727273
sbic_hf_offensive_stormfront,sbic_hf__dataSource~=stormfront,tfidf_nb,7,0,0.6600291403593979
sbic_hf_offensive_stormfront,sbic_hf__dataSource~=stormfront,tfidf_nb,8,0,0.6548036441905484
sbic_hf_offensive_stormfront,sbic_hf__dataSource~=stormfront,tfidf_nb,9,0,0.6534462841740469
sbic_hf_offensive_stormfront,sbic_hf__dataSource~=stormfront,svd_rf,0,0,0.6600291403593979
sbic_hf_offensive_stormfront,sbic_hf__dataSource~=stormfront,svd_rf,1,0,0.6349206349206349
sbic_hf_offensive_stormfront,sbic_hf__dataSource~=stormfront,svd_rf,2,0,0.7099707357859532
sbic_hf_offensive_stormfront,sbic_hf__dataSource~=stormfront,svd_rf,3,0,0.6766391503233609
sbic_hf_offensive_stormfront,sbic_hf__dataSource~=stormfront,svd_rf,4,0,0.6913057635949202
sbic_hf_offensive_stormfront,sbic_hf__dataSource~=stormfront,svd_rf,5,0,0.6948982350442204
sbic_hf_offensive_stormfront,sbic_hf__dataSource~=stormfront,svd_rf,6,0,0.6331054725215308
sbic_hf_offensive_stormfront,sbic_hf__dataSource~=stormfront,svd_rf,7,0,0.6566993382755362
sbic_hf_offensive_stormfront,sbic_hf__dataSource~=stormfront,svd_rf,8,0,0.677543491819159
sbic_hf_offensive_stormfront,sbic_hf__dataSource~=stormfront,svd_rf,9,0,0.6963064295485636
sbic_hf_offensive_stormfront,sbic_hf__dataSource~=stormfront,svd_histgb,0,0,0.677543491819159
sbic_hf_offensive_stormfront,sbic_hf__dataSource~=stormfront,svd_histgb,1,0,0.6248739495798319
sbic_hf_offensive_stormfront,sbic_hf__dataSource~=stormfront,svd_histgb,2,0,0.7332767154553537
sbic_hf_offensive_stormfront,sbic_hf__dataSource~=stormfront,svd_histgb,3,0,0.6499128214280812
sbic_hf_offensive_stormfront,sbic_hf__dataSource~=stormfront,svd_histgb,4,0,0.6739839165398827
sbic_hf_offensive_stormfront,sbic_hf__dataSource~=stormfront,svd_histgb,5,0,0.7044571063421907
sbic_hf_offensive_stormfront,sbic_hf__dataSource~=stormfront,svd_histgb,6,0,0.6385591097995154
sbic_hf_offensive_stormfront,sbic_hf__dataSource~=stormfront,svd_histgb,7,0,0.6669076637058459
sbic_hf_offensive_stormfront,sbic_hf__dataSource~=stormfront,svd_histgb,8,0,0.6725065232440492
sbic_hf_offensive_stormfront,sbic_hf__dataSource~=stormfront,svd_histgb,9,0,0.7220339920620652
sbic_hf_offensive_stormfront,sbic_hf__dataSource~=stormfront,svd_knn,0,0,0.589274107673798
sbic_hf_offensive_stormfront,sbic_hf__dataSource~=stormfront,svd_knn,1,0,0.5862068965517242
sbic_hf_offensive_stormfront,sbic_hf__dataSource~=stormfront,svd_knn,2,0,0.6334381306717556
sbic_hf_offensive_stormfront,sbic_hf__dataSource~=stormfront,svd_knn,3,0,0.5643484637172722
sbic_hf_offensive_stormfront,sbic_hf__dataSource~=stormfront,svd_knn,4,0,0.6363636363636364
sbic_hf_offensive_stormfront,sbic_hf__dataSource~=stormfront,svd_knn,5,0,0.5898255066264163
sbic_hf_offensive_stormfront,sbic_hf__dataSource~=stormfront,svd_knn,6,0,0.6224350205198358
sbic_hf_offensive_stormfront,sbic_hf__dataSource~=stormfront,svd_knn,7,0,0.5830467071920933
sbic_hf_offensive_stormfront,sbic_hf__dataSource~=stormfront,svd_knn,8,0,0.6558498925355029
sbic_hf_offensive_stormfront,sbic_hf__dataSource~=stormfront,svd_knn,9,0,0.603500939849624
sbic_hf_offensive_stormfront,sbic_hf__dataSource~=stormfront,minilm_lr,0,0,0.7446994748103481
sbic_hf_offensive_stormfront,sbic_hf__dataSource~=stormfront,minilm_lr,1,0,0.7416020671834624
sbic_hf_offensive_stormfront,sbic_hf__dataSource~=stormfront,minilm_lr,2,0,0.7982612037081511
sbic_hf_offensive_stormfront,sbic_hf__dataSource~=stormfront,minilm_lr,3,0,0.7301108733709395
sbic_hf_offensive_stormfront,sbic_hf__dataSource~=stormfront,minilm_lr,4,0,0.7820928768582636
sbic_hf_offensive_stormfront,sbic_hf__dataSource~=stormfront,minilm_lr,5,0,0.7579258808808224
sbic_hf_offensive_stormfront,sbic_hf__dataSource~=stormfront,minilm_lr,6,0,0.7446994748103481
sbic_hf_offensive_stormfront,sbic_hf__dataSource~=stormfront,minilm_lr,7,0,0.7206183646861613
sbic_hf_offensive_stormfront,sbic_hf__dataSource~=stormfront,minilm_lr,8,0,0.7743526068840363
sbic_hf_offensive_stormfront,sbic_hf__dataSource~=stormfront,minilm_lr,9,0,0.7789187556629417
sbic_hf_offensive_stormfront,sbic_hf__dataSource~=stormfront,minilm_mlp,0,0,0.7506623032569737
sbic_hf_offensive_stormfront,sbic_hf__dataSource~=stormfront,minilm_mlp,1,0,0.7008973080757728
sbic_hf_offensive_stormfront,sbic_hf__dataSource~=stormfront,minilm_mlp,2,0,0.8332996564962618
sbic_hf_offensive_stormfront,sbic_hf__dataSource~=stormfront,minilm_mlp,3,0,0.7638515057640547
sbic_hf_offensive_stormfront,sbic_hf__dataSource~=stormfront,minilm_mlp,4,0,0.7889341172923262
sbic_hf_offensive_stormfront,sbic_hf__dataSource~=stormfront,minilm_mlp,5,0,0.7802197802197802
sbic_hf_offensive_stormfront,sbic_hf__dataSource~=stormfront,minilm_mlp,6,0,0.7428705002337541
sbic_hf_offensive_stormfront,sbic_hf__dataSource~=stormfront,minilm_mlp,7,0,0.7307961795183833
sbic_hf_offensive_stormfront,sbic_hf__dataSource~=stormfront,minilm_mlp,8,0,0.794261773837579
sbic_hf_offensive_stormfront,sbic_hf__dataSource~=stormfront,minilm_mlp,9,0,0.7689345314505777
sbic_hf_offensive_stormfront,sbic_hf__dataSource~=stormfront,hatebert_lr,0,0,0.7519937755300525
sbic_hf_offensive_stormfront,sbic_hf__dataSource~=stormfront,hatebert_lr,1,0,0.681712962962963
sbic_hf_offensive_stormfront,sbic_hf__dataSource~=stormfront,hatebert_lr,2,0,0.7806781001689858
sbic_hf_offensive_stormfront,sbic_hf__dataSource~=stormfront,hatebert_lr,3,0,0.6659283642726905
sbic_hf_offensive_stormfront,sbic_hf__dataSource~=stormfront,hatebert_lr,4,0,0.7374051740906438
sbic_hf_offensive_stormfront,sbic_hf__dataSource~=stormfront,hatebert_lr,5,0,0.7136816671700392
sbic_hf_offensive_stormfront,sbic_hf__dataSource~=stormfront,hatebert_lr,6,0,0.7220584519498021
sbic_hf_offensive_stormfront,sbic_hf__dataSource~=stormfront,hatebert_lr,7,0,0.6740648766102747
sbic_hf_offensive_stormfront,sbic_hf__dataSource~=stormfront,hatebert_lr,8,0,0.7200956937799043
sbic_hf_offensive_stormfront,sbic_hf__dataSource~=stormfront,hatebert_lr,9,0,0.7216117216117216
sbic_hf_offensive_stormfront,sbic_hf__dataSource~=stormfront,mbert_lr,0,0,0.7188905547226387
sbic_hf_offensive_stormfront,sbic_hf__dataSource~=stormfront,mbert_lr,1,0,0.6829818915413804
sbic_hf_offensive_stormfront,sbic_hf__dataSource~=stormfront,mbert_lr,2,0,0.7525
sbic_hf_offensive_stormfront,sbic_hf__dataSource~=stormfront,mbert_lr,3,0,0.6698564593301435
sbic_hf_offensive_stormfront,sbic_hf__dataSource~=stormfront,mbert_lr,4,0,0.6973918055622268
sbic_hf_offensive_stormfront,sbic_hf__dataSource~=stormfront,mbert_lr,5,0,0.732349537037037
sbic_hf_offensive_stormfront,sbic_hf__dataSource~=stormfront,mbert_lr,6,0,0.7173240005384305
sbic_hf_offensive_stormfront,sbic_hf__dataSource~=stormfront,mbert_lr,7,0,0.7048888888888889
sbic_hf_offensive_stormfront,sbic_hf__dataSource~=stormfront,mbert_lr,8,0,0.6919359710057384
sbic_hf_offensive_stormfront,sbic_hf__dataSource~=stormfront,mbert_lr,9,0,0.728937728937729
sbic_hf_offensive_twitter,sbic_hf__dataSource~=twitter,tfidf_word_lr,0,0,0.753968253968254
sbic_hf_offensive_twitter,sbic_hf__dataSource~=twitter,tfidf_word_lr,1,0,0.7413252508361203
sbic_hf_offensive_twitter,sbic_hf__dataSource~=twitter,tfidf_word_lr,2,0,0.6871741397288842
sbic_hf_offensive_twitter,sbic_hf__dataSource~=twitter,tfidf_word_lr,3,0,0.7105276522269057
sbic_hf_offensive_twitter,sbic_hf__dataSource~=twitter,tfidf_word_lr,4,0,0.7014291590918138
sbic_hf_offensive_twitter,sbic_hf__dataSource~=twitter,tfidf_word_lr,5,0,0.7413252508361203
sbic_hf_offensive_twitter,sbic_hf__dataSource~=twitter,tfidf_word_lr,6,0,0.757002508361204
sbic_hf_offensive_twitter,sbic_hf__dataSource~=twitter,tfidf_word_lr,7,0,0.7444667217046035
sbic_hf_offensive_twitter,sbic_hf__dataSource~=twitter,tfidf_word_lr,8,0,0.7552796156983594
sbic_hf_offensive_twitter,sbic_hf__dataSource~=twitter,tfidf_word_lr,9,0,0.7770528145507677
sbic_hf_offensive_twitter,sbic_hf__dataSource~=twitter,tfidf_char_svm,0,0,0.6941137566137566
sbic_hf_offensive_twitter,sbic_hf__dataSource~=twitter,tfidf_char_svm,1,0,0.7350786972105345
sbic_hf_offensive_twitter,sbic_hf__dataSource~=twitter,tfidf_char_svm,2,0,0.7086662091647136
sbic_hf_offensive_twitter,sbic_hf__dataSource~=twitter,tfidf_char_svm,3,0,0.7196584697704784
sbic_hf_offensive_twitter,sbic_hf__dataSource~=twitter,tfidf_char_svm,4,0,0.7197817817546805
sbic_hf_offensive_twitter,sbic_hf__dataSource~=twitter,tfidf_char_svm,5,0,0.7239602502760398
sbic_hf_offensive_twitter,sbic_hf__dataSource~=twitter,tfidf_char_svm,6,0,0.7364076894403323
sbic_hf_offensive_twitter,sbic_hf__dataSource~=twitter,tfidf_char_svm,7,0,0.7253148263644688
sbic_hf_offensive_twitter,sbic_hf__dataSource~=twitter,tfidf_char_svm,8,0,0.7648411371237458
sbic_hf_offensive_twitter,sbic_hf__dataSource~=twitter,tfidf_char_svm,9,0,0.7303809833930316
sbic_hf_offensive_twitter,sbic_hf__dataSource~=twitter,tfidf_nb,0,0,0.6708849024243267
sbic_hf_offensive_twitter,sbic_hf__dataSource~=twitter,tfidf_nb,1,0,0.6799999999999999
sbic_hf_offensive_twitter,sbic_hf__dataSource~=twitter,tfidf_nb,2,0,0.6379216703880273
sbic_hf_offensive_twitter,sbic_hf__dataSource~=twitter,tfidf_nb,3,0,0.694685762326878
sbic_hf_offensive_twitter,sbic_hf__dataSource~=twitter,tfidf_nb,4,0,0.6740677265841379
sbic_hf_offensive_twitter,sbic_hf__dataSource~=twitter,tfidf_nb,5,0,0.6592870101328928
sbic_hf_offensive_twitter,sbic_hf__dataSource~=twitter,tfidf_nb,6,0,0.7066666666666668
sbic_hf_offensive_twitter,sbic_hf__dataSource~=twitter,tfidf_nb,7,0,0.6981574086588278
sbic_hf_offensive_twitter,sbic_hf__dataSource~=twitter,tfidf_nb,8,0,0.6977777777777778
sbic_hf_offensive_twitter,sbic_hf__dataSource~=twitter,tfidf_nb,9,0,0.7196301994220069
sbic_hf_offensive_twitter,sbic_hf__dataSource~=twitter,svd_rf,0,0,0.6557053449832444
sbic_hf_offensive_twitter,sbic_hf__dataSource~=twitter,svd_rf,1,0,0.7219564697440803
sbic_hf_offensive_twitter,sbic_hf__dataSource~=twitter,svd_rf,2,0,0.6708246708246708
sbic_hf_offensive_twitter,sbic_hf__dataSource~=twitter,svd_rf,3,0,0.6646811641364478
sbic_hf_offensive_twitter,sbic_hf__dataSource~=twitter,svd_rf,4,0,0.6741022931888867
sbic_hf_offensive_twitter,sbic_hf__dataSource~=twitter,svd_rf,5,0,0.6702181633688482
sbic_hf_offensive_twitter,sbic_hf__dataSource~=twitter,svd_rf,6,0,0.7236478484011054
sbic_hf_offensive_twitter,sbic_hf__dataSource~=twitter,svd_rf,7,0,0.6771107390576416
sbic_hf_offensive_twitter,sbic_hf__dataSource~=twitter,svd_rf,8,0,0.7035354503753742
sbic_hf_offensive_twitter,sbic_hf__dataSource~=twitter,svd_rf,9,0,0.6824936571221457
sbic_hf_offensive_twitter,sbic_hf__dataSource~=twitter,svd_histgb,0,0,0.6280852022991097
sbic_hf_offensive_twitter,sbic_hf__dataSource~=twitter,svd_histgb,1,0,0.6740677265841379
sbic_hf_offensive_twitter,sbic_hf__dataSource~=twitter,svd_histgb,2,0,0.6198177539074287
sbic_hf_offensive_twitter,sbic_hf__dataSource~=twitter,svd_histgb,3,0,0.6469736286283265
sbic_hf_offensive_twitter,sbic_hf__dataSource~=twitter,svd_histgb,4,0,0.6114996114996115
sbic_hf_offensive_twitter,sbic_hf__dataSource~=twitter,svd_histgb,5,0,0.6824936571221457
sbic_hf_offensive_twitter,sbic_hf__dataSource~=twitter,svd_histgb,6,0,0.6706192358366272
sbic_hf_offensive_twitter,sbic_hf__dataSource~=twitter,svd_histgb,7,0,0.6642020463180464
sbic_hf_offensive_twitter,sbic_hf__dataSource~=twitter,svd_histgb,8,0,0.6771019127867642
sbic_hf_offensive_twitter,sbic_hf__dataSource~=twitter,svd_histgb,9,0,0.6582343669532921
sbic_hf_offensive_twitter,sbic_hf__dataSource~=twitter,svd_knn,0,0,0.6211231203007519
sbic_hf_offensive_twitter,sbic_hf__dataSource~=twitter,svd_knn,1,0,0.6986375019454152
sbic_hf_offensive_twitter,sbic_hf__dataSource~=twitter,svd_knn,2,0,0.6505681818181818
sbic_hf_offensive_twitter,sbic_hf__dataSource~=twitter,svd_knn,3,0,0.6680449595247802
sbic_hf_offensive_twitter,sbic_hf__dataSource~=twitter,svd_knn,4,0,0.5900346893724377
sbic_hf_offensive_twitter,sbic_hf__dataSource~=twitter,svd_knn,5,0,0.6477029952319642
sbic_hf_offensive_twitter,sbic_hf__dataSource~=twitter,svd_knn,6,0,0.6620031660462927
sbic_hf_offensive_twitter,sbic_hf__dataSource~=twitter,svd_knn,7,0,0.6152598155101284
sbic_hf_offensive_twitter,sbic_hf__dataSource~=twitter,svd_knn,8,0,0.6211231203007519
sbic_hf_offensive_twitter,sbic_hf__dataSource~=twitter,svd_knn,9,0,0.632737945987404
sbic_hf_offensive_twitter,sbic_hf__dataSource~=twitter,minilm_lr,0,0,0.7180705209902289
sbic_hf_offensive_twitter,sbic_hf__dataSource~=twitter,minilm_lr,1,0,0.7706738179676438
sbic_hf_offensive_twitter,sbic_hf__dataSource~=twitter,minilm_lr,2,0,0.7105226882542388
sbic_hf_offensive_twitter,sbic_hf__dataSource~=twitter,minilm_lr,3,0,0.7098819231366181
sbic_hf_offensive_twitter,sbic_hf__dataSource~=twitter,minilm_lr,4,0,0.7354273633343401
sbic_hf_offensive_twitter,sbic_hf__dataSource~=twitter,minilm_lr,5,0,0.7331838838192473
sbic_hf_offensive_twitter,sbic_hf__dataSource~=twitter,minilm_lr,6,0,0.7180415794684144
sbic_hf_offensive_twitter,sbic_hf__dataSource~=twitter,minilm_lr,7,0,0.7242647058823529
sbic_hf_offensive_twitter,sbic_hf__dataSource~=twitter,minilm_lr,8,0,0.7400475341651812
sbic_hf_offensive_twitter,sbic_hf__dataSource~=twitter,minilm_lr,9,0,0.7320084680429275
sbic_hf_offensive_twitter,sbic_hf__dataSource~=twitter,minilm_mlp,0,0,0.6925495921719476
sbic_hf_offensive_twitter,sbic_hf__dataSource~=twitter,minilm_mlp,1,0,0.7522708505367465
sbic_hf_offensive_twitter,sbic_hf__dataSource~=twitter,minilm_mlp,2,0,0.6834555435348799
sbic_hf_offensive_twitter,sbic_hf__dataSource~=twitter,minilm_mlp,3,0,0.7227214377406932
sbic_hf_offensive_twitter,sbic_hf__dataSource~=twitter,minilm_mlp,4,0,0.7160734002839266
sbic_hf_offensive_twitter,sbic_hf__dataSource~=twitter,minilm_mlp,5,0,0.7332767154553537
sbic_hf_offensive_twitter,sbic_hf__dataSource~=twitter,minilm_mlp,6,0,0.7386289776105988
sbic_hf_offensive_twitter,sbic_hf__dataSource~=twitter,minilm_mlp,7,0,0.7014681225207541
sbic_hf_offensive_twitter,sbic_hf__dataSource~=twitter,minilm_mlp,8,0,0.7810480500006636
sbic_hf_offensive_twitter,sbic_hf__dataSource~=twitter,minilm_mlp,9,0,0.7319729124315366
sbic_hf_offensive_twitter,sbic_hf__dataSource~=twitter,hatebert_lr,0,0,0.7350786972105345
sbic_hf_offensive_twitter,sbic_hf__dataSource~=twitter,hatebert_lr,1,0,0.6919127086007703
sbic_hf_offensive_twitter,sbic_hf__dataSource~=twitter,hatebert_lr,2,0,0.6670781431189915
sbic_hf_offensive_twitter,sbic_hf__dataSource~=twitter,hatebert_lr,3,0,0.6829818915413804
sbic_hf_offensive_twitter,sbic_hf__dataSource~=twitter,hatebert_lr,4,0,0.7089407433205632
sbic_hf_offensive_twitter,sbic_hf__dataSource~=twitter,hatebert_lr,5,0,0.7173240005384305
sbic_hf_offensive_twitter,sbic_hf__dataSource~=twitter,hatebert_lr,6,0,0.7042972900318745
sbic_hf_offensive_twitter,sbic_hf__dataSource~=twitter,hatebert_lr,7,0,0.7090350291594765
sbic_hf_offensive_twitter,sbic_hf__dataSource~=twitter,hatebert_lr,8,0,0.7400475341651812
sbic_hf_offensive_twitter,sbic_hf__dataSource~=twitter,hatebert_lr,9,0,0.6741766013336028
sbic_hf_offensive_twitter,sbic_hf__dataSource~=twitter,mbert_lr,0,0,0.644633972992182
sbic_hf_offensive_twitter,sbic_hf__dataSource~=twitter,mbert_lr,1,0,0.6628589070700834
sbic_hf_offensive_twitter,sbic_hf__dataSource~=twitter,mbert_lr,2,0,0.5805533751962323
sbic_hf_offensive_twitter,sbic_hf__dataSource~=twitter,mbert_lr,3,0,0.5995995995995996
sbic_hf_offensive_twitter,sbic_hf__dataSource~=twitter,mbert_lr,4,0,0.6457108397406905
sbic_hf_offensive_twitter,sbic_hf__dataSource~=twitter,mbert_lr,5,0,0.665409340969185
sbic_hf_offensive_twitter,sbic_hf__dataSource~=twitter,mbert_lr,6,0,0.6451628800946232
sbic_hf_offensive_twitter,sbic_hf__dataSource~=twitter,mbert_lr,7,0,0.7347949080622348
sbic_hf_offensive_twitter,sbic_hf__dataSource~=twitter,mbert_lr,8,0,0.6599477600906806
sbic_hf_offensive_twitter,sbic_hf__dataSource~=twitter,mbert_lr,9,0,0.6727442730247779
sbic_hf_sex,sbic_hf__all platforms pooled,tfidf_word_lr,0,0,0.6651785714285714
sbic_hf_sex,sbic_hf__all platforms pooled,tfidf_word_lr,1,0,0.7901119402985075
sbic_hf_sex,sbic_hf__all platforms pooled,tfidf_word_lr,2,0,0.7461721116842708
sbic_hf_sex,sbic_hf__all platforms pooled,tfidf_word_lr,3,0,0.71370403359206
sbic_hf_sex,sbic_hf__all platforms pooled,tfidf_word_lr,4,0,0.7088948787061995
sbic_hf_sex,sbic_hf__all platforms pooled,tfidf_word_lr,5,0,0.6635514018691588
sbic_hf_sex,sbic_hf__all platforms pooled,tfidf_word_lr,6,0,0.7097581317764804
sbic_hf_sex,sbic_hf__all platforms pooled,tfidf_word_lr,7,0,0.6481481481481481
sbic_hf_sex,sbic_hf__all platforms pooled,tfidf_word_lr,8,0,0.6995250557332557
sbic_hf_sex,sbic_hf__all platforms pooled,tfidf_word_lr,9,0,0.7134201260951445
sbic_hf_sex,sbic_hf__all platforms pooled,tfidf_char_svm,0,0,0.7302158273381295
sbic_hf_sex,sbic_hf__all platforms pooled,tfidf_char_svm,1,0,0.7274350700209906
sbic_hf_sex,sbic_hf__all platforms pooled,tfidf_char_svm,2,0,0.7616615594143684
sbic_hf_sex,sbic_hf__all platforms pooled,tfidf_char_svm,3,0,0.6945454545454546
sbic_hf_sex,sbic_hf__all platforms pooled,tfidf_char_svm,4,0,0.6607540951827082
sbic_hf_sex,sbic_hf__all platforms pooled,tfidf_char_svm,5,0,0.6946176358315308
sbic_hf_sex,sbic_hf__all platforms pooled,tfidf_char_svm,6,0,0.7381818181818183
sbic_hf_sex,sbic_hf__all platforms pooled,tfidf_char_svm,7,0,0.6540496540496541
sbic_hf_sex,sbic_hf__all platforms pooled,tfidf_char_svm,8,0,0.6898399072652652
sbic_hf_sex,sbic_hf__all platforms pooled,tfidf_char_svm,9,0,0.6792107895553793
sbic_hf_sex,sbic_hf__all platforms pooled,tfidf_nb,0,0,0.5011432134691333
sbic_hf_sex,sbic_hf__all platforms pooled,tfidf_nb,1,0,0.5297092288242731
sbic_hf_sex,sbic_hf__all platforms pooled,tfidf_nb,2,0,0.6453900709219859
sbic_hf_sex,sbic_hf__all platforms pooled,tfidf_nb,3,0,0.5378521126760563
sbic_hf_sex,sbic_hf__all platforms pooled,tfidf_nb,4,0,0.5271867612293144
sbic_hf_sex,sbic_hf__all platforms pooled,tfidf_nb,5,0,0.5535499975997311
sbic_hf_sex,sbic_hf__all platforms pooled,tfidf_nb,6,0,0.5067747604739498
sbic_hf_sex,sbic_hf__all platforms pooled,tfidf_nb,7,0,0.5350328683662017
sbic_hf_sex,sbic_hf__all platforms pooled,tfidf_nb,8,0,0.5247467716384235
sbic_hf_sex,sbic_hf__all platforms pooled,tfidf_nb,9,0,0.5048415492957746
sbic_hf_sex,sbic_hf__all platforms pooled,svd_rf,0,0,0.5048415492957746
sbic_hf_sex,sbic_hf__all platforms pooled,svd_rf,1,0,0.5378521126760563
sbic_hf_sex,sbic_hf__all platforms pooled,svd_rf,2,0,0.6453900709219859
sbic_hf_sex,sbic_hf__all platforms pooled,svd_rf,3,0,0.47368421052631576
sbic_hf_sex,sbic_hf__all platforms pooled,svd_rf,4,0,0.5067747604739498
sbic_hf_sex,sbic_hf__all platforms pooled,svd_rf,5,0,0.5350328683662017
sbic_hf_sex,sbic_hf__all platforms pooled,svd_rf,6,0,0.5067747604739498
sbic_hf_sex,sbic_hf__all platforms pooled,svd_rf,7,0,0.5067747604739498
sbic_hf_sex,sbic_hf__all platforms pooled,svd_rf,8,0,0.5670995670995671
sbic_hf_sex,sbic_hf__all platforms pooled,svd_rf,9,0,0.5048415492957746
sbic_hf_sex,sbic_hf__all platforms pooled,svd_histgb,0,0,0.5067747604739498
sbic_hf_sex,sbic_hf__all platforms pooled,svd_histgb,1,0,0.5946788609436707
sbic_hf_sex,sbic_hf__all platforms pooled,svd_histgb,2,0,0.6207332490518331
sbic_hf_sex,sbic_hf__all platforms pooled,svd_histgb,3,0,0.47368421052631576
sbic_hf_sex,sbic_hf__all platforms pooled,svd_histgb,4,0,0.5378521126760563
sbic_hf_sex,sbic_hf__all platforms pooled,svd_histgb,5,0,0.5670995670995671
sbic_hf_sex,sbic_hf__all platforms pooled,svd_histgb,6,0,0.5378521126760563
sbic_hf_sex,sbic_hf__all platforms pooled,svd_histgb,7,0,0.47368421052631576
sbic_hf_sex,sbic_hf__all platforms pooled,svd_histgb,8,0,0.5048415492957746
sbic_hf_sex,sbic_hf__all platforms pooled,svd_histgb,9,0,0.5378521126760563
sbic_hf_sex,sbic_hf__all platforms pooled,svd_knn,0,0,0.5048415492957746
sbic_hf_sex,sbic_hf__all platforms pooled,svd_knn,1,0,0.5323217626273123
sbic_hf_sex,sbic_hf__all platforms pooled,svd_knn,2,0,0.6347630642442406
sbic_hf_sex,sbic_hf__all platforms pooled,svd_knn,3,0,0.5247467716384235
sbic_hf_sex,sbic_hf__all platforms pooled,svd_knn,4,0,0.5635003117854915
sbic_hf_sex,sbic_hf__all platforms pooled,svd_knn,5,0,0.5567375886524822
sbic_hf_sex,sbic_hf__all platforms pooled,svd_knn,6,0,0.5350328683662017
sbic_hf_sex,sbic_hf__all platforms pooled,svd_knn,7,0,0.5567375886524822
sbic_hf_sex,sbic_hf__all platforms pooled,svd_knn,8,0,0.5942231336445744
sbic_hf_sex,sbic_hf__all platforms pooled,svd_knn,9,0,0.5350328683662017
sbic_hf_sex,sbic_hf__all platforms pooled,minilm_lr,0,0,0.692722371967655
sbic_hf_sex,sbic_hf__all platforms pooled,minilm_lr,1,0,0.7001262626262625
sbic_hf_sex,sbic_hf__all platforms pooled,minilm_lr,2,0,0.7093023255813953
sbic_hf_sex,sbic_hf__all platforms pooled,minilm_lr,3,0,0.7259615384615385
sbic_hf_sex,sbic_hf__all platforms pooled,minilm_lr,4,0,0.6986741663318602
sbic_hf_sex,sbic_hf__all platforms pooled,minilm_lr,5,0,0.7114709781393778
sbic_hf_sex,sbic_hf__all platforms pooled,minilm_lr,6,0,0.6503246984942553
sbic_hf_sex,sbic_hf__all platforms pooled,minilm_lr,7,0,0.7270671414831951
sbic_hf_sex,sbic_hf__all platforms pooled,minilm_lr,8,0,0.7426633048270126
sbic_hf_sex,sbic_hf__all platforms pooled,minilm_lr,9,0,0.7200117889773062
sbic_hf_sex,sbic_hf__all platforms pooled,minilm_mlp,0,0,0.744434979073299
sbic_hf_sex,sbic_hf__all platforms pooled,minilm_mlp,1,0,0.7509057971014492
sbic_hf_sex,sbic_hf__all platforms pooled,minilm_mlp,2,0,0.777066976834351
sbic_hf_sex,sbic_hf__all platforms pooled,minilm_mlp,3,0,0.7557997557997558
sbic_hf_sex,sbic_hf__all platforms pooled,minilm_mlp,4,0,0.7282608695652174
sbic_hf_sex,sbic_hf__all platforms pooled,minilm_mlp,5,0,0.7321332904746598
sbic_hf_sex,sbic_hf__all platforms pooled,minilm_mlp,6,0,0.7382960162838035
sbic_hf_sex,sbic_hf__all platforms pooled,minilm_mlp,7,0,0.7107039537126325
sbic_hf_sex,sbic_hf__all platforms pooled,minilm_mlp,8,0,0.76
sbic_hf_sex,sbic_hf__all platforms pooled,minilm_mlp,9,0,0.8178506375227687
sbic_hf_sex,sbic_hf__all platforms pooled,hatebert_lr,0,0,0.715099715099715
sbic_hf_sex,sbic_hf__all platforms pooled,hatebert_lr,1,0,0.7574123989218329
sbic_hf_sex,sbic_hf__all platforms pooled,hatebert_lr,2,0,0.7052755673445329
sbic_hf_sex,sbic_hf__all platforms pooled,hatebert_lr,3,0,0.7088948787061995
sbic_hf_sex,sbic_hf__all platforms pooled,hatebert_lr,4,0,0.7180952380952381
sbic_hf_sex,sbic_hf__all platforms pooled,hatebert_lr,5,0,0.664292147711455
sbic_hf_sex,sbic_hf__all platforms pooled,hatebert_lr,6,0,0.6898399072652652
sbic_hf_sex,sbic_hf__all platforms pooled,hatebert_lr,7,0,0.698058950395399
sbic_hf_sex,sbic_hf__all platforms pooled,hatebert_lr,8,0,0.720602945741782
sbic_hf_sex,sbic_hf__all platforms pooled,hatebert_lr,9,0,0.7134201260951445
sbic_hf_sex,sbic_hf__all platforms pooled,mbert_lr,0,0,0.5914198161389173
sbic_hf_sex,sbic_hf__all platforms pooled,mbert_lr,1,0,0.628032345013477
sbic_hf_sex,sbic_hf__all platforms pooled,mbert_lr,2,0,0.5961538461538461
sbic_hf_sex,sbic_hf__all platforms pooled,mbert_lr,3,0,0.5899710963231835
sbic_hf_sex,sbic_hf__all platforms pooled,mbert_lr,4,0,0.6369949494949495
sbic_hf_sex,sbic_hf__all platforms pooled,mbert_lr,5,0,0.6574260793508103
sbic_hf_sex,sbic_hf__all platforms pooled,mbert_lr,6,0,0.5743956418113721
sbic_hf_sex,sbic_hf__all platforms pooled,mbert_lr,7,0,0.6534752912816393
sbic_hf_sex,sbic_hf__all platforms pooled,mbert_lr,8,0,0.6945692930396563
sbic_hf_sex,sbic_hf__all platforms pooled,mbert_lr,9,0,0.6647711752874277
sbic_offensive_binary,sbic__all (train+dev+test concatenated),tfidf_word_lr,0,0,0.7025898078529658
sbic_offensive_binary,sbic__all (train+dev+test concatenated),tfidf_word_lr,1,0,0.7165123233760603
sbic_offensive_binary,sbic__all (train+dev+test concatenated),tfidf_word_lr,2,0,0.7333214809547091
sbic_offensive_binary,sbic__all (train+dev+test concatenated),tfidf_word_lr,3,0,0.7164114369599306
sbic_offensive_binary,sbic__all (train+dev+test concatenated),tfidf_word_lr,4,0,0.7333333333333333
sbic_offensive_binary,sbic__all (train+dev+test concatenated),tfidf_word_lr,5,0,0.7033036636997033
sbic_offensive_binary,sbic__all (train+dev+test concatenated),tfidf_word_lr,6,0,0.7099709970997099
sbic_offensive_binary,sbic__all (train+dev+test concatenated),tfidf_word_lr,7,0,0.7466216216216216
sbic_offensive_binary,sbic__all (train+dev+test concatenated),tfidf_word_lr,8,0,0.7222191233726392
sbic_offensive_binary,sbic__all (train+dev+test concatenated),tfidf_word_lr,9,0,0.7132823613086771
sbic_offensive_binary,sbic__all (train+dev+test concatenated),tfidf_char_svm,0,0,0.7059983103351168
sbic_offensive_binary,sbic__all (train+dev+test concatenated),tfidf_char_svm,1,0,0.731891505429197
sbic_offensive_binary,sbic__all (train+dev+test concatenated),tfidf_char_svm,2,0,0.7274532015836876
sbic_offensive_binary,sbic__all (train+dev+test concatenated),tfidf_char_svm,3,0,0.7370077324222262
sbic_offensive_binary,sbic__all (train+dev+test concatenated),tfidf_char_svm,4,0,0.7694235588972431
sbic_offensive_binary,sbic__all (train+dev+test concatenated),tfidf_char_svm,5,0,0.7224420639609412
sbic_offensive_binary,sbic__all (train+dev+test concatenated),tfidf_char_svm,6,0,0.7165123233760603
sbic_offensive_binary,sbic__all (train+dev+test concatenated),tfidf_char_svm,7,0,0.7455357142857142
sbic_offensive_binary,sbic__all (train+dev+test concatenated),tfidf_char_svm,8,0,0.6892230576441103
sbic_offensive_binary,sbic__all (train+dev+test concatenated),tfidf_char_svm,9,0,0.7431021252460548
sbic_offensive_binary,sbic__all (train+dev+test concatenated),tfidf_nb,0,0,0.7139941004273265
sbic_offensive_binary,sbic__all (train+dev+test concatenated),tfidf_nb,1,0,0.7418157838852812
sbic_offensive_binary,sbic__all (train+dev+test concatenated),tfidf_nb,2,0,0.7356061535715481
sbic_offensive_binary,sbic__all (train+dev+test concatenated),tfidf_nb,3,0,0.7068700232482394
sbic_offensive_binary,sbic__all (train+dev+test concatenated),tfidf_nb,4,0,0.7390606182256123
sbic_offensive_binary,sbic__all (train+dev+test concatenated),tfidf_nb,5,0,0.7012587412587412
sbic_offensive_binary,sbic__all (train+dev+test concatenated),tfidf_nb,6,0,0.7216975332789395
sbic_offensive_binary,sbic__all (train+dev+test concatenated),tfidf_nb,7,0,0.7286704853783539
sbic_offensive_binary,sbic__all (train+dev+test concatenated),tfidf_nb,8,0,0.726274288932695
sbic_offensive_binary,sbic__all (train+dev+test concatenated),tfidf_nb,9,0,0.7029339445254175
sbic_offensive_binary,sbic__all (train+dev+test concatenated),svd_rf,0,0,0.6799431009957326
sbic_offensive_binary,sbic__all (train+dev+test concatenated),svd_rf,1,0,0.6430120441730891
sbic_offensive_binary,sbic__all (train+dev+test concatenated),svd_rf,2,0,0.6966363302996966
sbic_offensive_binary,sbic__all (train+dev+test concatenated),svd_rf,3,0,0.6633295925510283
sbic_offensive_binary,sbic__all (train+dev+test concatenated),svd_rf,4,0,0.6325330720235178
sbic_offensive_binary,sbic__all (train+dev+test concatenated),svd_rf,5,0,0.7094544199663814
sbic_offensive_binary,sbic__all (train+dev+test concatenated),svd_rf,6,0,0.660584064253789
sbic_offensive_binary,sbic__all (train+dev+test concatenated),svd_rf,7,0,0.6983779436078467
sbic_offensive_binary,sbic__all (train+dev+test concatenated),svd_rf,8,0,0.6630300603876822
sbic_offensive_binary,sbic__all (train+dev+test concatenated),svd_rf,9,0,0.6691729323308271
sbic_offensive_binary,sbic__all (train+dev+test concatenated),svd_histgb,0,0,0.6127136752136753
sbic_offensive_binary,sbic__all (train+dev+test concatenated),svd_histgb,1,0,0.6661324786324787
sbic_offensive_binary,sbic__all (train+dev+test concatenated),svd_histgb,2,0,0.6833298147757197
sbic_offensive_binary,sbic__all (train+dev+test concatenated),svd_histgb,3,0,0.673202614379085
sbic_offensive_binary,sbic__all (train+dev+test concatenated),svd_histgb,4,0,0.6498093406410157
sbic_offensive_binary,sbic__all (train+dev+test concatenated),svd_histgb,5,0,0.7066666666666667
sbic_offensive_binary,sbic__all (train+dev+test concatenated),svd_histgb,6,0,0.6933333333333334
sbic_offensive_binary,sbic__all (train+dev+test concatenated),svd_histgb,7,0,0.7029339445254175
sbic_offensive_binary,sbic__all (train+dev+test concatenated),svd_histgb,8,0,0.6965014285555469
sbic_offensive_binary,sbic__all (train+dev+test concatenated),svd_histgb,9,0,0.6666518511933863
sbic_offensive_binary,sbic__all (train+dev+test concatenated),svd_knn,0,0,0.6807473871694055
sbic_offensive_binary,sbic__all (train+dev+test concatenated),svd_knn,1,0,0.614448051948052
sbic_offensive_binary,sbic__all (train+dev+test concatenated),svd_knn,2,0,0.6866541627826008
sbic_offensive_binary,sbic__all (train+dev+test concatenated),svd_knn,3,0,0.622119918404655
sbic_offensive_binary,sbic__all (train+dev+test concatenated),svd_knn,4,0,0.6290726817042607
sbic_offensive_binary,sbic__all (train+dev+test concatenated),svd_knn,5,0,0.6721530844373076
sbic_offensive_binary,sbic__all (train+dev+test concatenated),svd_knn,6,0,0.6341258741258742
sbic_offensive_binary,sbic__all (train+dev+test concatenated),svd_knn,7,0,0.6578099838969405
sbic_offensive_binary,sbic__all (train+dev+test concatenated),svd_knn,8,0,0.679915542627388
sbic_offensive_binary,sbic__all (train+dev+test concatenated),svd_knn,9,0,0.6491228070175439
sbic_offensive_binary,sbic__all (train+dev+test concatenated),minilm_lr,0,0,0.7207236510055071
sbic_offensive_binary,sbic__all (train+dev+test concatenated),minilm_lr,1,0,0.735109700349834
sbic_offensive_binary,sbic__all (train+dev+test concatenated),minilm_lr,2,0,0.7383252818035426
sbic_offensive_binary,sbic__all (train+dev+test concatenated),minilm_lr,3,0,0.7242647058823529
sbic_offensive_binary,sbic__all (train+dev+test concatenated),minilm_lr,4,0,0.7692590652205415
sbic_offensive_binary,sbic__all (train+dev+test concatenated),minilm_lr,5,0,0.7562088811212164
sbic_offensive_binary,sbic__all (train+dev+test concatenated),minilm_lr,6,0,0.7260701082357133
sbic_offensive_binary,sbic__all (train+dev+test concatenated),minilm_lr,7,0,0.779205138498595
sbic_offensive_binary,sbic__all (train+dev+test concatenated),minilm_lr,8,0,0.7058299162060973
sbic_offensive_binary,sbic__all (train+dev+test concatenated),minilm_lr,9,0,0.7696903614859978
sbic_offensive_binary,sbic__all (train+dev+test concatenated),minilm_mlp,0,0,0.7023809523809523
sbic_offensive_binary,sbic__all (train+dev+test concatenated),minilm_mlp,1,0,0.7450348899624262
sbic_offensive_binary,sbic__all (train+dev+test concatenated),minilm_mlp,2,0,0.7277951406391774
sbic_offensive_binary,sbic__all (train+dev+test concatenated),minilm_mlp,3,0,0.733032948465221
sbic_offensive_binary,sbic__all (train+dev+test concatenated),minilm_mlp,4,0,0.7625709221834558
sbic_offensive_binary,sbic__all (train+dev+test concatenated),minilm_mlp,5,0,0.735109700349834
sbic_offensive_binary,sbic__all (train+dev+test concatenated),minilm_mlp,6,0,0.7681217864704104
sbic_offensive_binary,sbic__all (train+dev+test concatenated),minilm_mlp,7,0,0.7847919655667145
sbic_offensive_binary,sbic__all (train+dev+test concatenated),minilm_mlp,8,0,0.7309899569583931
sbic_offensive_binary,sbic__all (train+dev+test concatenated),minilm_mlp,9,0,0.7887583686334119
sbic_offensive_binary,sbic__all (train+dev+test concatenated),hatebert_lr,0,0,0.6922253445737989
sbic_offensive_binary,sbic__all (train+dev+test concatenated),hatebert_lr,1,0,0.6825396825396826
sbic_offensive_binary,sbic__all (train+dev+test concatenated),hatebert_lr,2,0,0.7216975332789395
sbic_offensive_binary,sbic__all (train+dev+test concatenated),hatebert_lr,3,0,0.7409123027400486
sbic_offensive_binary,sbic__all (train+dev+test concatenated),hatebert_lr,4,0,0.7323698648467818
sbic_offensive_binary,sbic__all (train+dev+test concatenated),hatebert_lr,5,0,0.7228128374391913
sbic_offensive_binary,sbic__all (train+dev+test concatenated),hatebert_lr,6,0,0.7224420639609412
sbic_offensive_binary,sbic__all (train+dev+test concatenated),hatebert_lr,7,0,0.7114868491680086
sbic_offensive_binary,sbic__all (train+dev+test concatenated),hatebert_lr,8,0,0.7096095862214755
sbic_offensive_binary,sbic__all (train+dev+test concatenated),hatebert_lr,9,0,0.7132823613086771
sbic_offensive_binary,sbic__all (train+dev+test concatenated),mbert_lr,0,0,0.707972027972028
sbic_offensive_binary,sbic__all (train+dev+test concatenated),mbert_lr,1,0,0.6945454545454546
sbic_offensive_binary,sbic__all (train+dev+test concatenated),mbert_lr,2,0,0.7345162482777161
sbic_offensive_binary,sbic__all (train+dev+test concatenated),mbert_lr,3,0,0.6986607142857143
sbic_offensive_binary,sbic__all (train+dev+test concatenated),mbert_lr,4,0,0.7159565580618212
sbic_offensive_binary,sbic__all (train+dev+test concatenated),mbert_lr,5,0,0.6857728650383312
sbic_offensive_binary,sbic__all (train+dev+test concatenated),mbert_lr,6,0,0.6527777777777777
sbic_offensive_binary,sbic__all (train+dev+test concatenated),mbert_lr,7,0,0.729130206998027
sbic_offensive_binary,sbic__all (train+dev+test concatenated),mbert_lr,8,0,0.6461004273504274
sbic_offensive_binary,sbic__all (train+dev+test concatenated),mbert_lr,9,0,0.7099194220616838
toxic_conversations_binary,toxic_conversations__random 60k subsample of train split,tfidf_word_lr,0,0,0.6829710144927537
toxic_conversations_binary,toxic_conversations__random 60k subsample of train split,tfidf_word_lr,1,0,0.6678452801885781
toxic_conversations_binary,toxic_conversations__random 60k subsample of train split,tfidf_word_lr,2,0,0.6376811594202898
toxic_conversations_binary,toxic_conversations__random 60k subsample of train split,tfidf_word_lr,3,0,0.5982142857142857
toxic_conversations_binary,toxic_conversations__random 60k subsample of train split,tfidf_word_lr,4,0,0.646415943426551
toxic_conversations_binary,toxic_conversations__random 60k subsample of train split,tfidf_word_lr,5,0,0.633319752583429
toxic_conversations_binary,toxic_conversations__random 60k subsample of train split,tfidf_word_lr,6,0,0.7183819764464925
toxic_conversations_binary,toxic_conversations__random 60k subsample of train split,tfidf_word_lr,7,0,0.6566383257030739
toxic_conversations_binary,toxic_conversations__random 60k subsample of train split,tfidf_word_lr,8,0,0.6367583816959625
toxic_conversations_binary,toxic_conversations__random 60k subsample of train split,tfidf_word_lr,9,0,0.5418648283083904
toxic_conversations_binary,toxic_conversations__random 60k subsample of train split,tfidf_char_svm,0,0,0.7381818181818183
toxic_conversations_binary,toxic_conversations__random 60k subsample of train split,tfidf_char_svm,1,0,0.6631106120157215
toxic_conversations_binary,toxic_conversations__random 60k subsample of train split,tfidf_char_svm,2,0,0.6897414512093412
toxic_conversations_binary,toxic_conversations__random 60k subsample of train split,tfidf_char_svm,3,0,0.6618095277858962
toxic_conversations_binary,toxic_conversations__random 60k subsample of train split,tfidf_char_svm,4,0,0.6697247706422018
toxic_conversations_binary,toxic_conversations__random 60k subsample of train split,tfidf_char_svm,5,0,0.655542797881403
toxic_conversations_binary,toxic_conversations__random 60k subsample of train split,tfidf_char_svm,6,0,0.7056899934597777
toxic_conversations_binary,toxic_conversations__random 60k subsample of train split,tfidf_char_svm,7,0,0.6883536608826132
toxic_conversations_binary,toxic_conversations__random 60k subsample of train split,tfidf_char_svm,8,0,0.6204022863126664
toxic_conversations_binary,toxic_conversations__random 60k subsample of train split,tfidf_char_svm,9,0,0.6232930466174855
toxic_conversations_binary,toxic_conversations__random 60k subsample of train split,tfidf_nb,0,0,0.5067747604739498
toxic_conversations_binary,toxic_conversations__random 60k subsample of train split,tfidf_nb,1,0,0.4727592267135325
toxic_conversations_binary,toxic_conversations__random 60k subsample of train split,tfidf_nb,2,0,0.47368421052631576
toxic_conversations_binary,toxic_conversations__random 60k subsample of train split,tfidf_nb,3,0,0.5029661696328362
toxic_conversations_binary,toxic_conversations__random 60k subsample of train split,tfidf_nb,4,0,0.5067747604739498
toxic_conversations_binary,toxic_conversations__random 60k subsample of train split,tfidf_nb,5,0,0.5067747604739498
toxic_conversations_binary,toxic_conversations__random 60k subsample of train split,tfidf_nb,6,0,0.5067747604739498
toxic_conversations_binary,toxic_conversations__random 60k subsample of train split,tfidf_nb,7,0,0.5048415492957746
toxic_conversations_binary,toxic_conversations__random 60k subsample of train split,tfidf_nb,8,0,0.47183098591549294
toxic_conversations_binary,toxic_conversations__random 60k subsample of train split,tfidf_nb,9,0,0.46996466431095407
toxic_conversations_binary,toxic_conversations__random 60k subsample of train split,svd_rf,0,0,0.5067747604739498
toxic_conversations_binary,toxic_conversations__random 60k subsample of train split,svd_rf,1,0,0.47368421052631576
toxic_conversations_binary,toxic_conversations__random 60k subsample of train split,svd_rf,2,0,0.47368421052631576
toxic_conversations_binary,toxic_conversations__random 60k subsample of train split,svd_rf,3,0,0.47368421052631576
toxic_conversations_binary,toxic_conversations__random 60k subsample of train split,svd_rf,4,0,0.47368421052631576
toxic_conversations_binary,toxic_conversations__random 60k subsample of train split,svd_rf,5,0,0.47368421052631576
toxic_conversations_binary,toxic_conversations__random 60k subsample of train split,svd_rf,6,0,0.47368421052631576
toxic_conversations_binary,toxic_conversations__random 60k subsample of train split,svd_rf,7,0,0.5048415492957746
toxic_conversations_binary,toxic_conversations__random 60k subsample of train split,svd_rf,8,0,0.5067747604739498
toxic_conversations_binary,toxic_conversations__random 60k subsample of train split,svd_rf,9,0,0.47368421052631576
toxic_conversations_binary,toxic_conversations__random 60k subsample of train split,svd_histgb,0,0,0.5067747604739498
toxic_conversations_binary,toxic_conversations__random 60k subsample of train split,svd_histgb,1,0,0.4727592267135325
toxic_conversations_binary,toxic_conversations__random 60k subsample of train split,svd_histgb,2,0,0.47368421052631576
toxic_conversations_binary,toxic_conversations__random 60k subsample of train split,svd_histgb,3,0,0.47368421052631576
toxic_conversations_binary,toxic_conversations__random 60k subsample of train split,svd_histgb,4,0,0.47368421052631576
toxic_conversations_binary,toxic_conversations__random 60k subsample of train split,svd_histgb,5,0,0.47368421052631576
toxic_conversations_binary,toxic_conversations__random 60k subsample of train split,svd_histgb,6,0,0.47368421052631576
toxic_conversations_binary,toxic_conversations__random 60k subsample of train split,svd_histgb,7,0,0.5067747604739498
toxic_conversations_binary,toxic_conversations__random 60k subsample of train split,svd_histgb,8,0,0.47368421052631576
toxic_conversations_binary,toxic_conversations__random 60k subsample of train split,svd_histgb,9,0,0.47183098591549294
toxic_conversations_binary,toxic_conversations__random 60k subsample of train split,svd_knn,0,0,0.49936788874841975
toxic_conversations_binary,toxic_conversations__random 60k subsample of train split,svd_knn,1,0,0.5323217626273123
toxic_conversations_binary,toxic_conversations__random 60k subsample of train split,svd_knn,2,0,0.47183098591549294
toxic_conversations_binary,toxic_conversations__random 60k subsample of train split,svd_knn,3,0,0.5029661696328362
toxic_conversations_binary,toxic_conversations__random 60k subsample of train split,svd_knn,4,0,0.46808510638297873
toxic_conversations_binary,toxic_conversations__random 60k subsample of train split,svd_knn,5,0,0.5247467716384235
toxic_conversations_binary,toxic_conversations__random 60k subsample of train split,svd_knn,6,0,0.5029661696328362
toxic_conversations_binary,toxic_conversations__random 60k subsample of train split,svd_knn,7,0,0.5048415492957746
toxic_conversations_binary,toxic_conversations__random 60k subsample of train split,svd_knn,8,0,0.5011432134691333
toxic_conversations_binary,toxic_conversations__random 60k subsample of train split,svd_knn,9,0,0.4708994708994709
toxic_conversations_binary,toxic_conversations__random 60k subsample of train split,minilm_lr,0,0,0.5991601450658522
toxic_conversations_binary,toxic_conversations__random 60k subsample of train split,minilm_lr,1,0,0.679670234163542
toxic_conversations_binary,toxic_conversations__random 60k subsample of train split,minilm_lr,2,0,0.6266666666666667
toxic_conversations_binary,toxic_conversations__random 60k subsample of train split,minilm_lr,3,0,0.5810317873892652
toxic_conversations_binary,toxic_conversations__random 60k subsample of train split,minilm_lr,4,0,0.6394230769230769
toxic_conversations_binary,toxic_conversations__random 60k subsample of train split,minilm_lr,5,0,0.652
toxic_conversations_binary,toxic_conversations__random 60k subsample of train split,minilm_lr,6,0,0.6351172047766475
toxic_conversations_binary,toxic_conversations__random 60k subsample of train split,minilm_lr,7,0,0.6303018081602474
toxic_conversations_binary,toxic_conversations__random 60k subsample of train split,minilm_lr,8,0,0.6606641932856755
toxic_conversations_binary,toxic_conversations__random 60k subsample of train split,minilm_lr,9,0,0.6428484657061639
toxic_conversations_binary,toxic_conversations__random 60k subsample of train split,minilm_mlp,0,0,0.6652687468739179
toxic_conversations_binary,toxic_conversations__random 60k subsample of train split,minilm_mlp,1,0,0.6566383257030739
toxic_conversations_binary,toxic_conversations__random 60k subsample of train split,minilm_mlp,2,0,0.6111564495223465
toxic_conversations_binary,toxic_conversations__random 60k subsample of train split,minilm_mlp,3,0,0.7547416612164813
toxic_conversations_binary,toxic_conversations__random 60k subsample of train split,minilm_mlp,4,0,0.6939256003767069
toxic_conversations_binary,toxic_conversations__random 60k subsample of train split,minilm_mlp,5,0,0.6995250557332557
toxic_conversations_binary,toxic_conversations__random 60k subsample of train split,minilm_mlp,6,0,0.6927803379416283
toxic_conversations_binary,toxic_conversations__random 60k subsample of train split,minilm_mlp,7,0,0.6727272727272727
toxic_conversations_binary,toxic_conversations__random 60k subsample of train split,minilm_mlp,8,0,0.6618095277858962
toxic_conversations_binary,toxic_conversations__random 60k subsample of train split,minilm_mlp,9,0,0.7114385748913086
toxic_conversations_binary,toxic_conversations__random 60k subsample of train split,hatebert_lr,0,0,0.6185316231755861
toxic_conversations_binary,toxic_conversations__random 60k subsample of train split,hatebert_lr,1,0,0.6479161549168919
toxic_conversations_binary,toxic_conversations__random 60k subsample of train split,hatebert_lr,2,0,0.6334901614202906
toxic_conversations_binary,toxic_conversations__random 60k subsample of train split,hatebert_lr,3,0,0.6574260793508103
toxic_conversations_binary,toxic_conversations__random 60k subsample of train split,hatebert_lr,4,0,0.6463306808134395
toxic_conversations_binary,toxic_conversations__random 60k subsample of train split,hatebert_lr,5,0,0.6685415829650462
toxic_conversations_binary,toxic_conversations__random 60k subsample of train split,hatebert_lr,6,0,0.6442048517520216
toxic_conversations_binary,toxic_conversations__random 60k subsample of train split,hatebert_lr,7,0,0.6725152426848425
toxic_conversations_binary,toxic_conversations__random 60k subsample of train split,hatebert_lr,8,0,0.6315401621223287
toxic_conversations_binary,toxic_conversations__random 60k subsample of train split,hatebert_lr,9,0,0.597714552238806
toxic_conversations_binary,toxic_conversations__random 60k subsample of train split,mbert_lr,0,0,0.6369949494949495
toxic_conversations_binary,toxic_conversations__random 60k subsample of train split,mbert_lr,1,0,0.6021220159151194
toxic_conversations_binary,toxic_conversations__random 60k subsample of train split,mbert_lr,2,0,0.6360522372083066
toxic_conversations_binary,toxic_conversations__random 60k subsample of train split,mbert_lr,3,0,0.6300482992498202
toxic_conversations_binary,toxic_conversations__random 60k subsample of train split,mbert_lr,4,0,0.6303018081602474
toxic_conversations_binary,toxic_conversations__random 60k subsample of train split,mbert_lr,5,0,0.580952380952381
toxic_conversations_binary,toxic_conversations__random 60k subsample of train split,mbert_lr,6,0,0.6015007806856051
toxic_conversations_binary,toxic_conversations__random 60k subsample of train split,mbert_lr,7,0,0.5927970319428106
toxic_conversations_binary,toxic_conversations__random 60k subsample of train split,mbert_lr,8,0,0.6151641693277654
toxic_conversations_binary,toxic_conversations__random 60k subsample of train split,mbert_lr,9,0,0.5762312835483567
tweeteval_hate,"tweet_eval__config=hate, all splits",tfidf_word_lr,0,0,0.7055206417619118
tweeteval_hate,"tweet_eval__config=hate, all splits",tfidf_word_lr,1,0,0.6771879483500718
tweeteval_hate,"tweet_eval__config=hate, all splits",tfidf_word_lr,2,0,0.7384481255448998
tweeteval_hate,"tweet_eval__config=hate, all splits",tfidf_word_lr,3,0,0.6941896024464831
tweeteval_hate,"tweet_eval__config=hate, all splits",tfidf_word_lr,4,0,0.7157501797965731
tweeteval_hate,"tweet_eval__config=hate, all splits",tfidf_word_lr,5,0,0.7248610151835958
tweeteval_hate,"tweet_eval__config=hate, all splits",tfidf_word_lr,6,0,0.7331691297208538
tweeteval_hate,"tweet_eval__config=hate, all splits",tfidf_word_lr,7,0,0.6866149774827057
tweeteval_hate,"tweet_eval__config=hate, all splits",tfidf_word_lr,8,0,0.7037037037037037
tweeteval_hate,"tweet_eval__config=hate, all splits",tfidf_word_lr,9,0,0.6921182266009853
tweeteval_hate,"tweet_eval__config=hate, all splits",tfidf_char_svm,0,0,0.7154343014589638
tweeteval_hate,"tweet_eval__config=hate, all splits",tfidf_char_svm,1,0,0.7334413064750144
tweeteval_hate,"tweet_eval__config=hate, all splits",tfidf_char_svm,2,0,0.7280021759825921
tweeteval_hate,"tweet_eval__config=hate, all splits",tfidf_char_svm,3,0,0.6987510013426453
tweeteval_hate,"tweet_eval__config=hate, all splits",tfidf_char_svm,4,0,0.7232062512102607
tweeteval_hate,"tweet_eval__config=hate, all splits",tfidf_char_svm,5,0,0.6654210980166715
tweeteval_hate,"tweet_eval__config=hate, all splits",tfidf_char_svm,6,0,0.7342841569767442
tweeteval_hate,"tweet_eval__config=hate, all splits",tfidf_char_svm,7,0,0.6921182266009853
tweeteval_hate,"tweet_eval__config=hate, all splits",tfidf_char_svm,8,0,0.6763172091350476
tweeteval_hate,"tweet_eval__config=hate, all splits",tfidf_char_svm,9,0,0.691397265340561
tweeteval_hate,"tweet_eval__config=hate, all splits",tfidf_nb,0,0,0.6945045137816221
tweeteval_hate,"tweet_eval__config=hate, all splits",tfidf_nb,1,0,0.683064627256442
tweeteval_hate,"tweet_eval__config=hate, all splits",tfidf_nb,2,0,0.7206183646861613
tweeteval_hate,"tweet_eval__config=hate, all splits",tfidf_nb,3,0,0.6784345922276958
tweeteval_hate,"tweet_eval__config=hate, all splits",tfidf_nb,4,0,0.699855224284655
tweeteval_hate,"tweet_eval__config=hate, all splits",tfidf_nb,5,0,0.6887204896531623
tweeteval_hate,"tweet_eval__config=hate, all splits",tfidf_nb,6,0,0.699855224284655
tweeteval_hate,"tweet_eval__config=hate, all splits",tfidf_nb,7,0,0.679426291793313
tweeteval_hate,"tweet_eval__config=hate, all splits",tfidf_nb,8,0,0.716700670358496
tweeteval_hate,"tweet_eval__config=hate, all splits",tfidf_nb,9,0,0.6445289128215957
tweeteval_hate,"tweet_eval__config=hate, all splits",svd_rf,0,0,0.6467502185951618
tweeteval_hate,"tweet_eval__config=hate, all splits",svd_rf,1,0,0.716700670358496
tweeteval_hate,"tweet_eval__config=hate, all splits",svd_rf,2,0,0.6396986570586308
tweeteval_hate,"tweet_eval__config=hate, all splits",svd_rf,3,0,0.6796508658712104
tweeteval_hate,"tweet_eval__config=hate, all splits",svd_rf,4,0,0.6600115740740741
tweeteval_hate,"tweet_eval__config=hate, all splits",svd_rf,5,0,0.6626686656671663
tweeteval_hate,"tweet_eval__config=hate, all splits",svd_rf,6,0,0.6943875166289145
tweeteval_hate,"tweet_eval__config=hate, all splits",svd_rf,7,0,0.6597380579997374
tweeteval_hate,"tweet_eval__config=hate, all splits",svd_rf,8,0,0.6279717967190656
tweeteval_hate,"tweet_eval__config=hate, all splits",svd_rf,9,0,0.6698564593301435
tweeteval_hate,"tweet_eval__config=hate, all splits",svd_histgb,0,0,0.7027105800058292
tweeteval_hate,"tweet_eval__config=hate, all splits",svd_histgb,1,0,0.7236957155348295
tweeteval_hate,"tweet_eval__config=hate, all splits",svd_histgb,2,0,0.651242224858879
tweeteval_hate,"tweet_eval__config=hate, all splits",svd_histgb,3,0,0.6663669490322275
tweeteval_hate,"tweet_eval__config=hate, all splits",svd_histgb,4,0,0.6787428860199011
tweeteval_hate,"tweet_eval__config=hate, all splits",svd_histgb,5,0,0.6947761106758195
tweeteval_hate,"tweet_eval__config=hate, all splits",svd_histgb,6,0,0.6368604609355337
tweeteval_hate,"tweet_eval__config=hate, all splits",svd_histgb,7,0,0.6279906632950788
tweeteval_hate,"tweet_eval__config=hate, all splits",svd_histgb,8,0,0.6645440742004967
tweeteval_hate,"tweet_eval__config=hate, all splits",svd_histgb,9,0,0.6275399196076262
tweeteval_hate,"tweet_eval__config=hate, all splits",svd_knn,0,0,0.6210555325892242
tweeteval_hate,"tweet_eval__config=hate, all splits",svd_knn,1,0,0.7075073123171921
tweeteval_hate,"tweet_eval__config=hate, all splits",svd_knn,2,0,0.6775274795131705
tweeteval_hate,"tweet_eval__config=hate, all splits",svd_knn,3,0,0.6362951541331701
tweeteval_hate,"tweet_eval__config=hate, all splits",svd_knn,4,0,0.661367020510111
tweeteval_hate,"tweet_eval__config=hate, all splits",svd_knn,5,0,0.5943087645488274
tweeteval_hate,"tweet_eval__config=hate, all splits",svd_knn,6,0,0.6533672891907187
tweeteval_hate,"tweet_eval__config=hate, all splits",svd_knn,7,0,0.6362951541331701
tweeteval_hate,"tweet_eval__config=hate, all splits",svd_knn,8,0,0.6557679157152957
tweeteval_hate,"tweet_eval__config=hate, all splits",svd_knn,9,0,0.6319444444444444
tweeteval_hate,"tweet_eval__config=hate, all splits",minilm_lr,0,0,0.7243366496125966
tweeteval_hate,"tweet_eval__config=hate, all splits",minilm_lr,1,0,0.7157539209238555
tweeteval_hate,"tweet_eval__config=hate, all splits",minilm_lr,2,0,0.6982334791306412
tweeteval_hate,"tweet_eval__config=hate, all splits",minilm_lr,3,0,0.7086589276841773
tweeteval_hate,"tweet_eval__config=hate, all splits",minilm_lr,4,0,0.7294372294372294
tweeteval_hate,"tweet_eval__config=hate, all splits",minilm_lr,5,0,0.6578099838969405
tweeteval_hate,"tweet_eval__config=hate, all splits",minilm_lr,6,0,0.6992396508025909
tweeteval_hate,"tweet_eval__config=hate, all splits",minilm_lr,7,0,0.6773061289190321
tweeteval_hate,"tweet_eval__config=hate, all splits",minilm_lr,8,0,0.6852117205041126
tweeteval_hate,"tweet_eval__config=hate, all splits",minilm_lr,9,0,0.6476805637110981
tweeteval_hate,"tweet_eval__config=hate, all splits",minilm_mlp,0,0,0.7291666666666667
tweeteval_hate,"tweet_eval__config=hate, all splits",minilm_mlp,1,0,0.7600675865953253
tweeteval_hate,"tweet_eval__config=hate, all splits",minilm_mlp,2,0,0.7406369955389562
tweeteval_hate,"tweet_eval__config=hate, all splits",minilm_mlp,3,0,0.7106242248863166
tweeteval_hate,"tweet_eval__config=hate, all splits",minilm_mlp,4,0,0.7236957155348295
tweeteval_hate,"tweet_eval__config=hate, all splits",minilm_mlp,5,0,0.7248610151835958
tweeteval_hate,"tweet_eval__config=hate, all splits",minilm_mlp,6,0,0.7244040237012539
tweeteval_hate,"tweet_eval__config=hate, all splits",minilm_mlp,7,0,0.718200146627566
tweeteval_hate,"tweet_eval__config=hate, all splits",minilm_mlp,8,0,0.7082346479936841
tweeteval_hate,"tweet_eval__config=hate, all splits",minilm_mlp,9,0,0.6896845694799659
tweeteval_hate,"tweet_eval__config=hate, all splits",hatebert_lr,0,0,0.6906384505021521
tweeteval_hate,"tweet_eval__config=hate, all splits",hatebert_lr,1,0,0.6980676328502415
tweeteval_hate,"tweet_eval__config=hate, all splits",hatebert_lr,2,0,0.6893431182747287
tweeteval_hate,"tweet_eval__config=hate, all splits",hatebert_lr,3,0,0.6877828054298643
tweeteval_hate,"tweet_eval__config=hate, all splits",hatebert_lr,4,0,0.6921182266009853
tweeteval_hate,"tweet_eval__config=hate, all splits",hatebert_lr,5,0,0.6771879483500718
tweeteval_hate,"tweet_eval__config=hate, all splits",hatebert_lr,6,0,0.6692242114236999
tweeteval_hate,"tweet_eval__config=hate, all splits",hatebert_lr,7,0,0.6476805637110981
tweeteval_hate,"tweet_eval__config=hate, all splits",hatebert_lr,8,0,0.6628304261823413
tweeteval_hate,"tweet_eval__config=hate, all splits",hatebert_lr,9,0,0.6601791782514674
tweeteval_hate,"tweet_eval__config=hate, all splits",mbert_lr,0,0,0.6532027743778049
tweeteval_hate,"tweet_eval__config=hate, all splits",mbert_lr,1,0,0.6228956228956228
tweeteval_hate,"tweet_eval__config=hate, all splits",mbert_lr,2,0,0.6924809912700647
tweeteval_hate,"tweet_eval__config=hate, all splits",mbert_lr,3,0,0.6445938779885142
tweeteval_hate,"tweet_eval__config=hate, all splits",mbert_lr,4,0,0.6940024479804161
tweeteval_hate,"tweet_eval__config=hate, all splits",mbert_lr,5,0,0.6113770768797522
tweeteval_hate,"tweet_eval__config=hate, all splits",mbert_lr,6,0,0.6612313112606713
tweeteval_hate,"tweet_eval__config=hate, all splits",mbert_lr,7,0,0.634129816161525
tweeteval_hate,"tweet_eval__config=hate, all splits",mbert_lr,8,0,0.6248943959448043
tweeteval_hate,"tweet_eval__config=hate, all splits",mbert_lr,9,0,0.6258538427213126
tweeteval_offensive,"tweet_eval__config=offensive, all splits",tfidf_word_lr,0,0,0.6717926024265222
tweeteval_offensive,"tweet_eval__config=offensive, all splits",tfidf_word_lr,1,0,0.684981684981685
tweeteval_offensive,"tweet_eval__config=offensive, all splits",tfidf_word_lr,2,0,0.6454635168557121
tweeteval_offensive,"tweet_eval__config=offensive, all splits",tfidf_word_lr,3,0,0.5961716579191109
tweeteval_offensive,"tweet_eval__config=offensive, all splits",tfidf_word_lr,4,0,0.6729282321833607
tweeteval_offensive,"tweet_eval__config=offensive, all splits",tfidf_word_lr,5,0,0.6636898388986157
tweeteval_offensive,"tweet_eval__config=offensive, all splits",tfidf_word_lr,6,0,0.6835753532182104
tweeteval_offensive,"tweet_eval__config=offensive, all splits",tfidf_word_lr,7,0,0.6381727725011307
tweeteval_offensive,"tweet_eval__config=offensive, all splits",tfidf_word_lr,8,0,0.6425792647344875
tweeteval_offensive,"tweet_eval__config=offensive, all splits",tfidf_word_lr,9,0,0.651242224858879
tweeteval_offensive,"tweet_eval__config=offensive, all splits",tfidf_char_svm,0,0,0.7060153776571687
tweeteval_offensive,"tweet_eval__config=offensive, all splits",tfidf_char_svm,1,0,0.6717926024265222
tweeteval_offensive,"tweet_eval__config=offensive, all splits",tfidf_char_svm,2,0,0.696909960080824
tweeteval_offensive,"tweet_eval__config=offensive, all splits",tfidf_char_svm,3,0,0.6428526673266582
tweeteval_offensive,"tweet_eval__config=offensive, all splits",tfidf_char_svm,4,0,0.6883278790712171
tweeteval_offensive,"tweet_eval__config=offensive, all splits",tfidf_char_svm,5,0,0.6871741397288842
tweeteval_offensive,"tweet_eval__config=offensive, all splits",tfidf_char_svm,6,0,0.6683250414593698
tweeteval_offensive,"tweet_eval__config=offensive, all splits",tfidf_char_svm,7,0,0.6524550928696007
tweeteval_offensive,"tweet_eval__config=offensive, all splits",tfidf_char_svm,8,0,0.6644621668936004
tweeteval_offensive,"tweet_eval__config=offensive, all splits",tfidf_char_svm,9,0,0.6961196820944366
tweeteval_offensive,"tweet_eval__config=offensive, all splits",tfidf_nb,0,0,0.5993788819875776
tweeteval_offensive,"tweet_eval__config=offensive, all splits",tfidf_nb,1,0,0.5874472720530293
tweeteval_offensive,"tweet_eval__config=offensive, all splits",tfidf_nb,2,0,0.632737945987404
tweeteval_offensive,"tweet_eval__config=offensive, all splits",tfidf_nb,3,0,0.538866930171278
tweeteval_offensive,"tweet_eval__config=offensive, all splits",tfidf_nb,4,0,0.5696110734498904
tweeteval_offensive,"tweet_eval__config=offensive, all splits",tfidf_nb,5,0,0.5555555555555556
tweeteval_offensive,"tweet_eval__config=offensive, all splits",tfidf_nb,6,0,0.5765104460756635
tweeteval_offensive,"tweet_eval__config=offensive, all splits",tfidf_nb,7,0,0.577221190186407
tweeteval_offensive,"tweet_eval__config=offensive, all splits",tfidf_nb,8,0,0.6032966357094532
tweeteval_offensive,"tweet_eval__config=offensive, all splits",tfidf_nb,9,0,0.5937873357228196
tweeteval_offensive,"tweet_eval__config=offensive, all splits",svd_rf,0,0,0.5756196568054616
tweeteval_offensive,"tweet_eval__config=offensive, all splits",svd_rf,1,0,0.6156556274421882
tweeteval_offensive,"tweet_eval__config=offensive, all splits",svd_rf,2,0,0.5823620823620823
tweeteval_offensive,"tweet_eval__config=offensive, all splits",svd_rf,3,0,0.5301052631578947
tweeteval_offensive,"tweet_eval__config=offensive, all splits",svd_rf,4,0,0.5120628896719979
tweeteval_offensive,"tweet_eval__config=offensive, all splits",svd_rf,5,0,0.5364396654719236
tweeteval_offensive,"tweet_eval__config=offensive, all splits",svd_rf,6,0,0.5848152502269379
tweeteval_offensive,"tweet_eval__config=offensive, all splits",svd_rf,7,0,0.5408087690712488
tweeteval_offensive,"tweet_eval__config=offensive, all splits",svd_rf,8,0,0.5833268309430546
tweeteval_offensive,"tweet_eval__config=offensive, all splits",svd_rf,9,0,0.5993788819875776
tweeteval_offensive,"tweet_eval__config=offensive, all splits",svd_histgb,0,0,0.5337995337995338
tweeteval_offensive,"tweet_eval__config=offensive, all splits",svd_histgb,1,0,0.6047430830039526
tweeteval_offensive,"tweet_eval__config=offensive, all splits",svd_histgb,2,0,0.6224611708482676
tweeteval_offensive,"tweet_eval__config=offensive, all splits",svd_histgb,3,0,0.5726495726495726
tweeteval_offensive,"tweet_eval__config=offensive, all splits",svd_histgb,4,0,0.5479204339963833
tweeteval_offensive,"tweet_eval__config=offensive, all splits",svd_histgb,5,0,0.5654226143003629
tweeteval_offensive,"tweet_eval__config=offensive, all splits",svd_histgb,6,0,0.5696110734498904
tweeteval_offensive,"tweet_eval__config=offensive, all splits",svd_histgb,7,0,0.5482815057283142
tweeteval_offensive,"tweet_eval__config=offensive, all splits",svd_histgb,8,0,0.600659229208925
tweeteval_offensive,"tweet_eval__config=offensive, all splits",svd_histgb,9,0,0.5654226143003629
tweeteval_offensive,"tweet_eval__config=offensive, all splits",svd_knn,0,0,0.5401717287459635
tweeteval_offensive,"tweet_eval__config=offensive, all splits",svd_knn,1,0,0.5384681744331498
tweeteval_offensive,"tweet_eval__config=offensive, all splits",svd_knn,2,0,0.5745054173794798
tweeteval_offensive,"tweet_eval__config=offensive, all splits",svd_knn,3,0,0.5271686737769888
tweeteval_offensive,"tweet_eval__config=offensive, all splits",svd_knn,4,0,0.48447919786855004
tweeteval_offensive,"tweet_eval__config=offensive, all splits",svd_knn,5,0,0.5383501297447348
tweeteval_offensive,"tweet_eval__config=offensive, all splits",svd_knn,6,0,0.5543230662573042
tweeteval_offensive,"tweet_eval__config=offensive, all splits",svd_knn,7,0,0.575886545930743
tweeteval_offensive,"tweet_eval__config=offensive, all splits",svd_knn,8,0,0.5643484637172722
tweeteval_offensive,"tweet_eval__config=offensive, all splits",svd_knn,9,0,0.5876052465776963
tweeteval_offensive,"tweet_eval__config=offensive, all splits",minilm_lr,0,0,0.7350863422291993
tweeteval_offensive,"tweet_eval__config=offensive, all splits",minilm_lr,1,0,0.7292933130699089
tweeteval_offensive,"tweet_eval__config=offensive, all splits",minilm_lr,2,0,0.6879550655294362
tweeteval_offensive,"tweet_eval__config=offensive, all splits",minilm_lr,3,0,0.7027105800058292
tweeteval_offensive,"tweet_eval__config=offensive, all splits",minilm_lr,4,0,0.6923076923076923
tweeteval_offensive,"tweet_eval__config=offensive, all splits",minilm_lr,5,0,0.661000820734855
tweeteval_offensive,"tweet_eval__config=offensive, all splits",minilm_lr,6,0,0.6787428860199011
tweeteval_offensive,"tweet_eval__config=offensive, all splits",minilm_lr,7,0,0.6580547112462005
tweeteval_offensive,"tweet_eval__config=offensive, all splits",minilm_lr,8,0,0.6702686014201914
tweeteval_offensive,"tweet_eval__config=offensive, all splits",minilm_lr,9,0,0.6955551045260808
tweeteval_offensive,"tweet_eval__config=offensive, all splits",minilm_mlp,0,0,0.6904761904761905
tweeteval_offensive,"tweet_eval__config=offensive, all splits",minilm_mlp,1,0,0.7366246643255525
tweeteval_offensive,"tweet_eval__config=offensive, all splits",minilm_mlp,2,0,0.7103464256748928
tweeteval_offensive,"tweet_eval__config=offensive, all splits",minilm_mlp,3,0,0.6834011759384894
tweeteval_offensive,"tweet_eval__config=offensive, all splits",minilm_mlp,4,0,0.6972913472500688
tweeteval_offensive,"tweet_eval__config=offensive, all splits",minilm_mlp,5,0,0.7063492063492063
tweeteval_offensive,"tweet_eval__config=offensive, all splits",minilm_mlp,6,0,0.7103464256748928
tweeteval_offensive,"tweet_eval__config=offensive, all splits",minilm_mlp,7,0,0.648543585920443
tweeteval_offensive,"tweet_eval__config=offensive, all splits",minilm_mlp,8,0,0.6824003305102251
tweeteval_offensive,"tweet_eval__config=offensive, all splits",minilm_mlp,9,0,0.6948982350442204
tweeteval_offensive,"tweet_eval__config=offensive, all splits",hatebert_lr,0,0,0.6791680495630048
tweeteval_offensive,"tweet_eval__config=offensive, all splits",hatebert_lr,1,0,0.6925496925496926
tweeteval_offensive,"tweet_eval__config=offensive, all splits",hatebert_lr,2,0,0.6774388402295379
tweeteval_offensive,"tweet_eval__config=offensive, all splits",hatebert_lr,3,0,0.6279906632950788
tweeteval_offensive,"tweet_eval__config=offensive, all splits",hatebert_lr,4,0,0.630843455695123
tweeteval_offensive,"tweet_eval__config=offensive, all splits",hatebert_lr,5,0,0.6368604609355337
tweeteval_offensive,"tweet_eval__config=offensive, all splits",hatebert_lr,6,0,0.6901868485518037
tweeteval_offensive,"tweet_eval__config=offensive, all splits",hatebert_lr,7,0,0.6424996424996425
tweeteval_offensive,"tweet_eval__config=offensive, all splits",hatebert_lr,8,0,0.6462931522354273
tweeteval_offensive,"tweet_eval__config=offensive, all splits",hatebert_lr,9,0,0.6865434966994874
tweeteval_offensive,"tweet_eval__config=offensive, all splits",mbert_lr,0,0,0.6208855452280002
tweeteval_offensive,"tweet_eval__config=offensive, all splits",mbert_lr,1,0,0.6800057527055694
tweeteval_offensive,"tweet_eval__config=offensive, all splits",mbert_lr,2,0,0.6480395183698673
tweeteval_offensive,"tweet_eval__config=offensive, all splits",mbert_lr,3,0,0.6009060511271707
tweeteval_offensive,"tweet_eval__config=offensive, all splits",mbert_lr,4,0,0.5924495924495925
tweeteval_offensive,"tweet_eval__config=offensive, all splits",mbert_lr,5,0,0.6279717967190656
tweeteval_offensive,"tweet_eval__config=offensive, all splits",mbert_lr,6,0,0.661000820734855
tweeteval_offensive,"tweet_eval__config=offensive, all splits",mbert_lr,7,0,0.6310763888888888
tweeteval_offensive,"tweet_eval__config=offensive, all splits",mbert_lr,8,0,0.6658757445160041
tweeteval_offensive,"tweet_eval__config=offensive, all splits",mbert_lr,9,0,0.6701902748414377
ucb_hate_binary,measuring_hate_speech__comment-level majority (hatespeech ordinal mean thresholded),tfidf_word_lr,0,0,0.7622364186560353
ucb_hate_binary,measuring_hate_speech__comment-level majority (hatespeech ordinal mean thresholded),tfidf_word_lr,1,0,0.6923076923076923
ucb_hate_binary,measuring_hate_speech__comment-level majority (hatespeech ordinal mean thresholded),tfidf_word_lr,2,0,0.7789187556629417
ucb_hate_binary,measuring_hate_speech__comment-level majority (hatespeech ordinal mean thresholded),tfidf_word_lr,3,0,0.7354497354497354
ucb_hate_binary,measuring_hate_speech__comment-level majority (hatespeech ordinal mean thresholded),tfidf_word_lr,4,0,0.7798125398563367
ucb_hate_binary,measuring_hate_speech__comment-level majority (hatespeech ordinal mean thresholded),tfidf_word_lr,5,0,0.7234207323819006
ucb_hate_binary,measuring_hate_speech__comment-level majority (hatespeech ordinal mean thresholded),tfidf_word_lr,6,0,0.7716701902748414
ucb_hate_binary,measuring_hate_speech__comment-level majority (hatespeech ordinal mean thresholded),tfidf_word_lr,7,0,0.800531914893617
ucb_hate_binary,measuring_hate_speech__comment-level majority (hatespeech ordinal mean thresholded),tfidf_word_lr,8,0,0.757173059498641
ucb_hate_binary,measuring_hate_speech__comment-level majority (hatespeech ordinal mean thresholded),tfidf_word_lr,9,0,0.7916642145034664
ucb_hate_binary,measuring_hate_speech__comment-level majority (hatespeech ordinal mean thresholded),tfidf_char_svm,0,0,0.6876664568301777
ucb_hate_binary,measuring_hate_speech__comment-level majority (hatespeech ordinal mean thresholded),tfidf_char_svm,1,0,0.7079217325227963
ucb_hate_binary,measuring_hate_speech__comment-level majority (hatespeech ordinal mean thresholded),tfidf_char_svm,2,0,0.7528623789682303
ucb_hate_binary,measuring_hate_speech__comment-level majority (hatespeech ordinal mean thresholded),tfidf_char_svm,3,0,0.7170453324418868
ucb_hate_binary,measuring_hate_speech__comment-level majority (hatespeech ordinal mean thresholded),tfidf_char_svm,4,0,0.7662963362456405
ucb_hate_binary,measuring_hate_speech__comment-level majority (hatespeech ordinal mean thresholded),tfidf_char_svm,5,0,0.7568548236262298
ucb_hate_binary,measuring_hate_speech__comment-level majority (hatespeech ordinal mean thresholded),tfidf_char_svm,6,0,0.7550314616456122
ucb_hate_binary,measuring_hate_speech__comment-level majority (hatespeech ordinal mean thresholded),tfidf_char_svm,7,0,0.8012398845298376
ucb_hate_binary,measuring_hate_speech__comment-level majority (hatespeech ordinal mean thresholded),tfidf_char_svm,8,0,0.7351663743688133
ucb_hate_binary,measuring_hate_speech__comment-level majority (hatespeech ordinal mean thresholded),tfidf_char_svm,9,0,0.717978848413631
ucb_hate_binary,measuring_hate_speech__comment-level majority (hatespeech ordinal mean thresholded),tfidf_nb,0,0,0.71659256086962
ucb_hate_binary,measuring_hate_speech__comment-level majority (hatespeech ordinal mean thresholded),tfidf_nb,1,0,0.7059235401204313
ucb_hate_binary,measuring_hate_speech__comment-level majority (hatespeech ordinal mean thresholded),tfidf_nb,2,0,0.7530864197530864
ucb_hate_binary,measuring_hate_speech__comment-level majority (hatespeech ordinal mean thresholded),tfidf_nb,3,0,0.685
ucb_hate_binary,measuring_hate_speech__comment-level majority (hatespeech ordinal mean thresholded),tfidf_nb,4,0,0.744115288156739
ucb_hate_binary,measuring_hate_speech__comment-level majority (hatespeech ordinal mean thresholded),tfidf_nb,5,0,0.6883278790712171
ucb_hate_binary,measuring_hate_speech__comment-level majority (hatespeech ordinal mean thresholded),tfidf_nb,6,0,0.7543802194203373
ucb_hate_binary,measuring_hate_speech__comment-level majority (hatespeech ordinal mean thresholded),tfidf_nb,7,0,0.7645211930926217
ucb_hate_binary,measuring_hate_speech__comment-level majority (hatespeech ordinal mean thresholded),tfidf_nb,8,0,0.7330793618967657
ucb_hate_binary,measuring_hate_speech__comment-level majority (hatespeech ordinal mean thresholded),tfidf_nb,9,0,0.744365544921272
ucb_hate_binary,measuring_hate_speech__comment-level majority (hatespeech ordinal mean thresholded),svd_rf,0,0,0.7381716266548659
ucb_hate_binary,measuring_hate_speech__comment-level majority (hatespeech ordinal mean thresholded),svd_rf,1,0,0.6686974972391457
ucb_hate_binary,measuring_hate_speech__comment-level majority (hatespeech ordinal mean thresholded),svd_rf,2,0,0.765374017879703
ucb_hate_binary,measuring_hate_speech__comment-level majority (hatespeech ordinal mean thresholded),svd_rf,3,0,0.703943761498069
ucb_hate_binary,measuring_hate_speech__comment-level majority (hatespeech ordinal mean thresholded),svd_rf,4,0,0.7663199155736469
ucb_hate_binary,measuring_hate_speech__comment-level majority (hatespeech ordinal mean thresholded),svd_rf,5,0,0.6865434966994874
ucb_hate_binary,measuring_hate_speech__comment-level majority (hatespeech ordinal mean thresholded),svd_rf,6,0,0.7277276295133438
ucb_hate_binary,measuring_hate_speech__comment-level majority (hatespeech ordinal mean thresholded),svd_rf,7,0,0.757173059498641
ucb_hate_binary,measuring_hate_speech__comment-level majority (hatespeech ordinal mean thresholded),svd_rf,8,0,0.7116948400768813
ucb_hate_binary,measuring_hate_speech__comment-level majority (hatespeech ordinal mean thresholded),svd_rf,9,0,0.7789187556629417
ucb_hate_binary,measuring_hate_speech__comment-level majority (hatespeech ordinal mean thresholded),svd_histgb,0,0,0.7330793618967657
ucb_hate_binary,measuring_hate_speech__comment-level majority (hatespeech ordinal mean thresholded),svd_histgb,1,0,0.683490719635298
ucb_hate_binary,measuring_hate_speech__comment-level majority (hatespeech ordinal mean thresholded),svd_histgb,2,0,0.7505924979216041
ucb_hate_binary,measuring_hate_speech__comment-level majority (hatespeech ordinal mean thresholded),svd_histgb,3,0,0.7073170731707317
ucb_hate_binary,measuring_hate_speech__comment-level majority (hatespeech ordinal mean thresholded),svd_histgb,4,0,0.7575267730854718
ucb_hate_binary,measuring_hate_speech__comment-level majority (hatespeech ordinal mean thresholded),svd_histgb,5,0,0.7073170731707317
ucb_hate_binary,measuring_hate_speech__comment-level majority (hatespeech ordinal mean thresholded),svd_histgb,6,0,0.7517752392713801
ucb_hate_binary,measuring_hate_speech__comment-level majority (hatespeech ordinal mean thresholded),svd_histgb,7,0,0.74189204354169
ucb_hate_binary,measuring_hate_speech__comment-level majority (hatespeech ordinal mean thresholded),svd_histgb,8,0,0.7073170731707317
ucb_hate_binary,measuring_hate_speech__comment-level majority (hatespeech ordinal mean thresholded),svd_histgb,9,0,0.7203689167974883
ucb_hate_binary,measuring_hate_speech__comment-level majority (hatespeech ordinal mean thresholded),svd_knn,0,0,0.7014774974493331
ucb_hate_binary,measuring_hate_speech__comment-level majority (hatespeech ordinal mean thresholded),svd_knn,1,0,0.6695156695156695
ucb_hate_binary,measuring_hate_speech__comment-level majority (hatespeech ordinal mean thresholded),svd_knn,2,0,0.7119664833726106
ucb_hate_binary,measuring_hate_speech__comment-level majority (hatespeech ordinal mean thresholded),svd_knn,3,0,0.67
ucb_hate_binary,measuring_hate_speech__comment-level majority (hatespeech ordinal mean thresholded),svd_knn,4,0,0.745
ucb_hate_binary,measuring_hate_speech__comment-level majority (hatespeech ordinal mean thresholded),svd_knn,5,0,0.7073170731707317
ucb_hate_binary,measuring_hate_speech__comment-level majority (hatespeech ordinal mean thresholded),svd_knn,6,0,0.701477685456988
ucb_hate_binary,measuring_hate_speech__comment-level majority (hatespeech ordinal mean thresholded),svd_knn,7,0,0.732349537037037
ucb_hate_binary,measuring_hate_speech__comment-level majority (hatespeech ordinal mean thresholded),svd_knn,8,0,0.6909392431780492
ucb_hate_binary,measuring_hate_speech__comment-level majority (hatespeech ordinal mean thresholded),svd_knn,9,0,0.7385114522299162
ucb_hate_binary,measuring_hate_speech__comment-level majority (hatespeech ordinal mean thresholded),minilm_lr,0,0,0.7245179063360881
ucb_hate_binary,measuring_hate_speech__comment-level majority (hatespeech ordinal mean thresholded),minilm_lr,1,0,0.7038777908343126
ucb_hate_binary,measuring_hate_speech__comment-level majority (hatespeech ordinal mean thresholded),minilm_lr,2,0,0.7758161692587922
ucb_hate_binary,measuring_hate_speech__comment-level majority (hatespeech ordinal mean thresholded),minilm_lr,3,0,0.7069174543014867
ucb_hate_binary,measuring_hate_speech__comment-level majority (hatespeech ordinal mean thresholded),minilm_lr,4,0,0.7569444444444444
ucb_hate_binary,measuring_hate_speech__comment-level majority (hatespeech ordinal mean thresholded),minilm_lr,5,0,0.6827262044653349
ucb_hate_binary,measuring_hate_speech__comment-level majority (hatespeech ordinal mean thresholded),minilm_lr,6,0,0.7275079045702788
ucb_hate_binary,measuring_hate_speech__comment-level majority (hatespeech ordinal mean thresholded),minilm_lr,7,0,0.7562560935976601
ucb_hate_binary,measuring_hate_speech__comment-level majority (hatespeech ordinal mean thresholded),minilm_lr,8,0,0.744428071468042
ucb_hate_binary,measuring_hate_speech__comment-level majority (hatespeech ordinal mean thresholded),minilm_lr,9,0,0.7610486550452871
ucb_hate_binary,measuring_hate_speech__comment-level majority (hatespeech ordinal mean thresholded),minilm_mlp,0,0,0.7561596972012956
ucb_hate_binary,measuring_hate_speech__comment-level majority (hatespeech ordinal mean thresholded),minilm_mlp,1,0,0.7106481481481481
ucb_hate_binary,measuring_hate_speech__comment-level majority (hatespeech ordinal mean thresholded),minilm_mlp,2,0,0.7644216248867413
ucb_hate_binary,measuring_hate_speech__comment-level majority (hatespeech ordinal mean thresholded),minilm_mlp,3,0,0.7462560326384398
ucb_hate_binary,measuring_hate_speech__comment-level majority (hatespeech ordinal mean thresholded),minilm_mlp,4,0,0.7640497640497641
ucb_hate_binary,measuring_hate_speech__comment-level majority (hatespeech ordinal mean thresholded),minilm_mlp,5,0,0.6835753532182104
ucb_hate_binary,measuring_hate_speech__comment-level majority (hatespeech ordinal mean thresholded),minilm_mlp,6,0,0.7789187556629417
ucb_hate_binary,measuring_hate_speech__comment-level majority (hatespeech ordinal mean thresholded),minilm_mlp,7,0,0.7671891975787677
ucb_hate_binary,measuring_hate_speech__comment-level majority (hatespeech ordinal mean thresholded),minilm_mlp,8,0,0.7461809635722679
ucb_hate_binary,measuring_hate_speech__comment-level majority (hatespeech ordinal mean thresholded),minilm_mlp,9,0,0.7993876042656531
ucb_hate_binary,measuring_hate_speech__comment-level majority (hatespeech ordinal mean thresholded),hatebert_lr,0,0,0.7345874464518531
ucb_hate_binary,measuring_hate_speech__comment-level majority (hatespeech ordinal mean thresholded),hatebert_lr,1,0,0.7306907607111629
ucb_hate_binary,measuring_hate_speech__comment-level majority (hatespeech ordinal mean thresholded),hatebert_lr,2,0,0.7022023177432014
ucb_hate_binary,measuring_hate_speech__comment-level majority (hatespeech ordinal mean thresholded),hatebert_lr,3,0,0.6737261872741519
ucb_hate_binary,measuring_hate_speech__comment-level majority (hatespeech ordinal mean thresholded),hatebert_lr,4,0,0.7139796843183182
ucb_hate_binary,measuring_hate_speech__comment-level majority (hatespeech ordinal mean thresholded),hatebert_lr,5,0,0.7373527045572855
ucb_hate_binary,measuring_hate_speech__comment-level majority (hatespeech ordinal mean thresholded),hatebert_lr,6,0,0.7497497497497497
ucb_hate_binary,measuring_hate_speech__comment-level majority (hatespeech ordinal mean thresholded),hatebert_lr,7,0,0.7368750783109885
ucb_hate_binary,measuring_hate_speech__comment-level majority (hatespeech ordinal mean thresholded),hatebert_lr,8,0,0.7281041443519816
ucb_hate_binary,measuring_hate_speech__comment-level majority (hatespeech ordinal mean thresholded),hatebert_lr,9,0,0.6905388333198113
ucb_hate_binary,measuring_hate_speech__comment-level majority (hatespeech ordinal mean thresholded),mbert_lr,0,0,0.6897767332549941
ucb_hate_binary,measuring_hate_speech__comment-level majority (hatespeech ordinal mean thresholded),mbert_lr,1,0,0.6670442453574984
ucb_hate_binary,measuring_hate_speech__comment-level majority (hatespeech ordinal mean thresholded),mbert_lr,2,0,0.6983321582542563
ucb_hate_binary,measuring_hate_speech__comment-level majority (hatespeech ordinal mean thresholded),mbert_lr,3,0,0.6960766255295634
ucb_hate_binary,measuring_hate_speech__comment-level majority (hatespeech ordinal mean thresholded),mbert_lr,4,0,0.6935790890942012
ucb_hate_binary,measuring_hate_speech__comment-level majority (hatespeech ordinal mean thresholded),mbert_lr,5,0,0.6947761106758195
ucb_hate_binary,measuring_hate_speech__comment-level majority (hatespeech ordinal mean thresholded),mbert_lr,6,0,0.7415719873346991
ucb_hate_binary,measuring_hate_speech__comment-level majority (hatespeech ordinal mean thresholded),mbert_lr,7,0,0.7008023935808514
ucb_hate_binary,measuring_hate_speech__comment-level majority (hatespeech ordinal mean thresholded),mbert_lr,8,0,0.7078801956850738
ucb_hate_binary,measuring_hate_speech__comment-level majority (hatespeech ordinal mean thresholded),mbert_lr,9,0,0.6975806451612903
ucb_target_identity_5way,"measuring_hate_speech__comments with exactly one majority-flagged target category (race/religion/origin/gender/sexuality; age/disability/politics dropped, too rare)",tfidf_word_lr,0,0,0.7484411695722072
ucb_target_identity_5way,"measuring_hate_speech__comments with exactly one majority-flagged target category (race/religion/origin/gender/sexuality; age/disability/politics dropped, too rare)",tfidf_word_lr,1,0,0.7608797127687683
ucb_target_identity_5way,"measuring_hate_speech__comments with exactly one majority-flagged target category (race/religion/origin/gender/sexuality; age/disability/politics dropped, too rare)",tfidf_word_lr,2,0,0.7215549836215032
ucb_target_identity_5way,"measuring_hate_speech__comments with exactly one majority-flagged target category (race/religion/origin/gender/sexuality; age/disability/politics dropped, too rare)",tfidf_word_lr,3,0,0.7646283393500336
ucb_target_identity_5way,"measuring_hate_speech__comments with exactly one majority-flagged target category (race/religion/origin/gender/sexuality; age/disability/politics dropped, too rare)",tfidf_word_lr,4,0,0.7680411806143809
ucb_target_identity_5way,"measuring_hate_speech__comments with exactly one majority-flagged target category (race/religion/origin/gender/sexuality; age/disability/politics dropped, too rare)",tfidf_word_lr,5,0,0.7547268357979205
ucb_target_identity_5way,"measuring_hate_speech__comments with exactly one majority-flagged target category (race/religion/origin/gender/sexuality; age/disability/politics dropped, too rare)",tfidf_word_lr,6,0,0.7753450702547351
ucb_target_identity_5way,"measuring_hate_speech__comments with exactly one majority-flagged target category (race/religion/origin/gender/sexuality; age/disability/politics dropped, too rare)",tfidf_word_lr,7,0,0.792573594340771
ucb_target_identity_5way,"measuring_hate_speech__comments with exactly one majority-flagged target category (race/religion/origin/gender/sexuality; age/disability/politics dropped, too rare)",tfidf_word_lr,8,0,0.7456443310472346
ucb_target_identity_5way,"measuring_hate_speech__comments with exactly one majority-flagged target category (race/religion/origin/gender/sexuality; age/disability/politics dropped, too rare)",tfidf_word_lr,9,0,0.7975979748357739
ucb_target_identity_5way,"measuring_hate_speech__comments with exactly one majority-flagged target category (race/religion/origin/gender/sexuality; age/disability/politics dropped, too rare)",tfidf_char_svm,0,0,0.8420646967908517
ucb_target_identity_5way,"measuring_hate_speech__comments with exactly one majority-flagged target category (race/religion/origin/gender/sexuality; age/disability/politics dropped, too rare)",tfidf_char_svm,1,0,0.8500221559496147
ucb_target_identity_5way,"measuring_hate_speech__comments with exactly one majority-flagged target category (race/religion/origin/gender/sexuality; age/disability/politics dropped, too rare)",tfidf_char_svm,2,0,0.8103846102849384
ucb_target_identity_5way,"measuring_hate_speech__comments with exactly one majority-flagged target category (race/religion/origin/gender/sexuality; age/disability/politics dropped, too rare)",tfidf_char_svm,3,0,0.8306341700342375
ucb_target_identity_5way,"measuring_hate_speech__comments with exactly one majority-flagged target category (race/religion/origin/gender/sexuality; age/disability/politics dropped, too rare)",tfidf_char_svm,4,0,0.8020210993407273
ucb_target_identity_5way,"measuring_hate_speech__comments with exactly one majority-flagged target category (race/religion/origin/gender/sexuality; age/disability/politics dropped, too rare)",tfidf_char_svm,5,0,0.8276919408774532
ucb_target_identity_5way,"measuring_hate_speech__comments with exactly one majority-flagged target category (race/religion/origin/gender/sexuality; age/disability/politics dropped, too rare)",tfidf_char_svm,6,0,0.8514173752872984
ucb_target_identity_5way,"measuring_hate_speech__comments with exactly one majority-flagged target category (race/religion/origin/gender/sexuality; age/disability/politics dropped, too rare)",tfidf_char_svm,7,0,0.8092761427384243
ucb_target_identity_5way,"measuring_hate_speech__comments with exactly one majority-flagged target category (race/religion/origin/gender/sexuality; age/disability/politics dropped, too rare)",tfidf_char_svm,8,0,0.8302892881290447
ucb_target_identity_5way,"measuring_hate_speech__comments with exactly one majority-flagged target category (race/religion/origin/gender/sexuality; age/disability/politics dropped, too rare)",tfidf_char_svm,9,0,0.8457927766844456
ucb_target_identity_5way,"measuring_hate_speech__comments with exactly one majority-flagged target category (race/religion/origin/gender/sexuality; age/disability/politics dropped, too rare)",tfidf_nb,0,0,0.7490179591562702
ucb_target_identity_5way,"measuring_hate_speech__comments with exactly one majority-flagged target category (race/religion/origin/gender/sexuality; age/disability/politics dropped, too rare)",tfidf_nb,1,0,0.7885195323981755
ucb_target_identity_5way,"measuring_hate_speech__comments with exactly one majority-flagged target category (race/religion/origin/gender/sexuality; age/disability/politics dropped, too rare)",tfidf_nb,2,0,0.7442163079325146
ucb_target_identity_5way,"measuring_hate_speech__comments with exactly one majority-flagged target category (race/religion/origin/gender/sexuality; age/disability/politics dropped, too rare)",tfidf_nb,3,0,0.7683628369779012
ucb_target_identity_5way,"measuring_hate_speech__comments with exactly one majority-flagged target category (race/religion/origin/gender/sexuality; age/disability/politics dropped, too rare)",tfidf_nb,4,0,0.7555444983771382
ucb_target_identity_5way,"measuring_hate_speech__comments with exactly one majority-flagged target category (race/religion/origin/gender/sexuality; age/disability/politics dropped, too rare)",tfidf_nb,5,0,0.7622893009530307
ucb_target_identity_5way,"measuring_hate_speech__comments with exactly one majority-flagged target category (race/religion/origin/gender/sexuality; age/disability/politics dropped, too rare)",tfidf_nb,6,0,0.7386432392522957
ucb_target_identity_5way,"measuring_hate_speech__comments with exactly one majority-flagged target category (race/religion/origin/gender/sexuality; age/disability/politics dropped, too rare)",tfidf_nb,7,0,0.7606619501356343
ucb_target_identity_5way,"measuring_hate_speech__comments with exactly one majority-flagged target category (race/religion/origin/gender/sexuality; age/disability/politics dropped, too rare)",tfidf_nb,8,0,0.7992376897580243
ucb_target_identity_5way,"measuring_hate_speech__comments with exactly one majority-flagged target category (race/religion/origin/gender/sexuality; age/disability/politics dropped, too rare)",tfidf_nb,9,0,0.7854701021758592
ucb_target_identity_5way,"measuring_hate_speech__comments with exactly one majority-flagged target category (race/religion/origin/gender/sexuality; age/disability/politics dropped, too rare)",svd_rf,0,0,0.5711989024146051
ucb_target_identity_5way,"measuring_hate_speech__comments with exactly one majority-flagged target category (race/religion/origin/gender/sexuality; age/disability/politics dropped, too rare)",svd_rf,1,0,0.5959918509757038
ucb_target_identity_5way,"measuring_hate_speech__comments with exactly one majority-flagged target category (race/religion/origin/gender/sexuality; age/disability/politics dropped, too rare)",svd_rf,2,0,0.5744503357696331
ucb_target_identity_5way,"measuring_hate_speech__comments with exactly one majority-flagged target category (race/religion/origin/gender/sexuality; age/disability/politics dropped, too rare)",svd_rf,3,0,0.58848012520547
ucb_target_identity_5way,"measuring_hate_speech__comments with exactly one majority-flagged target category (race/religion/origin/gender/sexuality; age/disability/politics dropped, too rare)",svd_rf,4,0,0.6202017626945716
ucb_target_identity_5way,"measuring_hate_speech__comments with exactly one majority-flagged target category (race/religion/origin/gender/sexuality; age/disability/politics dropped, too rare)",svd_rf,5,0,0.573165252862659
ucb_target_identity_5way,"measuring_hate_speech__comments with exactly one majority-flagged target category (race/religion/origin/gender/sexuality; age/disability/politics dropped, too rare)",svd_rf,6,0,0.577657862867562
ucb_target_identity_5way,"measuring_hate_speech__comments with exactly one majority-flagged target category (race/religion/origin/gender/sexuality; age/disability/politics dropped, too rare)",svd_rf,7,0,0.6313380147713065
ucb_target_identity_5way,"measuring_hate_speech__comments with exactly one majority-flagged target category (race/religion/origin/gender/sexuality; age/disability/politics dropped, too rare)",svd_rf,8,0,0.5597137952718964
ucb_target_identity_5way,"measuring_hate_speech__comments with exactly one majority-flagged target category (race/religion/origin/gender/sexuality; age/disability/politics dropped, too rare)",svd_rf,9,0,0.5480265709740568
ucb_target_identity_5way,"measuring_hate_speech__comments with exactly one majority-flagged target category (race/religion/origin/gender/sexuality; age/disability/politics dropped, too rare)",svd_histgb,0,0,0.627658922937404
ucb_target_identity_5way,"measuring_hate_speech__comments with exactly one majority-flagged target category (race/religion/origin/gender/sexuality; age/disability/politics dropped, too rare)",svd_histgb,1,0,0.6094729334175103
ucb_target_identity_5way,"measuring_hate_speech__comments with exactly one majority-flagged target category (race/religion/origin/gender/sexuality; age/disability/politics dropped, too rare)",svd_histgb,2,0,0.5947709742862894
ucb_target_identity_5way,"measuring_hate_speech__comments with exactly one majority-flagged target category (race/religion/origin/gender/sexuality; age/disability/politics dropped, too rare)",svd_histgb,3,0,0.615702178111633
ucb_target_identity_5way,"measuring_hate_speech__comments with exactly one majority-flagged target category (race/religion/origin/gender/sexuality; age/disability/politics dropped, too rare)",svd_histgb,4,0,0.6614929313111132
ucb_target_identity_5way,"measuring_hate_speech__comments with exactly one majority-flagged target category (race/religion/origin/gender/sexuality; age/disability/politics dropped, too rare)",svd_histgb,5,0,0.6189997190731227
ucb_target_identity_5way,"measuring_hate_speech__comments with exactly one majority-flagged target category (race/religion/origin/gender/sexuality; age/disability/politics dropped, too rare)",svd_histgb,6,0,0.6136379149326718
ucb_target_identity_5way,"measuring_hate_speech__comments with exactly one majority-flagged target category (race/religion/origin/gender/sexuality; age/disability/politics dropped, too rare)",svd_histgb,7,0,0.6254554679758451
ucb_target_identity_5way,"measuring_hate_speech__comments with exactly one majority-flagged target category (race/religion/origin/gender/sexuality; age/disability/politics dropped, too rare)",svd_histgb,8,0,0.6009226796131558
ucb_target_identity_5way,"measuring_hate_speech__comments with exactly one majority-flagged target category (race/religion/origin/gender/sexuality; age/disability/politics dropped, too rare)",svd_histgb,9,0,0.573804205550309
ucb_target_identity_5way,"measuring_hate_speech__comments with exactly one majority-flagged target category (race/religion/origin/gender/sexuality; age/disability/politics dropped, too rare)",svd_knn,0,0,0.5361327481744411
ucb_target_identity_5way,"measuring_hate_speech__comments with exactly one majority-flagged target category (race/religion/origin/gender/sexuality; age/disability/politics dropped, too rare)",svd_knn,1,0,0.5270766339099044
ucb_target_identity_5way,"measuring_hate_speech__comments with exactly one majority-flagged target category (race/religion/origin/gender/sexuality; age/disability/politics dropped, too rare)",svd_knn,2,0,0.4650355225124301
ucb_target_identity_5way,"measuring_hate_speech__comments with exactly one majority-flagged target category (race/religion/origin/gender/sexuality; age/disability/politics dropped, too rare)",svd_knn,3,0,0.5315818266589172
ucb_target_identity_5way,"measuring_hate_speech__comments with exactly one majority-flagged target category (race/religion/origin/gender/sexuality; age/disability/politics dropped, too rare)",svd_knn,4,0,0.5404461653461959
ucb_target_identity_5way,"measuring_hate_speech__comments with exactly one majority-flagged target category (race/religion/origin/gender/sexuality; age/disability/politics dropped, too rare)",svd_knn,5,0,0.5447745144223219
ucb_target_identity_5way,"measuring_hate_speech__comments with exactly one majority-flagged target category (race/religion/origin/gender/sexuality; age/disability/politics dropped, too rare)",svd_knn,6,0,0.5566779225158325
ucb_target_identity_5way,"measuring_hate_speech__comments with exactly one majority-flagged target category (race/religion/origin/gender/sexuality; age/disability/politics dropped, too rare)",svd_knn,7,0,0.5531778230204822
ucb_target_identity_5way,"measuring_hate_speech__comments with exactly one majority-flagged target category (race/religion/origin/gender/sexuality; age/disability/politics dropped, too rare)",svd_knn,8,0,0.5332457105477122
ucb_target_identity_5way,"measuring_hate_speech__comments with exactly one majority-flagged target category (race/religion/origin/gender/sexuality; age/disability/politics dropped, too rare)",svd_knn,9,0,0.509282676552041
ucb_target_identity_5way,"measuring_hate_speech__comments with exactly one majority-flagged target category (race/religion/origin/gender/sexuality; age/disability/politics dropped, too rare)",minilm_lr,0,0,0.7827669026527618
ucb_target_identity_5way,"measuring_hate_speech__comments with exactly one majority-flagged target category (race/religion/origin/gender/sexuality; age/disability/politics dropped, too rare)",minilm_lr,1,0,0.7956188141934746
ucb_target_identity_5way,"measuring_hate_speech__comments with exactly one majority-flagged target category (race/religion/origin/gender/sexuality; age/disability/politics dropped, too rare)",minilm_lr,2,0,0.7676446399214214
ucb_target_identity_5way,"measuring_hate_speech__comments with exactly one majority-flagged target category (race/religion/origin/gender/sexuality; age/disability/politics dropped, too rare)",minilm_lr,3,0,0.8030017421602788
ucb_target_identity_5way,"measuring_hate_speech__comments with exactly one majority-flagged target category (race/religion/origin/gender/sexuality; age/disability/politics dropped, too rare)",minilm_lr,4,0,0.7457058689943217
ucb_target_identity_5way,"measuring_hate_speech__comments with exactly one majority-flagged target category (race/religion/origin/gender/sexuality; age/disability/politics dropped, too rare)",minilm_lr,5,0,0.792177452329508
ucb_target_identity_5way,"measuring_hate_speech__comments with exactly one majority-flagged target category (race/religion/origin/gender/sexuality; age/disability/politics dropped, too rare)",minilm_lr,6,0,0.7778016088128901
ucb_target_identity_5way,"measuring_hate_speech__comments with exactly one majority-flagged target category (race/religion/origin/gender/sexuality; age/disability/politics dropped, too rare)",minilm_lr,7,0,0.814444080572029
ucb_target_identity_5way,"measuring_hate_speech__comments with exactly one majority-flagged target category (race/religion/origin/gender/sexuality; age/disability/politics dropped, too rare)",minilm_lr,8,0,0.7547939914788928
ucb_target_identity_5way,"measuring_hate_speech__comments with exactly one majority-flagged target category (race/religion/origin/gender/sexuality; age/disability/politics dropped, too rare)",minilm_lr,9,0,0.748900625993119
ucb_target_identity_5way,"measuring_hate_speech__comments with exactly one majority-flagged target category (race/religion/origin/gender/sexuality; age/disability/politics dropped, too rare)",minilm_mlp,0,0,0.8451140578552565
ucb_target_identity_5way,"measuring_hate_speech__comments with exactly one majority-flagged target category (race/religion/origin/gender/sexuality; age/disability/politics dropped, too rare)",minilm_mlp,1,0,0.859277250337302
ucb_target_identity_5way,"measuring_hate_speech__comments with exactly one majority-flagged target category (race/religion/origin/gender/sexuality; age/disability/politics dropped, too rare)",minilm_mlp,2,0,0.820969334325568
ucb_target_identity_5way,"measuring_hate_speech__comments with exactly one majority-flagged target category (race/religion/origin/gender/sexuality; age/disability/politics dropped, too rare)",minilm_mlp,3,0,0.8312119961551169
ucb_target_identity_5way,"measuring_hate_speech__comments with exactly one majority-flagged target category (race/religion/origin/gender/sexuality; age/disability/politics dropped, too rare)",minilm_mlp,4,0,0.816912085944713
ucb_target_identity_5way,"measuring_hate_speech__comments with exactly one majority-flagged target category (race/religion/origin/gender/sexuality; age/disability/politics dropped, too rare)",minilm_mlp,5,0,0.8289896042310044
ucb_target_identity_5way,"measuring_hate_speech__comments with exactly one majority-flagged target category (race/religion/origin/gender/sexuality; age/disability/politics dropped, too rare)",minilm_mlp,6,0,0.8372755760240951
ucb_target_identity_5way,"measuring_hate_speech__comments with exactly one majority-flagged target category (race/religion/origin/gender/sexuality; age/disability/politics dropped, too rare)",minilm_mlp,7,0,0.8717386429221265
ucb_target_identity_5way,"measuring_hate_speech__comments with exactly one majority-flagged target category (race/religion/origin/gender/sexuality; age/disability/politics dropped, too rare)",minilm_mlp,8,0,0.79970951034527
ucb_target_identity_5way,"measuring_hate_speech__comments with exactly one majority-flagged target category (race/religion/origin/gender/sexuality; age/disability/politics dropped, too rare)",minilm_mlp,9,0,0.8469023263103261
ucb_target_identity_5way,"measuring_hate_speech__comments with exactly one majority-flagged target category (race/religion/origin/gender/sexuality; age/disability/politics dropped, too rare)",hatebert_lr,0,0,0.7477174860607191
ucb_target_identity_5way,"measuring_hate_speech__comments with exactly one majority-flagged target category (race/religion/origin/gender/sexuality; age/disability/politics dropped, too rare)",hatebert_lr,1,0,0.7476269199555141
ucb_target_identity_5way,"measuring_hate_speech__comments with exactly one majority-flagged target category (race/religion/origin/gender/sexuality; age/disability/politics dropped, too rare)",hatebert_lr,2,0,0.6862148539095698
ucb_target_identity_5way,"measuring_hate_speech__comments with exactly one majority-flagged target category (race/religion/origin/gender/sexuality; age/disability/politics dropped, too rare)",hatebert_lr,3,0,0.7356690534473048
ucb_target_identity_5way,"measuring_hate_speech__comments with exactly one majority-flagged target category (race/religion/origin/gender/sexuality; age/disability/politics dropped, too rare)",hatebert_lr,4,0,0.755795248636041
ucb_target_identity_5way,"measuring_hate_speech__comments with exactly one majority-flagged target category (race/religion/origin/gender/sexuality; age/disability/politics dropped, too rare)",hatebert_lr,5,0,0.7795339893267355
ucb_target_identity_5way,"measuring_hate_speech__comments with exactly one majority-flagged target category (race/religion/origin/gender/sexuality; age/disability/politics dropped, too rare)",hatebert_lr,6,0,0.7021709991868329
ucb_target_identity_5way,"measuring_hate_speech__comments with exactly one majority-flagged target category (race/religion/origin/gender/sexuality; age/disability/politics dropped, too rare)",hatebert_lr,7,0,0.720549708627608
ucb_target_identity_5way,"measuring_hate_speech__comments with exactly one majority-flagged target category (race/religion/origin/gender/sexuality; age/disability/politics dropped, too rare)",hatebert_lr,8,0,0.7302583488080827
ucb_target_identity_5way,"measuring_hate_speech__comments with exactly one majority-flagged target category (race/religion/origin/gender/sexuality; age/disability/politics dropped, too rare)",hatebert_lr,9,0,0.7309418788556055
ucb_target_identity_5way,"measuring_hate_speech__comments with exactly one majority-flagged target category (race/religion/origin/gender/sexuality; age/disability/politics dropped, too rare)",mbert_lr,0,0,0.6554332134031383
ucb_target_identity_5way,"measuring_hate_speech__comments with exactly one majority-flagged target category (race/religion/origin/gender/sexuality; age/disability/politics dropped, too rare)",mbert_lr,1,0,0.6718893572631001
ucb_target_identity_5way,"measuring_hate_speech__comments with exactly one majority-flagged target category (race/religion/origin/gender/sexuality; age/disability/politics dropped, too rare)",mbert_lr,2,0,0.6380645489261443
ucb_target_identity_5way,"measuring_hate_speech__comments with exactly one majority-flagged target category (race/religion/origin/gender/sexuality; age/disability/politics dropped, too rare)",mbert_lr,3,0,0.651683977530039
ucb_target_identity_5way,"measuring_hate_speech__comments with exactly one majority-flagged target category (race/religion/origin/gender/sexuality; age/disability/politics dropped, too rare)",mbert_lr,4,0,0.6904828393294087
ucb_target_identity_5way,"measuring_hate_speech__comments with exactly one majority-flagged target category (race/religion/origin/gender/sexuality; age/disability/politics dropped, too rare)",mbert_lr,5,0,0.6263421240338664
ucb_target_identity_5way,"measuring_hate_speech__comments with exactly one majority-flagged target category (race/religion/origin/gender/sexuality; age/disability/politics dropped, too rare)",mbert_lr,6,0,0.6242447404050959
ucb_target_identity_5way,"measuring_hate_speech__comments with exactly one majority-flagged target category (race/religion/origin/gender/sexuality; age/disability/politics dropped, too rare)",mbert_lr,7,0,0.6792774129927135
ucb_target_identity_5way,"measuring_hate_speech__comments with exactly one majority-flagged target category (race/religion/origin/gender/sexuality; age/disability/politics dropped, too rare)",mbert_lr,8,0,0.6293314390289744
ucb_target_identity_5way,"measuring_hate_speech__comments with exactly one majority-flagged target category (race/religion/origin/gender/sexuality; age/disability/politics dropped, too rare)",mbert_lr,9,0,0.6243526067143276
